Timestamp,Actual_Demand_kW,XGB_Predicted_Demand_kW,LGB_Predicted_Demand_kW,Best_Predicted_Demand_kW
2026-06-20 05:00:00,43.90772232780242,40.100433,40.411843803039574,40.100433
2026-06-20 05:15:00,30.98617515894945,39.76841,38.747102748452015,39.76841
2026-06-20 05:30:00,33.08643640453404,40.57957,40.11099241662098,40.57957
2026-06-20 05:45:00,36.00642932214282,40.724426,40.11093757687029,40.724426
2026-06-20 06:00:00,46.84973104307208,40.126354,40.35627334036758,40.126354
2026-06-20 06:15:00,57.18922030272294,40.995884,40.87614413015154,40.995884
2026-06-20 06:30:00,35.33633345680525,39.62049,40.525757582903566,39.62049
2026-06-20 06:45:00,38.049140520244414,41.090336,41.35227661088251,41.090336
2026-06-20 07:00:00,25.0,42.95105,41.781771740895444,42.95105
2026-06-20 07:15:00,52.97638987261046,39.99546,41.78589436929806,39.99546
2026-06-20 07:30:00,38.78470980858648,41.06786,41.249759869923764,41.06786
2026-06-20 07:45:00,30.32623137170796,40.92,40.93170595434121,40.92
2026-06-20 08:00:00,31.6595498619386,38.136673,39.80032496230401,38.136673
2026-06-20 08:15:00,52.83268569056784,42.5847,42.262145306348344,42.5847
2026-06-20 08:30:00,29.99379266620156,39.813217,39.899896647281565,39.813217
2026-06-20 08:45:00,51.50822279245197,41.20111,40.35013265114068,41.20111
2026-06-20 09:00:00,39.559538498384576,42.270523,42.80668874393486,42.270523
2026-06-20 09:15:00,48.25910065178994,41.670227,41.81403247187693,41.670227
2026-06-20 09:30:00,27.7891033650279,40.44555,40.33986088373502,40.44555
2026-06-20 09:45:00,37.48221013929545,38.64994,39.84156262417758,38.64994
2026-06-20 10:00:00,36.995279861617206,38.60433,39.83625818937193,38.60433
2026-06-20 10:15:00,27.36943800103395,42.47637,39.980117630898896,42.47637
2026-06-20 10:30:00,47.47531530062828,39.994087,39.832170456280366,39.994087
2026-06-20 10:45:00,51.33643295325044,41.889282,40.40468694442187,41.889282
2026-06-20 11:00:00,57.81523947529117,40.4789,41.65502112524387,40.4789
2026-06-20 11:15:00,31.755491005486792,41.013706,40.22724070712687,41.013706
2026-06-20 11:30:00,37.67688377925105,37.740376,39.50379242649058,37.740376
2026-06-20 11:45:00,44.85427197825064,39.596214,40.63751335400019,39.596214
2026-06-20 12:00:00,31.75706805764367,39.320488,39.643450003509614,39.320488
2026-06-20 12:15:00,37.60975991944752,40.348007,40.79939935447353,40.348007
2026-06-20 12:30:00,51.449307722394224,41.249474,41.36281709972985,41.249474
2026-06-20 12:45:00,30.08955577833416,41.44028,40.74812253734104,41.44028
2026-06-20 13:00:00,34.517303136309735,42.311733,42.285393445195815,42.311733
2026-06-20 13:15:00,41.82089385751711,43.035572,43.77758204822902,43.035572
2026-06-20 13:30:00,33.47690132122318,38.689453,39.70064962746621,38.689453
2026-06-20 13:45:00,31.424658273475227,39.17923,40.10611540764004,39.17923
2026-06-20 14:00:00,42.955860053890206,42.01118,41.685351712065945,42.01118
2026-06-20 14:15:00,37.193301249299786,42.24846,41.578364486884844,42.24846
2026-06-20 14:30:00,32.70967441710953,41.565308,41.69526977596507,41.565308
2026-06-20 14:45:00,40.0498909290621,39.728073,40.72822450173341,39.728073
2026-06-20 15:00:00,39.36082128615597,41.966236,41.210187211165874,41.966236
2026-06-20 15:15:00,35.99359402370108,43.76872,43.44608247790087,43.76872
2026-06-20 15:30:00,64.34978535491862,42.087883,41.68332745047881,42.087883
2026-06-20 15:45:00,53.38564550016196,42.012363,41.732281050020305,42.012363
2026-06-20 16:00:00,30.243827595819788,41.581,41.45886426066041,41.581
2026-06-20 16:15:00,42.537232719789785,40.70547,40.90076088407098,40.70547
2026-06-20 16:30:00,38.66252276948902,38.692104,40.079810695672805,38.692104
2026-06-20 16:45:00,29.945714788461977,39.92376,40.716114354886926,39.92376
2026-06-20 17:00:00,36.71598172244919,41.50799,41.741765941388536,41.50799
2026-06-20 17:15:00,34.590131621498315,42.24947,41.46755214792297,42.24947
2026-06-20 17:30:00,54.74067162986469,42.575172,41.09112940043175,42.575172
2026-06-20 17:45:00,39.89870361510638,41.12865,41.1562364800687,41.12865
2026-06-20 18:00:00,35.1034911448118,40.3933,40.89437614315194,40.3933
2026-06-20 18:15:00,43.01032370005282,39.91858,40.89375694843958,39.91858
2026-06-20 18:30:00,39.95528324205289,39.992798,41.14715248776629,39.992798
2026-06-20 18:45:00,27.29439720695465,40.58538,41.42961953312166,40.58538
2026-06-20 19:00:00,49.90148543524531,41.193348,41.37898348515403,41.193348
2026-06-20 19:15:00,53.75519302958877,40.32784,40.594794463480035,40.32784
2026-06-20 19:30:00,40.5807472296281,41.509197,41.695493626378806,41.509197
2026-06-20 19:45:00,44.3502325647629,41.071884,42.264190596941745,41.071884
2026-06-20 20:00:00,50.33066816305319,43.485237,42.68738141321683,43.485237
2026-06-20 20:15:00,50.35203246418363,41.87061,40.84507346652704,41.87061
2026-06-20 20:30:00,44.01816878754454,42.24498,42.97678929900905,42.24498
2026-06-20 20:45:00,44.78483159818059,41.872112,43.08925735545995,41.872112
2026-06-20 21:00:00,42.70054569490691,41.508587,41.369803381761926,41.508587
2026-06-20 21:15:00,38.818718455284326,44.05944,41.48112884738309,44.05944
2026-06-20 21:30:00,45.4068295297714,41.347816,41.43164125119643,41.347816
2026-06-20 21:45:00,29.80623866779643,40.06166,40.89774044516273,40.06166
2026-06-20 22:00:00,34.29415822643534,41.036488,41.29166851814061,41.036488
2026-06-20 22:15:00,25.288331020895665,41.99979,41.96705997152958,41.99979
2026-06-20 22:30:00,27.17950218145367,40.655716,41.346078307448046,40.655716
2026-06-20 22:45:00,39.01884473245289,41.198444,41.78135126949408,41.198444
2026-06-20 23:00:00,40.76317596804729,42.375584,41.33326377374842,42.375584
2026-06-20 23:15:00,56.61232966176382,41.599796,42.29332157909159,41.599796
2026-06-20 23:30:00,48.53435592736195,41.07254,41.04604953411114,41.07254
2026-06-20 23:45:00,47.713409814780746,42.212555,41.92999669487303,42.212555
2026-06-21 00:00:00,38.92263075293335,44.187565,41.115391652491105,44.187565
2026-06-21 00:15:00,59.37624571619841,43.984818,43.69168220716141,43.984818
2026-06-21 00:30:00,26.53363990339482,40.317413,40.5389258530594,40.317413
2026-06-21 00:45:00,38.804769059867866,40.14866,40.170457303071515,40.14866
2026-06-21 01:00:00,38.15069745767524,39.794743,39.973655198747245,39.794743
2026-06-21 01:15:00,36.035747969560944,40.934284,39.70028719991379,40.934284
2026-06-21 01:30:00,38.03946791567153,39.409557,39.96545861854909,39.409557
2026-06-21 01:45:00,58.987441010036925,39.324345,39.366733248661134,39.324345
2026-06-21 02:00:00,39.87792676117455,40.04128,40.28705991033664,40.04128
2026-06-21 02:15:00,35.75771045431118,39.146374,39.89938797413784,39.146374
2026-06-21 02:30:00,33.917453057363176,40.974983,40.50528630761509,40.974983
2026-06-21 02:45:00,44.97864004948021,39.50714,40.154254766608176,39.50714
2026-06-21 03:00:00,47.74977973470857,41.528664,41.68842519376914,41.528664
2026-06-21 03:15:00,49.21716340334648,40.619087,40.49107433101464,40.619087
2026-06-21 03:30:00,38.47015635759651,41.447323,39.313158203286925,41.447323
2026-06-21 03:45:00,39.41095714757351,42.862865,40.77265247434817,42.862865
2026-06-21 04:00:00,42.38974842966507,40.27172,39.788422228420146,40.27172
2026-06-21 04:15:00,37.323366286635306,40.633736,40.67534859884535,40.633736
2026-06-21 04:30:00,46.93830934185289,40.71752,40.20979681340978,40.71752
2026-06-21 04:45:00,43.1441793517638,39.25461,39.93360869562341,39.25461
2026-06-21 05:00:00,47.94327191728029,39.841404,39.971781390290325,39.841404
2026-06-21 05:15:00,33.53722888123452,40.982384,41.09032234477438,40.982384
2026-06-21 05:30:00,55.59309265274369,41.215218,40.26441595346617,41.215218
2026-06-21 05:45:00,47.40613521927197,40.14656,40.12849781771029,40.14656
2026-06-21 06:00:00,63.183499118135785,41.077103,41.29023581111875,41.077103
2026-06-21 06:15:00,27.20381539410525,40.35386,40.567270051917426,40.35386
2026-06-21 06:30:00,38.46310022211552,41.4101,41.818650921327254,41.4101
2026-06-21 06:45:00,55.34411068138088,40.61549,41.02305052586283,40.61549
2026-06-21 07:00:00,41.00757351642058,40.76588,38.624377554377965,40.76588
2026-06-21 07:15:00,45.947192643513546,40.96651,40.724600270576865,40.96651
2026-06-21 07:30:00,37.41377024861211,40.871452,41.860458211836274,40.871452
2026-06-21 07:45:00,33.52882182088014,40.250874,41.24881210987023,40.250874
2026-06-21 08:00:00,46.55091190826148,40.6297,43.871865317242666,40.6297
2026-06-21 08:15:00,27.22535009660097,39.11449,38.371466944503744,39.11449
2026-06-21 08:30:00,25.694603409514794,40.2587,40.87390984453379,40.2587
2026-06-21 08:45:00,43.95582096512136,39.552982,41.44354329232683,39.552982
2026-06-21 09:00:00,59.39080108707958,41.39761,40.954860957520985,41.39761
2026-06-21 09:15:00,25.0,41.556293,41.52179506413425,41.556293
2026-06-21 09:30:00,44.215639516699554,44.2252,41.829857121421945,44.2252
2026-06-21 09:45:00,44.70391972147486,42.419918,41.30128808586572,42.419918
2026-06-21 10:00:00,41.25181348904792,39.640022,39.30894405551417,39.640022
2026-06-21 10:15:00,41.95018807817063,43.49612,43.267559082508996,43.49612
2026-06-21 10:30:00,36.6575126027149,40.300297,40.28284363348076,40.300297
2026-06-21 10:45:00,45.44820072584784,39.70556,40.32776438409236,39.70556
2026-06-21 11:00:00,33.45298366962052,39.383957,40.952690951311745,39.383957
2026-06-21 11:15:00,40.89424809003546,41.523884,40.972520814758184,41.523884
2026-06-21 11:30:00,55.66632782748382,40.73342,40.66716521962854,40.73342
2026-06-21 11:45:00,44.85682720641533,39.004234,40.33839543508173,39.004234
2026-06-21 12:00:00,36.96856811413216,40.61098,40.95752526345856,40.61098
2026-06-21 12:15:00,57.42460800986042,39.906586,40.39281035908455,39.906586
2026-06-21 12:30:00,33.85626096645113,39.61925,39.78803394137757,39.61925
2026-06-21 12:45:00,33.30482799794819,39.76548,39.947870140866,39.76548
2026-06-21 13:00:00,32.49153407192467,40.542686,40.43757567261146,40.542686
2026-06-21 13:15:00,46.96994743908361,37.679882,38.31530278834228,37.679882
2026-06-21 13:30:00,35.90883474040085,40.732384,41.13597222654517,40.732384
2026-06-21 13:45:00,41.69691625940156,39.644558,40.14547184448078,39.644558
2026-06-21 14:00:00,46.70444550235057,41.797672,41.32544310978033,41.797672
2026-06-21 14:15:00,34.03264131633496,43.29742,41.565254954635606,43.29742
2026-06-21 14:30:00,43.42300454509979,42.179676,41.28364426812283,42.179676
2026-06-21 14:45:00,44.49073829501605,38.824924,39.89367306893542,38.824924
2026-06-21 15:00:00,40.63772073840421,39.774643,39.977006190019026,39.774643
2026-06-21 15:15:00,33.6563142109556,40.179054,40.47131822842407,40.179054
2026-06-21 15:30:00,46.96071818576621,40.219765,40.57603161107416,40.219765
2026-06-21 15:45:00,46.846297593748375,40.829906,40.98382349771056,40.829906
2026-06-21 16:00:00,41.06118013791336,41.358788,40.280297886037225,41.358788
2026-06-21 16:15:00,29.43400610872892,42.312954,41.21241943159103,42.312954
2026-06-21 16:30:00,54.76014882583156,41.127285,40.23465732122737,41.127285
2026-06-21 16:45:00,47.23212843975173,41.3701,41.385779060284406,41.3701
2026-06-21 17:00:00,41.71751068933472,40.73839,40.87953538430938,40.73839
2026-06-21 17:15:00,40.18802154571334,41.642254,41.246643719780096,41.642254
2026-06-21 17:30:00,31.801694810421264,40.652645,40.73764603944001,40.652645
2026-06-21 17:45:00,30.700738274635924,41.310913,41.04184294968913,41.310913
2026-06-21 18:00:00,28.3208389260586,40.875294,40.28225847613107,40.875294
2026-06-21 18:15:00,27.52609105569824,40.25369,40.715500916232536,40.25369
2026-06-21 18:30:00,36.95897420159366,40.607216,41.34292934757349,40.607216
2026-06-21 18:45:00,37.44633181797381,42.02483,41.09274456665788,42.02483
2026-06-21 19:00:00,46.93096430792743,41.968006,41.542580506881514,41.968006
2026-06-21 19:15:00,52.888985014074166,41.83785,41.561363165828766,41.83785
2026-06-21 19:30:00,32.83251259900284,40.58689,41.41237709019839,40.58689
2026-06-21 19:45:00,41.049814426583325,40.835587,41.45751718512904,40.835587
2026-06-21 20:00:00,58.16352042609218,40.953617,40.67273413040917,40.953617
2026-06-21 20:15:00,45.444386353744406,41.363922,41.22862804372125,41.363922
2026-06-21 20:30:00,48.55441256320036,41.142624,41.23209785067569,41.142624
2026-06-21 20:45:00,34.735630493975755,41.021725,41.14045988253428,41.021725
2026-06-21 21:00:00,41.21772540699951,39.70041,39.99131711196595,39.70041
2026-06-21 21:15:00,37.95548510527517,43.36794,41.478432835213304,43.36794
2026-06-21 21:30:00,40.25879326661432,41.84171,42.03946607156349,41.84171
2026-06-21 21:45:00,49.77675581333067,41.952644,41.61116713469303,41.952644
2026-06-21 22:00:00,34.55632834069456,42.6637,41.75286991608702,42.6637
2026-06-21 22:15:00,44.38332184399078,40.552933,41.161113706594556,40.552933
2026-06-21 22:30:00,53.11396398407026,42.144814,41.633208478264805,42.144814
2026-06-21 22:45:00,45.94716654383302,41.756977,40.79615026829083,41.756977
2026-06-21 23:00:00,35.55479407880283,41.399384,40.740739532440294,41.399384
2026-06-21 23:15:00,30.500586034371164,41.308064,41.06201435398544,41.308064
2026-06-21 23:30:00,46.34689715839805,40.37721,41.1058330118232,40.37721
2026-06-21 23:45:00,37.38568282066916,41.798927,41.28864500423647,41.798927
2026-06-22 00:00:00,40.96692837538459,39.947697,39.63166124044357,39.947697
2026-06-22 00:15:00,46.40365688436511,38.293793,39.50975715629801,38.293793
2026-06-22 00:30:00,36.18010219264166,42.18467,41.06373347040241,42.18467
2026-06-22 00:45:00,34.13957405065732,38.843864,38.78236903602053,38.843864
2026-06-22 01:00:00,58.31898314250515,39.143177,39.656432425130554,39.143177
2026-06-22 01:15:00,25.76871242647897,40.690136,39.920903566256555,40.690136
2026-06-22 01:30:00,35.58283949021415,39.526207,39.56977798403559,39.526207
2026-06-22 01:45:00,40.209709207824304,38.248543,38.56435638277289,38.248543
2026-06-22 02:00:00,44.03249533955456,37.90691,39.282977443256584,37.90691
2026-06-22 02:15:00,40.39794670174045,38.281757,39.99068423700198,38.281757
2026-06-22 02:30:00,45.32699433060766,39.471313,39.56808654212539,39.471313
2026-06-22 02:45:00,38.62748894197837,40.224476,40.20187307017202,40.224476
2026-06-22 03:00:00,63.531735799020346,41.12012,40.82152991664717,41.12012
2026-06-22 03:15:00,49.24577903064915,39.77553,39.40227787102972,39.77553
2026-06-22 03:30:00,44.72971125492958,40.443195,39.91523684791862,40.443195
2026-06-22 03:45:00,52.66319979534333,40.164333,39.348511656834006,40.164333
2026-06-22 04:00:00,41.1877583413318,38.325657,39.61119800980879,38.325657
2026-06-22 04:15:00,40.10776817373997,38.962193,39.86844433944168,38.962193
2026-06-22 04:30:00,52.57887244866822,39.046307,39.849219905878854,39.046307
2026-06-22 04:45:00,47.44680581927968,39.723877,39.7332995433777,39.723877
2026-06-22 05:00:00,53.53683951403645,40.595016,41.33067369856912,40.595016
2026-06-22 05:15:00,40.903875448524914,39.09615,39.67027787467257,39.09615
2026-06-22 05:30:00,39.75091651630926,37.79895,39.63044198783151,37.79895
2026-06-22 05:45:00,51.093846279627705,39.51591,40.622589133680016,39.51591
2026-06-22 06:00:00,48.91596899871447,36.5745,40.005291988892786,36.5745
2026-06-22 06:15:00,43.64290349504172,40.61528,42.65265994038322,40.61528
2026-06-22 06:30:00,47.06651650815314,39.484287,41.41066920181271,39.484287
2026-06-22 06:45:00,32.36595147710735,38.092552,40.38781443533487,38.092552
2026-06-22 07:00:00,36.81522203466899,38.905354,41.51478234604175,38.905354
2026-06-22 07:15:00,33.93438155327682,40.229954,40.973905664124594,40.229954
2026-06-22 07:30:00,30.850436723214766,39.336807,41.20925259622127,39.336807
2026-06-22 07:45:00,46.54252730880045,39.394356,42.069573335947176,39.394356
2026-06-22 08:00:00,47.09985284920974,43.707092,45.15663449855154,43.707092
2026-06-22 08:15:00,43.58658558458136,43.946793,46.66700724709057,43.946793
2026-06-22 08:30:00,53.31294007453886,43.121323,45.69589210233775,43.121323
2026-06-22 08:45:00,42.53010470050852,43.86073,45.86442876164091,43.86073
2026-06-22 09:00:00,46.449079229033536,40.35708,42.31667030565702,40.35708
2026-06-22 09:15:00,37.1676857456124,40.89322,43.254503151410674,40.89322
2026-06-22 09:30:00,52.0615316403428,41.834316,43.36052650346704,41.834316
2026-06-22 09:45:00,42.28661158649236,39.708515,41.16770015173543,39.708515
2026-06-22 10:00:00,26.54410721214144,40.545254,40.32375708547874,40.545254
2026-06-22 10:15:00,45.40803677076873,38.803272,39.548916349856775,38.803272
2026-06-22 10:30:00,51.948930150886206,42.130726,40.80654599677398,42.130726
2026-06-22 10:45:00,55.96819093282097,40.742596,40.469984532102615,40.742596
2026-06-22 11:00:00,38.48568905390127,38.92642,40.12247830690803,38.92642
2026-06-22 11:15:00,34.03479611779262,39.008266,39.93506276429015,39.008266
2026-06-22 11:30:00,53.6027766538264,40.43998,39.81078139705727,40.43998
2026-06-22 11:45:00,39.49807541683431,40.647434,39.82043214970821,40.647434
2026-06-22 12:00:00,44.863244904207264,40.698322,39.472807937376814,40.698322
2026-06-22 12:15:00,49.81355160524705,39.76171,39.8511686297436,39.76171
2026-06-22 12:30:00,54.42815211256061,41.668015,40.1955228564496,41.668015
2026-06-22 12:45:00,29.82455369229045,43.00772,41.68916545833054,43.00772
2026-06-22 13:00:00,37.53804719506096,40.74791,40.036495530984475,40.74791
2026-06-22 13:15:00,44.717148340026526,40.82239,40.34706115338553,40.82239
2026-06-22 13:30:00,42.90176259594728,41.19142,40.12863185367522,41.19142
2026-06-22 13:45:00,60.24306037207204,40.737453,40.032301700506956,40.737453
2026-06-22 14:00:00,32.41337846474383,41.121674,40.47333463381851,41.121674
2026-06-22 14:15:00,34.96129755825982,41.561058,40.593068848594015,41.561058
2026-06-22 14:30:00,45.99828191227219,42.149464,41.59927953510997,42.149464
2026-06-22 14:45:00,46.98652286659542,41.994934,40.72838116282072,41.994934
2026-06-22 15:00:00,38.26588938838728,40.55338,41.072130575180076,40.55338
2026-06-22 15:15:00,28.56506490971755,42.283676,40.8631239795957,42.283676
2026-06-22 15:30:00,34.78112613961988,40.95041,40.9383302721304,40.95041
2026-06-22 15:45:00,34.868193342543705,42.430492,41.52652840922972,42.430492
2026-06-22 16:00:00,43.44020154770574,40.774002,41.11022307863826,40.774002
2026-06-22 16:15:00,45.142576687364105,42.449635,42.92632393117705,42.449635
2026-06-22 16:30:00,48.23181183003282,40.78497,40.99955299521717,40.78497
2026-06-22 16:45:00,46.85032763826962,41.530052,41.19770207193089,41.530052
2026-06-22 17:00:00,42.23917363907432,39.945602,40.28972257356041,39.945602
2026-06-22 17:15:00,36.144207718163074,39.51071,39.638738036910134,39.51071
2026-06-22 17:30:00,41.1770954126813,42.58181,41.66294785105506,42.58181
2026-06-22 17:45:00,37.416949135303454,41.151505,40.93952240730449,41.151505
2026-06-22 18:00:00,51.049698306124334,43.255463,41.486210792839074,43.255463
2026-06-22 18:15:00,36.8625402393308,41.03774,40.58759453562891,41.03774
2026-06-22 18:30:00,44.59409447251642,40.623512,39.57396880538244,40.623512
2026-06-22 18:45:00,40.06312631579891,39.37943,39.86992376062717,39.37943
2026-06-22 19:00:00,44.76018479131309,39.86239,39.79621050732328,39.86239
2026-06-22 19:15:00,44.15883496550561,39.32843,39.8689918829683,39.32843
2026-06-22 19:30:00,35.00381420345368,41.677166,40.89940942669601,41.677166
2026-06-22 19:45:00,27.7659273178526,40.90615,41.29768767409961,40.90615
2026-06-22 20:00:00,45.92162598835266,40.527332,40.51156063766369,40.527332
2026-06-22 20:15:00,49.45083991443191,41.203876,41.12805276206916,41.203876
2026-06-22 20:30:00,34.154084117290495,41.14188,40.73253949715451,41.14188
2026-06-22 20:45:00,31.581651729224404,41.38454,41.17008514597342,41.38454
2026-06-22 21:00:00,31.3265553777828,39.426266,39.4645173902341,39.426266
2026-06-22 21:15:00,56.9898190515961,39.987965,40.09920067298604,39.987965
2026-06-22 21:30:00,52.12240091807298,39.95424,40.30220647263829,39.95424
2026-06-22 21:45:00,25.0,40.77517,40.18729234118492,40.77517
2026-06-22 22:00:00,43.339619999985686,40.61389,41.35205824720539,40.61389
2026-06-22 22:15:00,45.01329154248429,39.310684,39.56870552318342,39.310684
2026-06-22 22:30:00,27.379371813550325,40.651917,40.671506286105036,40.651917
2026-06-22 22:45:00,33.27005414010134,40.86377,40.56478671690828,40.86377
2026-06-22 23:00:00,44.28185784471237,40.360138,40.011030700728284,40.360138
2026-06-22 23:15:00,34.230271336848446,42.30211,41.47122354684226,42.30211
2026-06-22 23:30:00,38.86633579830211,38.257538,40.835292014756085,38.257538
2026-06-22 23:45:00,45.94354006436588,42.485035,41.506756847509656,42.485035
2026-06-23 00:00:00,35.559302226730054,39.760475,39.84623025693168,39.760475
2026-06-23 00:15:00,41.74018782360695,39.7182,39.602649428664,39.7182
2026-06-23 00:30:00,51.65868173237845,40.442772,39.4325541785467,40.442772
2026-06-23 00:45:00,39.77996536852797,41.16945,39.807627403395415,41.16945
2026-06-23 01:00:00,41.68776792290525,39.491062,39.60320936026475,39.491062
2026-06-23 01:15:00,46.995084072571046,42.571697,43.056403222667804,42.571697
2026-06-23 01:30:00,40.55943839966058,41.181263,40.58620371556233,41.181263
2026-06-23 01:45:00,47.83875750217278,39.492237,40.414204597272516,39.492237
2026-06-23 02:00:00,31.385370205120807,40.616875,40.42330736226174,40.616875
2026-06-23 02:15:00,43.07162212293652,38.682903,39.6872250980145,38.682903
2026-06-23 02:30:00,45.61026411106851,40.98883,40.41196715391926,40.98883
2026-06-23 02:45:00,41.5365724584817,41.095665,40.47986073971101,41.095665
2026-06-23 03:00:00,44.86717865227885,39.37166,39.537029581728035,39.37166
2026-06-23 03:15:00,56.26877810575972,40.023605,39.78941126668665,40.023605
2026-06-23 03:30:00,27.040474714527807,40.5484,40.05522197288127,40.5484
2026-06-23 03:45:00,57.84599233569713,39.850437,39.63761297625749,39.850437
2026-06-23 04:00:00,51.10547692649654,40.792564,40.547857458402014,40.792564
2026-06-23 04:15:00,44.66744114523616,39.200157,40.220974716744585,39.200157
2026-06-23 04:30:00,34.393216792868,39.9865,40.72806564432117,39.9865
2026-06-23 04:45:00,34.72622320929664,39.93084,40.31004222196041,39.93084
2026-06-23 05:00:00,39.37154496708604,39.210423,40.04525074370337,39.210423
2026-06-23 05:15:00,42.5641380549948,40.93256,40.67732860958624,40.93256
2026-06-23 05:30:00,40.55194072490107,41.513447,39.776499368147434,41.513447
2026-06-23 05:45:00,39.53169517771727,40.823784,40.7973579037226,40.823784
2026-06-23 06:00:00,42.34927612858044,41.553875,42.089589288597665,41.553875
2026-06-23 06:15:00,44.75228023797724,40.78808,41.24684834577562,40.78808
2026-06-23 06:30:00,37.15568713213423,39.60758,40.692313796218976,39.60758
2026-06-23 06:45:00,53.14225517186836,40.373997,41.91548002419001,40.373997
2026-06-23 07:00:00,29.2710954674205,40.586926,40.96385838927453,40.586926
2026-06-23 07:15:00,36.78904429132338,39.954098,40.256236014907465,39.954098
2026-06-23 07:30:00,66.21443770095658,41.030804,40.78840411094349,41.030804
2026-06-23 07:45:00,44.752979151816085,40.2356,40.773911106343895,40.2356
2026-06-23 08:00:00,36.31825575570462,40.790226,40.704486303431246,40.790226
2026-06-23 08:15:00,47.8613600321594,40.281097,40.758254873570394,40.281097
2026-06-23 08:30:00,37.50497481309871,40.490093,39.88959116422563,40.490093
2026-06-23 08:45:00,47.660536286953736,41.67476,41.96217597756663,41.67476
2026-06-23 09:00:00,37.58629726689379,41.395634,40.77349571530732,41.395634
2026-06-23 09:15:00,52.59181912552878,40.28943,39.65472598514197,40.28943
2026-06-23 09:30:00,32.87317841082165,41.90585,42.80538027896509,41.90585
2026-06-23 09:45:00,39.09757050506397,40.07918,41.11001418065252,40.07918
2026-06-23 10:00:00,32.554284123893495,39.37281,41.052784040178956,39.37281
2026-06-23 10:15:00,31.768000267579485,40.473717,40.080876291728586,40.473717
2026-06-23 10:30:00,51.33581927407307,40.278736,41.60865071950749,40.278736
2026-06-23 10:45:00,42.0668235933733,39.600056,40.54252987354663,39.600056
2026-06-23 11:00:00,45.01390324494227,40.69795,40.99769829998927,40.69795
2026-06-23 11:15:00,38.06416977037407,41.213787,41.023041509000876,41.213787
2026-06-23 11:30:00,49.11764310702447,39.591644,39.82792473525663,39.591644
2026-06-23 11:45:00,28.56530031857053,39.86981,39.72888003849173,39.86981
2026-06-23 12:00:00,45.24133619890414,38.621628,39.49395333712339,38.621628
2026-06-23 12:15:00,45.04034951309417,40.22012,40.18892746474007,40.22012
2026-06-23 12:30:00,32.29075733812622,37.51501,39.18783299206913,37.51501
2026-06-23 12:45:00,28.061297251437846,42.060482,40.43712511629538,42.060482
2026-06-23 13:00:00,46.698326744658814,39.59377,39.72992977878802,39.59377
2026-06-23 13:15:00,35.36921680368937,38.95931,39.99829752666125,38.95931
2026-06-23 13:30:00,35.41323348977218,40.63194,40.856953890857376,40.63194
2026-06-23 13:45:00,33.33083614726242,40.262627,39.87464604659748,40.262627
2026-06-23 14:00:00,42.74415769487222,41.072945,41.023972330212,41.072945
2026-06-23 14:15:00,33.19628000736184,42.517406,40.81299709131552,42.517406
2026-06-23 14:30:00,47.14220753208628,40.9811,41.00392129366104,40.9811
2026-06-23 14:45:00,36.63468814846605,40.86562,40.44297543994601,40.86562
2026-06-23 15:00:00,33.390086842274535,40.81129,40.47425397686149,40.81129
2026-06-23 15:15:00,33.6400902984221,43.082314,42.080466372953516,43.082314
2026-06-23 15:30:00,36.794586698681584,41.135784,40.885391810401124,41.135784
2026-06-23 15:45:00,46.99633194196667,41.43967,41.16627905027203,41.43967
2026-06-23 16:00:00,50.6399869726426,41.79429,41.1303332692503,41.79429
2026-06-23 16:15:00,40.67359031942842,41.48646,41.139392744915796,41.48646
2026-06-23 16:30:00,37.18878777617043,41.239975,41.0561517339766,41.239975
2026-06-23 16:45:00,51.44792354732805,41.390957,41.12032687612559,41.390957
2026-06-23 17:00:00,41.32378475119901,41.205368,41.24309314316915,41.205368
2026-06-23 17:15:00,38.43166447405715,42.13288,41.11699167459104,42.13288
2026-06-23 17:30:00,43.78503928076111,41.244225,40.92134280774332,41.244225
2026-06-23 17:45:00,61.35518387279747,39.12077,40.15215961238796,39.12077
2026-06-23 18:00:00,28.03342024366315,40.538757,40.54908011316397,40.538757
2026-06-23 18:15:00,57.50855800614149,41.464073,40.69584261512947,41.464073
2026-06-23 18:30:00,36.4319914150998,40.439476,40.51948669140943,40.439476
2026-06-23 18:45:00,39.44178522279434,40.069878,40.12694083547079,40.069878
2026-06-23 19:00:00,41.776169830438704,41.178185,42.129408066107125,41.178185
2026-06-23 19:15:00,27.61826513165328,40.81825,41.20797757309757,40.81825
2026-06-23 19:30:00,42.7964818836882,40.624477,40.904506692518595,40.624477
2026-06-23 19:45:00,30.140006988059813,42.65309,42.725042456505925,42.65309
2026-06-23 20:00:00,42.06246402585341,40.39495,40.4613732495969,40.39495
2026-06-23 20:15:00,36.22254851232299,43.086693,42.67220282511727,43.086693
2026-06-23 20:30:00,40.525430308961376,40.996357,40.872379896071244,40.996357
2026-06-23 20:45:00,35.98092041881229,41.467308,41.80521989752541,41.467308
2026-06-23 21:00:00,40.35950638523033,41.367527,40.89031763362404,41.367527
2026-06-23 21:15:00,46.61799502058377,41.140347,41.28213798261844,41.140347
2026-06-23 21:30:00,50.915094103241536,41.39597,40.68144710233307,41.39597
2026-06-23 21:45:00,47.14124681952573,40.799534,41.175112257828175,40.799534
2026-06-23 22:00:00,25.0,42.550148,41.765650881808355,42.550148
2026-06-23 22:15:00,25.0,41.05653,41.39878083594593,41.05653
2026-06-23 22:30:00,47.86307010892314,43.44356,42.434651070057164,43.44356
2026-06-23 22:45:00,35.59352264223988,42.477104,41.17201962600812,42.477104
2026-06-23 23:00:00,39.8995285673726,41.202957,41.610118533893484,41.202957
2026-06-23 23:15:00,42.81344035886803,41.314034,42.40599661180263,41.314034
2026-06-23 23:30:00,34.721612595178485,42.24947,42.451486377933946,42.24947
2026-06-23 23:45:00,36.5199482742164,40.626663,41.40230114256836,40.626663
2026-06-24 00:00:00,30.6484921868627,40.90207,39.9022375181222,40.90207
2026-06-24 00:15:00,51.93370841710643,40.648293,40.135397567308424,40.648293
2026-06-24 00:30:00,33.98679790499111,39.68802,40.134993123412876,39.68802
2026-06-24 00:45:00,49.532681428742265,39.813976,40.19870439344612,39.813976
2026-06-24 01:00:00,40.70609553066679,40.86252,41.1688155878483,40.86252
2026-06-24 01:15:00,39.91789564666711,41.319126,40.5875680260335,41.319126
2026-06-24 01:30:00,40.83077466715053,40.20123,40.653792203446365,40.20123
2026-06-24 01:45:00,45.12589697710855,41.22837,40.67963866026183,41.22837
2026-06-24 02:00:00,41.42635006275636,40.98653,41.297909270875984,40.98653
2026-06-24 02:15:00,37.6822164261109,42.366386,40.724086829238836,42.366386
2026-06-24 02:30:00,41.107048464335264,40.8511,39.97487686182586,40.8511
2026-06-24 02:45:00,31.63974949867498,41.293346,40.41219038374608,41.293346
2026-06-24 03:00:00,56.99531929616355,41.6011,40.59058847860187,41.6011
2026-06-24 03:15:00,34.376911717890536,39.875633,39.736402296449555,39.875633
2026-06-24 03:30:00,27.51184449076454,42.94512,42.958447871717375,42.94512
2026-06-24 03:45:00,32.78149408356108,39.932697,40.13700359865081,39.932697
2026-06-24 04:00:00,47.87438364677046,40.462196,40.49120338246158,40.462196
2026-06-24 04:15:00,43.644627536440495,40.579105,40.605766982743546,40.579105
2026-06-24 04:30:00,34.79704395741867,40.706074,40.625476354154436,40.706074
2026-06-24 04:45:00,38.80045550723808,41.470573,40.335814200528475,41.470573
2026-06-24 05:00:00,56.60083579536703,42.339855,40.58247909992776,42.339855
2026-06-24 05:15:00,29.53247622478286,40.29174,40.84295635292718,40.29174
2026-06-24 05:30:00,34.05832150808044,40.585365,39.220227563229585,40.585365
2026-06-24 05:45:00,35.50800118560896,40.27447,39.88038935762283,40.27447
2026-06-24 06:00:00,44.3205123961228,40.1864,40.93222108789941,40.1864
2026-06-24 06:15:00,31.118063447728325,39.90251,40.78680760683228,39.90251
2026-06-24 06:30:00,44.75947635662092,41.26456,40.87887039306989,41.26456
2026-06-24 06:45:00,33.11517929811361,39.88052,40.76854729432385,39.88052
2026-06-24 07:00:00,40.624025344634745,43.95974,44.51467320128586,43.95974
2026-06-24 07:15:00,56.00677805820049,40.990772,41.71505055260539,40.990772
2026-06-24 07:30:00,32.32109228961512,37.87025,39.84610525477293,37.87025
2026-06-24 07:45:00,47.91509214645055,40.47399,41.31371127767973,40.47399
2026-06-24 08:00:00,34.04262777696269,40.774124,41.018883794837095,40.774124
2026-06-24 08:15:00,38.58119743100059,41.06901,42.077237774213614,41.06901
2026-06-24 08:30:00,28.50652380981208,40.463192,41.34470884888357,40.463192
2026-06-24 08:45:00,38.87067073342271,41.115417,41.20343524634587,41.115417
2026-06-24 09:00:00,41.65828160905298,41.780018,40.33717616460436,41.780018
2026-06-24 09:15:00,25.0,40.927456,41.104614335319305,40.927456
2026-06-24 09:30:00,29.73246110685201,41.934654,40.41196735128739,41.934654
2026-06-24 09:45:00,33.28319962694037,38.8795,39.22403360000824,38.8795
2026-06-24 10:00:00,33.44424332651018,41.21399,40.56633624230001,41.21399
2026-06-24 10:15:00,47.33331271952369,43.453934,41.77684002897196,43.453934
2026-06-24 10:30:00,35.90932366161577,40.376583,39.946891846767805,40.376583
2026-06-24 10:45:00,52.34654057023765,40.27624,40.66825883615819,40.27624
2026-06-24 11:00:00,28.97033507599884,40.942173,40.96513907532155,40.942173
2026-06-24 11:15:00,53.356711883550126,38.657513,39.5344967239541,38.657513
2026-06-24 11:30:00,61.295431138848045,40.597374,40.47515960812994,40.597374
2026-06-24 11:45:00,29.835881074945583,43.472363,42.85947109548067,43.472363
2026-06-24 12:00:00,42.02754770032132,41.032948,40.67419085902811,41.032948
2026-06-24 12:15:00,28.66234420845361,40.291756,40.65083495825567,40.291756
2026-06-24 12:30:00,36.76571787258959,38.48965,39.710188347821436,38.48965
2026-06-24 12:45:00,32.71541628904024,43.565605,41.47554552851924,43.565605
2026-06-24 13:00:00,38.61055263782163,41.99564,40.81352459516223,41.99564
2026-06-24 13:15:00,44.42546588424399,44.061096,42.26010129092684,44.061096
2026-06-24 13:30:00,44.40893480136775,41.382633,41.725224521358236,41.382633
2026-06-24 13:45:00,55.73744152718743,41.24048,42.0848805712714,41.24048
2026-06-24 14:00:00,46.81597104856189,41.041695,41.69762631510055,41.041695
2026-06-24 14:15:00,33.537601592805096,41.53421,41.1540433161729,41.53421
2026-06-24 14:30:00,40.79207591360118,40.444958,41.48425936893734,40.444958
2026-06-24 14:45:00,58.32766910753108,41.910473,40.9100068475099,41.910473
2026-06-24 15:00:00,43.90321485834977,41.326237,41.51641794406951,41.326237
2026-06-24 15:15:00,37.11386133391021,40.922035,40.837524821631895,40.922035
2026-06-24 15:30:00,43.45816689840954,39.658386,40.96412700919215,39.658386
2026-06-24 15:45:00,38.36183508014658,41.588192,41.289765772845385,41.588192
2026-06-24 16:00:00,26.53473367963996,40.47219,40.99895470756117,40.47219
2026-06-24 16:15:00,47.4375260140226,40.394676,40.85876797635132,40.394676
2026-06-24 16:30:00,25.19683132556609,41.767544,41.32529714791872,41.767544
2026-06-24 16:45:00,42.086783008648254,42.22034,41.72870404942468,42.22034
2026-06-24 17:00:00,47.87504820790811,40.59617,40.97876429452091,40.59617
2026-06-24 17:15:00,34.85420982610363,40.983402,40.850342052306644,40.983402
2026-06-24 17:30:00,35.110420397804745,41.175896,40.842438733071795,41.175896
2026-06-24 17:45:00,55.59597971017804,40.298443,40.504843523026615,40.298443
2026-06-24 18:00:00,33.31351679673839,40.39695,42.2189799289122,40.39695
2026-06-24 18:15:00,47.00772381715949,39.88612,40.56603347625332,39.88612
2026-06-24 18:30:00,32.186970335336795,39.63262,41.130861856260125,39.63262
2026-06-24 18:45:00,46.02755299175793,41.106216,40.323957284385266,41.106216
2026-06-24 19:00:00,37.56113079423778,40.41924,41.01296179295062,40.41924
2026-06-24 19:15:00,59.44327086877135,43.85524,43.627971330927004,43.85524
2026-06-24 19:30:00,34.36666463992543,39.894836,40.913727717770236,39.894836
2026-06-24 19:45:00,43.64080147431505,43.04998,41.60523357269495,43.04998
2026-06-24 20:00:00,49.84560054563168,41.23067,40.841695308868545,41.23067
2026-06-24 20:15:00,55.07260495358872,39.25123,39.61063825226792,39.25123
2026-06-24 20:30:00,48.351026148276674,41.339314,41.11797961690038,41.339314
2026-06-24 20:45:00,37.46905576147459,40.916008,40.5569513720782,40.916008
2026-06-24 21:00:00,38.97988474674227,40.820137,41.227278137466485,40.820137
2026-06-24 21:15:00,60.39418693408948,44.628376,42.044005939071766,44.628376
2026-06-24 21:30:00,48.29488334185752,41.74197,40.853989205815054,41.74197
2026-06-24 21:45:00,31.004505543520807,40.666157,40.45716340454749,40.666157
2026-06-24 22:00:00,27.03282896571689,41.239323,39.24679535270999,41.239323
2026-06-24 22:15:00,65.96516712563798,43.21839,39.58794226308509,43.21839
2026-06-24 22:30:00,62.71432485752711,41.36733,40.87286393531648,41.36733
2026-06-24 22:45:00,38.3423543413213,41.222248,42.720748094032594,41.222248
2026-06-24 23:00:00,38.9498875664566,41.268982,41.99286881650633,41.268982
2026-06-24 23:15:00,34.71741284465812,42.87318,42.115507011565434,42.87318
2026-06-24 23:30:00,39.94652941498944,39.580532,39.271363019812036,39.580532
2026-06-24 23:45:00,38.06718713140398,40.472473,41.22968963642503,40.472473
2026-06-25 00:00:00,32.994370726129574,37.179783,39.62109548696416,37.179783
2026-06-25 00:15:00,46.122320210266594,40.228336,40.561967252931915,40.228336
2026-06-25 00:30:00,51.60099059291109,41.018303,40.731729345433706,41.018303
2026-06-25 00:45:00,56.1836974472147,39.196484,39.45179160452902,39.196484
2026-06-25 01:00:00,36.60215817813658,40.485256,39.60718574335621,40.485256
2026-06-25 01:15:00,33.707250258092486,40.16301,40.02117071350691,40.16301
2026-06-25 01:30:00,44.478035641020746,40.033833,40.22823312255019,40.033833
2026-06-25 01:45:00,51.71102316832854,39.788357,40.13776485648459,39.788357
2026-06-25 02:00:00,52.71182631436329,40.083736,40.09186316621791,40.083736
2026-06-25 02:15:00,55.001344902781724,39.135143,39.80544834755599,39.135143
2026-06-25 02:30:00,48.825103380817445,41.4041,40.14950879940157,41.4041
2026-06-25 02:45:00,43.74433461409393,42.554955,41.3328723638379,42.554955
2026-06-25 03:00:00,56.98974685660728,39.605717,39.70728576211155,39.605717
2026-06-25 03:15:00,49.24948488620985,41.246445,39.894595125627724,41.246445
2026-06-25 03:30:00,44.72264881933685,38.707207,40.08923845125333,38.707207
2026-06-25 03:45:00,46.20747489305501,38.939247,39.60264827761386,38.939247
2026-06-25 04:00:00,32.103304469774855,40.224636,39.87153061443184,40.224636
2026-06-25 04:15:00,38.82502485149185,41.226883,39.72447538346826,41.226883
2026-06-25 04:30:00,30.068317883761164,39.32411,38.97902132562003,39.32411
2026-06-25 04:45:00,27.7502279549225,39.429264,38.78790865575809,39.429264
2026-06-25 05:00:00,43.84377476157496,39.51219,39.89178759886272,39.51219
2026-06-25 05:15:00,43.090095081630366,39.386356,40.691459879533,39.386356
2026-06-25 05:30:00,27.58890336437841,39.660954,38.60022589445284,39.660954
2026-06-25 05:45:00,41.56655555598872,40.73743,40.52884793164546,40.73743
2026-06-25 06:00:00,50.938149811674414,40.427906,40.71306641477945,40.427906
2026-06-25 06:15:00,32.910637156427704,39.754967,41.150630074611996,39.754967
2026-06-25 06:30:00,25.0,41.618477,40.94224163195801,41.618477
2026-06-25 06:45:00,35.80374231273867,42.173023,41.059768432137005,42.173023
2026-06-25 07:00:00,33.04580700769925,38.707863,40.1881058040559,38.707863
2026-06-25 07:15:00,50.300158874505385,37.768215,38.95219048647565,37.768215
2026-06-25 07:30:00,49.10051185448779,41.821804,42.379414379401396,41.821804
2026-06-25 07:45:00,30.622451530170643,39.82462,40.90063471747306,39.82462
2026-06-25 08:00:00,39.11009307656606,42.61685,42.52068445447114,42.61685
2026-06-25 08:15:00,27.44039217841494,40.850864,41.552794813848685,40.850864
2026-06-25 08:30:00,34.81947819568118,42.09365,45.21392017723098,42.09365
2026-06-25 08:45:00,33.52745558431505,39.71477,38.96987841917691,39.71477
2026-06-25 09:00:00,25.752684218965427,40.64014,41.37522638782256,40.64014
2026-06-25 09:15:00,46.44512580024957,42.38506,40.12849406774041,42.38506
2026-06-25 09:30:00,38.39694632362366,42.27028,42.85649106981026,42.27028
2026-06-25 09:45:00,35.7459367329768,42.50075,42.15500930381496,42.50075
2026-06-25 10:00:00,43.30925397592529,41.064766,40.685102968231085,41.064766
2026-06-25 10:15:00,58.10319017993479,39.33664,39.37026368020493,39.33664
2026-06-25 10:30:00,47.73979276280864,40.630093,40.35758782571232,40.630093
2026-06-25 10:45:00,35.79185846733828,39.85404,41.27841680889065,39.85404
2026-06-25 11:00:00,38.26627688670642,41.939514,42.681422724630735,41.939514
2026-06-25 11:15:00,25.0,38.586246,38.99435875340542,38.586246
2026-06-25 11:30:00,39.71026087451192,39.824703,40.09808550668533,39.824703
2026-06-25 11:45:00,44.48518182145222,40.66296,41.50631016408215,40.66296
2026-06-25 12:00:00,60.725554006555335,39.51289,39.230471303233095,39.51289
2026-06-25 12:15:00,40.40310873966972,42.76531,42.78157137686515,42.76531
2026-06-25 12:30:00,41.57793136355104,41.260345,41.05683655696876,41.260345
2026-06-25 12:45:00,39.87099857719191,39.96281,40.015745437803254,39.96281
2026-06-25 13:00:00,55.65611796087331,40.155228,38.93253225399773,40.155228
2026-06-25 13:15:00,36.86003007706185,40.284184,40.76219058115538,40.284184
2026-06-25 13:30:00,42.57712742104485,40.77611,40.60918901743913,40.77611
2026-06-25 13:45:00,37.7985501334766,40.327026,40.64153526361326,40.327026
2026-06-25 14:00:00,40.76816694969038,43.56435,41.807349546602644,43.56435
2026-06-25 14:15:00,44.935445779962784,41.614674,41.318779014012236,41.614674
2026-06-25 14:30:00,44.72992924341596,39.99923,40.58499870432927,39.99923
2026-06-25 14:45:00,42.02552528049523,40.089066,40.726618044305376,40.089066
2026-06-25 15:00:00,40.87181530575429,41.241806,41.35962164056232,41.241806
2026-06-25 15:15:00,41.58127296829222,40.865547,41.12303636934324,40.865547
2026-06-25 15:30:00,34.921655024426244,40.987133,41.382292282744174,40.987133
2026-06-25 15:45:00,56.64920236884405,41.67978,41.26474595289906,41.67978
2026-06-25 16:00:00,38.25814031177369,42.539085,43.43912065295745,42.539085
2026-06-25 16:15:00,42.80355327053916,41.299,40.80050743052848,41.299
2026-06-25 16:30:00,35.40618945802408,41.622017,39.930403975682275,41.622017
2026-06-25 16:45:00,40.11821459274033,40.9428,40.96336992612264,40.9428
2026-06-25 17:00:00,42.02025655287425,40.650494,40.89715510130447,40.650494
2026-06-25 17:15:00,34.944012861171736,43.580463,42.32383836707684,43.580463
2026-06-25 17:30:00,38.399528904584784,42.47187,42.76147769952389,42.47187
2026-06-25 17:45:00,42.414524060356,42.93715,41.95094498693219,42.93715
2026-06-25 18:00:00,45.18916993864365,42.6214,41.86096212331475,42.6214
2026-06-25 18:15:00,26.700387811292,41.151016,40.996686385453586,41.151016
2026-06-25 18:30:00,54.02756389485091,41.096382,41.38891613090675,41.096382
2026-06-25 18:45:00,48.183080504451226,39.843506,40.10439850203895,39.843506
2026-06-25 19:00:00,36.9217196695775,40.529472,40.5653671619178,40.529472
2026-06-25 19:15:00,40.44355308170744,40.845764,42.00048333404379,40.845764
2026-06-25 19:30:00,38.89018657349021,41.259197,40.90921185799694,41.259197
2026-06-25 19:45:00,33.37287955964081,41.28202,40.73016761825618,41.28202
2026-06-25 20:00:00,43.83906957223155,40.864887,40.711215430217315,40.864887
2026-06-25 20:15:00,25.54016356567656,40.741535,40.34362452901737,40.741535
2026-06-25 20:30:00,47.85405149182522,40.090485,41.527068980993405,40.090485
2026-06-25 20:45:00,30.443822204301743,40.644783,41.00153636023028,40.644783
2026-06-25 21:00:00,53.97148401721799,41.986443,41.252400816299286,41.986443
2026-06-25 21:15:00,47.03762844430055,41.121746,41.506487870974176,41.121746
2026-06-25 21:30:00,31.66372861916411,41.324,41.05592790256199,41.324
2026-06-25 21:45:00,39.79586166882588,41.385597,41.84885233866472,41.385597
2026-06-25 22:00:00,42.74862681792249,41.27684,41.45995713101807,41.27684
2026-06-25 22:15:00,41.27935433357256,40.289104,41.21908219100172,40.289104
2026-06-25 22:30:00,40.63707255142654,40.034283,41.08416467235172,40.034283
2026-06-25 22:45:00,25.0,41.408215,41.475112052514916,41.408215
2026-06-25 23:00:00,57.314738389698434,42.329643,41.852236229113274,42.329643
2026-06-25 23:15:00,30.47863071060176,40.674515,40.570235579261045,40.674515
2026-06-25 23:30:00,42.22067393045337,42.429855,41.63440627975508,42.429855
2026-06-25 23:45:00,36.02293767035967,42.69731,41.838881012577374,42.69731
2026-06-26 00:00:00,55.0776429108536,39.21959,38.5991483570511,39.21959
2026-06-26 00:15:00,48.9928515895616,40.93236,40.21476003016484,40.93236
2026-06-26 00:30:00,52.40502681280222,40.12054,40.24715357231333,40.12054
2026-06-26 00:45:00,35.25284706235354,39.13198,39.4742097588348,39.13198
2026-06-26 01:00:00,33.734242625133135,41.86423,40.82447231373286,41.86423
2026-06-26 01:15:00,35.49171397257238,40.845104,40.29609397995951,40.845104
2026-06-26 01:30:00,40.62860348647485,39.72409,39.82379637023061,39.72409
2026-06-26 01:45:00,45.79793979712916,40.021297,39.992354025584376,40.021297
2026-06-26 02:00:00,39.54813231881303,39.945118,40.25432016512811,39.945118
2026-06-26 02:15:00,40.21764615116598,39.331623,39.664480537134104,39.331623
2026-06-26 02:30:00,47.4446802388116,40.559998,40.73596444380668,40.559998
2026-06-26 02:45:00,43.65709437780875,40.74219,40.43107658487099,40.74219
2026-06-26 03:00:00,49.07669172649993,39.771984,39.77476973544558,39.771984
2026-06-26 03:15:00,37.779921950251705,40.436615,40.37827427581837,40.436615
2026-06-26 03:30:00,47.30258212874652,40.966167,40.75282474093449,40.966167
2026-06-26 03:45:00,35.651875344002086,40.54762,40.50329511526729,40.54762
2026-06-26 04:00:00,52.50587682142188,40.11221,40.50907135495631,40.11221
2026-06-26 04:15:00,41.50184787118143,39.72785,39.89997326811348,39.72785
2026-06-26 04:30:00,60.300843743501815,41.66843,40.17826681970964,41.66843
2026-06-26 04:45:00,52.63022283653234,40.72186,41.1140310108614,40.72186
2026-06-26 05:00:00,25.626005874294137,40.510822,40.958870792790414,40.510822
2026-06-26 05:15:00,51.49948159551734,39.645767,40.25144885318166,39.645767
2026-06-26 05:30:00,44.67166725241127,39.39933,41.05934330355959,39.39933
2026-06-26 05:45:00,26.784219968079164,40.59956,39.611213313671456,40.59956
2026-06-26 06:00:00,31.86720277127872,39.42808,40.63596815903503,39.42808
2026-06-26 06:15:00,38.89148853458844,40.62228,41.115376490193945,40.62228
2026-06-26 06:30:00,49.10173408013012,42.26142,40.39490541945626,42.26142
2026-06-26 06:45:00,44.96647038309337,38.991673,40.564277934009766,38.991673
2026-06-26 07:00:00,45.43771788298169,41.446934,41.014804780111604,41.446934
2026-06-26 07:15:00,55.62353211003114,40.147396,40.67015618033281,40.147396
2026-06-26 07:30:00,39.74077799247915,39.767334,40.28383006943443,39.767334
2026-06-26 07:45:00,58.56069159277541,40.643692,41.71670000360905,40.643692
2026-06-26 08:00:00,45.40406488290582,41.616444,40.9236751962733,41.616444
2026-06-26 08:15:00,38.80030501683514,40.752533,42.04874832610022,40.752533
2026-06-26 08:30:00,32.5329229214524,41.85102,41.13559562761608,41.85102
2026-06-26 08:45:00,51.99064397003646,40.543713,41.484470682317436,40.543713
2026-06-26 09:00:00,30.42092814611868,39.257698,39.04981803156677,39.257698
2026-06-26 09:15:00,65.34144754131907,41.19544,41.8603742211652,41.19544
2026-06-26 09:30:00,48.055591871865175,41.84629,40.902591985316114,41.84629
2026-06-26 09:45:00,47.92407469868962,41.966003,40.942415880026076,41.966003
2026-06-26 10:00:00,53.46766702204442,41.076744,39.960735758070136,41.076744
2026-06-26 10:15:00,32.91022029381604,39.416695,38.12720470272013,39.416695
2026-06-26 10:30:00,25.0,41.045338,39.620805774453494,41.045338
2026-06-26 10:45:00,39.33512435464488,42.551136,40.97275630214088,42.551136
2026-06-26 11:00:00,28.723693004134123,39.838535,40.025126118638745,39.838535
2026-06-26 11:15:00,39.94104137435731,44.42919,40.915707704564646,44.42919
2026-06-26 11:30:00,50.297532518125934,41.3179,40.24935802384187,41.3179
2026-06-26 11:45:00,44.98751256288983,39.88334,40.06252189566496,39.88334
2026-06-26 12:00:00,53.77463800505862,40.828682,41.63212598645819,40.828682
2026-06-26 12:15:00,61.12144842956054,40.62048,40.12434694511961,40.62048
2026-06-26 12:30:00,38.3281454967737,39.23904,40.3001277525913,39.23904
2026-06-26 12:45:00,28.451174016772747,40.746517,40.053952467253964,40.746517
2026-06-26 13:00:00,58.44793233486794,39.92529,40.4119918867634,39.92529
2026-06-26 13:15:00,26.861877903647724,40.704865,39.33636599883192,40.704865
2026-06-26 13:30:00,49.04059884814388,41.19166,40.80797954209297,41.19166
2026-06-26 13:45:00,47.32911900703952,42.00454,42.05900036742679,42.00454
2026-06-26 14:00:00,51.58531035947272,40.998177,40.89146258527093,40.998177
2026-06-26 14:15:00,41.61943917415528,43.39402,41.91532973809209,43.39402
2026-06-26 14:30:00,39.10642775192446,41.38141,41.22806901920568,41.38141
2026-06-26 14:45:00,53.43502331145276,41.46681,40.69016556726023,41.46681
2026-06-26 15:00:00,38.03262880454184,42.22363,41.539309414278236,42.22363
2026-06-26 15:15:00,51.19743332653037,41.953472,40.788312772879316,41.953472
2026-06-26 15:30:00,39.55977331195779,40.71882,41.16822178985789,40.71882
2026-06-26 15:45:00,44.27462559995172,40.481506,40.68864862623134,40.481506
2026-06-26 16:00:00,32.78018876009911,41.451237,41.47498307452236,41.451237
2026-06-26 16:15:00,41.11457348119666,40.91017,40.751296865386024,40.91017
2026-06-26 16:30:00,52.7673465253616,41.89669,41.103997404245895,41.89669
2026-06-26 16:45:00,40.6089774168436,40.500805,41.30352022522936,40.500805
2026-06-26 17:00:00,36.07826286152456,41.01726,41.533205180016644,41.01726
2026-06-26 17:15:00,47.95039262313105,41.318672,40.95639687086357,41.318672
2026-06-26 17:30:00,42.53983764994717,41.987217,40.972975373054076,41.987217
2026-06-26 17:45:00,39.164727534924126,41.76146,40.76531522355262,41.76146
2026-06-26 18:00:00,47.11912103080813,41.07417,41.105524046181955,41.07417
2026-06-26 18:15:00,25.0,41.49126,42.53360991111304,41.49126
2026-06-26 18:30:00,29.87640984374059,41.09004,40.754291165247274,41.09004
2026-06-26 18:45:00,40.49888278549545,39.92195,41.115887829608724,39.92195
2026-06-26 19:00:00,64.98178637086252,40.75515,40.5721102999322,40.75515
2026-06-26 19:15:00,35.06873197373662,40.898064,41.02904972982836,40.898064
2026-06-26 19:30:00,33.30169428517476,41.413967,41.4162803199861,41.413967
2026-06-26 19:45:00,39.79981612294696,41.141018,40.69845599232667,41.141018
2026-06-26 20:00:00,38.88748234632188,39.06695,39.23405412314019,39.06695
2026-06-26 20:15:00,59.79687856418805,42.747566,43.10536726960478,42.747566
2026-06-26 20:30:00,37.59921551367084,41.517517,41.54454358965013,41.517517
2026-06-26 20:45:00,47.20526994481576,41.469357,41.41783450187813,41.469357
2026-06-26 21:00:00,32.9406825221044,43.269245,42.72821288759295,43.269245
2026-06-26 21:15:00,45.7521797463951,41.69324,41.375631690051954,41.69324
2026-06-26 21:30:00,32.201495892331515,41.844303,41.7696535184804,41.844303
2026-06-26 21:45:00,47.66626669752628,41.49575,41.00512646681561,41.49575
2026-06-26 22:00:00,38.663199969737725,41.75302,41.50883264923271,41.75302
2026-06-26 22:15:00,44.03578001379727,43.630596,41.75618215296133,43.630596
2026-06-26 22:30:00,60.01473932416835,41.509007,41.47164941395621,41.509007
2026-06-26 22:45:00,49.449087512094266,40.202263,38.79134869662958,40.202263
2026-06-26 23:00:00,26.62308682989427,41.88356,40.73705645386761,41.88356
2026-06-26 23:15:00,44.73487333709379,40.73366,41.15498717758421,40.73366
2026-06-26 23:30:00,30.5950521683434,41.565407,41.58870332532866,41.565407
2026-06-26 23:45:00,45.78682433450973,42.899166,42.392532504636456,42.899166
2026-06-27 00:00:00,31.36532809942292,39.014717,40.36154038466872,39.014717
2026-06-27 00:15:00,47.933964452594886,39.540382,39.88405951543057,39.540382
2026-06-27 00:30:00,30.347846686402505,40.63184,41.07428122404416,40.63184
2026-06-27 00:45:00,34.6888073924883,40.49507,39.77500446638634,40.49507
2026-06-27 01:00:00,27.166045080019742,40.66793,40.04410510814921,40.66793
2026-06-27 01:15:00,54.71919170206018,38.810066,40.02701852358835,38.810066
2026-06-27 01:30:00,43.65594188560216,40.169106,40.08717462232007,40.169106
2026-06-27 01:45:00,43.783474840427445,40.49152,39.589171205686256,40.49152
2026-06-27 02:00:00,49.63510798252482,40.83267,40.43305587724187,40.83267
2026-06-27 02:15:00,31.30128406116257,39.976967,39.88183708931216,39.976967
2026-06-27 02:30:00,34.663915959131906,39.51482,40.41005523538936,39.51482
2026-06-27 02:45:00,43.24306840445848,40.314133,40.770440274319746,40.314133
2026-06-27 03:00:00,39.90292771883372,40.86103,40.337356023499424,40.86103
2026-06-27 03:15:00,31.560990568548817,42.00359,40.839786255300766,42.00359
2026-06-27 03:30:00,51.401970796515656,39.39359,39.800871190315576,39.39359
2026-06-27 03:45:00,34.42100644352568,39.472355,40.48006881201919,39.472355
2026-06-27 04:00:00,53.87977338404984,39.976395,40.217175332658016,39.976395
2026-06-27 04:15:00,50.67268181598668,39.45869,41.06261681798519,39.45869
2026-06-27 04:30:00,41.38778738829716,39.63482,40.21141647060901,39.63482
2026-06-27 04:45:00,56.45756196835629,40.23605,39.575233187043196,40.23605
2026-06-27 05:00:00,39.251539024872784,39.747078,41.4363208465843,39.747078
2026-06-27 05:15:00,49.147972189647234,40.09349,40.51464682598456,40.09349
2026-06-27 05:30:00,32.27291678686312,40.2326,40.21709708840664,40.2326
2026-06-27 05:45:00,47.36219457896963,41.029476,42.81145452617226,41.029476
2026-06-27 06:00:00,44.57448355650168,41.30407,42.478182584677334,41.30407
2026-06-27 06:15:00,35.0386157007447,40.135273,40.56309274199076,40.135273
2026-06-27 06:30:00,26.88702491205861,40.187584,40.913611013752316,40.187584
2026-06-27 06:45:00,36.19354695781779,41.97383,40.918499047288,41.97383
2026-06-27 07:00:00,37.47916696431808,40.8978,40.99296161052444,40.8978
2026-06-27 07:15:00,41.4373675297165,39.157475,39.03029199736433,39.157475
2026-06-27 07:30:00,30.314881722699063,41.85251,41.51114951048914,41.85251
2026-06-27 07:45:00,37.69514764306472,39.630375,39.367100179984035,39.630375
2026-06-27 08:00:00,45.04998459726619,39.53412,40.05714966569992,39.53412
2026-06-27 08:15:00,44.195715215083816,40.713562,39.93208969700603,40.713562
2026-06-27 08:30:00,26.25018110326304,41.82907,41.26016550399226,41.82907
2026-06-27 08:45:00,54.26071833733164,39.88354,40.772287678037145,39.88354
2026-06-27 09:00:00,52.48468540112093,42.41481,41.74647850636178,42.41481
2026-06-27 09:15:00,32.52950691011709,37.782276,39.47555497559809,37.782276
2026-06-27 09:30:00,30.386819329254788,40.528778,40.17433433794582,40.528778
2026-06-27 09:45:00,32.8543084845149,41.11845,41.48165671639432,41.11845
2026-06-27 10:00:00,61.78682311022949,37.87955,38.40945031723818,37.87955
2026-06-27 10:15:00,39.6798258798441,40.26705,41.591761798263725,40.26705
2026-06-27 10:30:00,32.99184421056176,41.541035,41.857533377303724,41.541035
2026-06-27 10:45:00,45.50246967560216,40.580727,41.03550830024675,40.580727
2026-06-27 11:00:00,35.469922024721484,40.979187,39.37072581975883,40.979187
2026-06-27 11:15:00,33.878877732450825,40.859283,41.18234297131141,40.859283
2026-06-27 11:30:00,41.089276285147314,40.466553,41.56789683091224,40.466553
2026-06-27 11:45:00,40.15694111136983,40.092163,40.50584550616815,40.092163
2026-06-27 12:00:00,26.199529189610587,40.641186,40.60521668316784,40.641186
2026-06-27 12:15:00,46.66103558120463,40.003757,40.65740715774871,40.003757
2026-06-27 12:30:00,54.4015097693074,40.19612,40.44890880505956,40.19612
2026-06-27 12:45:00,31.68414361833802,40.661533,42.20666761350048,40.661533
2026-06-27 13:00:00,35.83923898392364,40.015812,40.07948956563496,40.015812
2026-06-27 13:15:00,25.0,41.914505,42.79741247400072,41.914505
2026-06-27 13:30:00,33.72064676025569,39.624767,39.77503473351285,39.624767
2026-06-27 13:45:00,48.505311933123394,40.294117,41.02145527568843,40.294117
2026-06-27 14:00:00,34.696031694182935,41.43379,41.25099262897621,41.43379
2026-06-27 14:15:00,48.5119292526401,38.385315,39.42294742770458,38.385315
2026-06-27 14:30:00,61.2156735002698,42.39504,41.79611903428832,42.39504
2026-06-27 14:45:00,46.01130296885289,40.60982,40.53907948179309,40.60982
2026-06-27 15:00:00,50.67188643774587,40.12238,41.341472685350425,40.12238
2026-06-27 15:15:00,37.15405379135457,41.718903,40.777897779243546,41.718903
2026-06-27 15:30:00,33.81349113685586,40.331585,40.21098131378259,40.331585
2026-06-27 15:45:00,51.98459638520352,40.563667,40.62892331730852,40.563667
2026-06-27 16:00:00,55.431321949621605,41.934315,41.64070272822319,41.934315
2026-06-27 16:15:00,50.30992811479882,42.187893,41.15815120829188,42.187893
2026-06-27 16:30:00,48.45041968696333,42.44788,42.228560536641425,42.44788
2026-06-27 16:45:00,25.0,39.854027,40.72657303160156,39.854027
2026-06-27 17:00:00,45.075788708755965,40.30148,40.895289293331615,40.30148
2026-06-27 17:15:00,29.8856370361764,41.06361,41.35583275776905,41.06361
2026-06-27 17:30:00,43.37168278051042,40.64039,40.963867113357146,40.64039
2026-06-27 17:45:00,29.72905118496392,41.549026,41.0635248680758,41.549026
2026-06-27 18:00:00,39.256441753630455,42.01425,41.25532492951001,42.01425
2026-06-27 18:15:00,32.187430088238344,39.64014,38.93241595681867,39.64014
2026-06-27 18:30:00,51.26032891353498,40.65352,40.856347380462715,40.65352
2026-06-27 18:45:00,40.34744866929964,39.963097,40.91157150509119,39.963097
2026-06-27 19:00:00,35.5302687098958,39.108315,40.13175621237197,39.108315
2026-06-27 19:15:00,32.196200323050626,41.17816,41.44233759384627,41.17816
2026-06-27 19:30:00,45.76045491239615,40.717186,40.526920811822414,40.717186
2026-06-27 19:45:00,36.295628172574,40.579784,40.76174490613506,40.579784
2026-06-27 20:00:00,31.447156582995923,41.3544,41.47122089935362,41.3544
2026-06-27 20:15:00,33.27083741567843,41.429817,41.23478281203381,41.429817
2026-06-27 20:30:00,34.91838593144119,41.37792,41.534138845782344,41.37792
2026-06-27 20:45:00,43.11913311677815,40.450443,41.16224881157939,40.450443
2026-06-27 21:00:00,48.89679636365768,41.141335,40.530206349561816,41.141335
2026-06-27 21:15:00,25.0,41.770935,40.35938663025675,41.770935
2026-06-27 21:30:00,45.34032842323905,41.21592,40.66358022462849,41.21592
2026-06-27 21:45:00,32.95721862088866,40.98913,40.86581490153796,40.98913
2026-06-27 22:00:00,43.11536817164275,39.916294,40.49917413041553,39.916294
2026-06-27 22:15:00,34.70306797358514,41.599827,41.41232318555067,41.599827
2026-06-27 22:30:00,38.83678617513874,40.69556,40.87627592780978,40.69556
2026-06-27 22:45:00,58.41473787283151,40.668373,40.79656089549096,40.668373
2026-06-27 23:00:00,62.52953732255585,42.930927,44.14932236021559,42.930927
2026-06-27 23:15:00,54.23439921216403,42.435932,41.603645215589175,42.435932
2026-06-27 23:30:00,46.132738790582366,41.04467,41.36845998761698,41.04467
2026-06-27 23:45:00,45.420931996229335,41.151787,41.803068739253234,41.151787
2026-06-28 00:00:00,46.478482961130176,39.469696,39.93287487583004,39.469696
2026-06-28 00:15:00,37.9971352692224,41.11056,40.762328046847855,41.11056
2026-06-28 00:30:00,40.67572889899549,39.43803,40.50011086808089,39.43803
2026-06-28 00:45:00,40.329211667803925,42.210514,40.68573745934356,42.210514
2026-06-28 01:00:00,39.68674650320126,43.282784,42.298056635302544,43.282784
2026-06-28 01:15:00,34.33627084968254,40.1584,39.95143129016638,40.1584
2026-06-28 01:30:00,40.886308089061686,40.50624,40.125143816606666,40.50624
2026-06-28 01:45:00,48.50481945392052,40.09868,40.25232193621275,40.09868
2026-06-28 02:00:00,60.22769431062393,40.75686,39.81788304686342,40.75686
2026-06-28 02:15:00,50.57195205424945,38.81139,39.24744995751208,38.81139
2026-06-28 02:30:00,39.50599162293755,40.173695,39.32031275446587,40.173695
2026-06-28 02:45:00,40.69433950048565,40.76052,39.40723518044087,40.76052
2026-06-28 03:00:00,40.62729037036229,39.297398,39.80899969047082,39.297398
2026-06-28 03:15:00,40.02529982715543,40.674232,40.43782563659039,40.674232
2026-06-28 03:30:00,46.16844932342613,41.055836,39.90616284468039,41.055836
2026-06-28 03:45:00,39.1277395328016,39.696266,39.793304078502366,39.696266
2026-06-28 04:00:00,31.20311657274384,40.048798,40.57661452397046,40.048798
2026-06-28 04:15:00,32.6654700377801,39.99207,40.28278777005026,39.99207
2026-06-28 04:30:00,28.01021078776737,40.41044,40.60285128267041,40.41044
2026-06-28 04:45:00,33.53853795780701,39.045372,39.29343511948916,39.045372
2026-06-28 05:00:00,48.00112598508586,40.93173,39.64122514166681,40.93173
2026-06-28 05:15:00,39.11050538578411,39.909462,40.37074255477047,39.909462
2026-06-28 05:30:00,61.088035710686015,41.48266,40.98929173137079,41.48266
2026-06-28 05:45:00,56.76566202043095,40.31286,40.01432936143219,40.31286
2026-06-28 06:00:00,34.90571548669924,40.21968,41.589006891099956,40.21968
2026-06-28 06:15:00,50.32968893315898,40.80859,41.30853441547859,40.80859
2026-06-28 06:30:00,59.14347170830044,43.670845,43.120577203301636,43.670845
2026-06-28 06:45:00,49.04397872644002,41.348164,42.10281005131398,41.348164
2026-06-28 07:00:00,35.66133858593452,40.180565,41.47519485418366,40.180565
2026-06-28 07:15:00,36.149674413303366,39.951477,41.12918920427754,39.951477
2026-06-28 07:30:00,39.25671901230276,42.514324,43.82960842218201,42.514324
2026-06-28 07:45:00,46.19468331988303,41.57255,41.7991482064373,41.57255
2026-06-28 08:00:00,47.90098116691839,41.23562,41.21543013473367,41.23562
2026-06-28 08:15:00,29.0130449292701,41.00206,41.54864747838578,41.00206
2026-06-28 08:30:00,62.44880745370239,40.572323,43.941324063436184,40.572323
2026-06-28 08:45:00,32.52838982851895,39.95441,39.76256944627258,39.95441
2026-06-28 09:00:00,57.03824294765165,41.11932,40.70127490316233,41.11932
2026-06-28 09:15:00,53.3330397871197,41.95006,41.08607069835994,41.95006
2026-06-28 09:30:00,27.986739423827373,40.03577,37.05081680141915,40.03577
2026-06-28 09:45:00,30.171380767190016,40.816982,41.011723336225245,40.816982
2026-06-28 10:00:00,25.0,39.038765,39.60266748289194,39.038765
2026-06-28 10:15:00,29.27341480673087,40.362778,39.768910822895165,40.362778
2026-06-28 10:30:00,34.048847706465665,43.21337,40.54270953419077,43.21337
2026-06-28 10:45:00,25.0,42.154224,40.879043524163286,42.154224
2026-06-28 11:00:00,30.13983510943649,43.413902,40.914511824491846,43.413902
2026-06-28 11:15:00,32.81591511223144,44.384644,41.11112175387341,44.384644
2026-06-28 11:30:00,40.62498818124896,41.292446,40.846377326326404,41.292446
2026-06-28 11:45:00,33.669022893085696,41.863308,39.96964375049904,41.863308
2026-06-28 12:00:00,51.22422802538024,43.721836,45.12350222485305,43.721836
2026-06-28 12:15:00,34.899312715488705,42.604656,40.737969405409615,42.604656
2026-06-28 12:30:00,36.28773837520301,40.9348,40.09602548611122,40.9348
2026-06-28 12:45:00,31.83922600680496,42.685356,42.414437374607424,42.685356
2026-06-28 13:00:00,40.63406424088199,42.35227,41.966233063387364,42.35227
2026-06-28 13:15:00,31.680954886042333,43.73245,43.778951784142464,43.73245
2026-06-28 13:30:00,43.080342502001535,43.08187,42.389646452097864,43.08187
2026-06-28 13:45:00,34.48633513131667,40.464195,39.50300765497086,40.464195
2026-06-28 14:00:00,39.82195815592685,43.160336,42.642006412628184,43.160336
2026-06-28 14:15:00,39.22253793256202,44.561115,41.07342302583098,44.561115
2026-06-28 14:30:00,35.03205026955823,41.498882,40.10536156254583,41.498882
2026-06-28 14:45:00,56.5492082644242,43.674488,40.39068713739271,43.674488
2026-06-28 15:00:00,53.99569183565271,40.87185,40.31596886253061,40.87185
2026-06-28 15:15:00,32.62342310382515,41.689587,40.70377802708831,41.689587
2026-06-28 15:30:00,38.9366015004763,42.38658,41.21964200767293,42.38658
2026-06-28 15:45:00,39.01289747731597,41.83513,41.07475460250228,41.83513
2026-06-28 16:00:00,31.832979211654653,41.357826,41.059178026936266,41.357826
2026-06-28 16:15:00,30.942994091338765,42.269463,41.34648966596541,42.269463
2026-06-28 16:30:00,37.74423409098466,41.836277,41.345558650731036,41.836277
2026-06-28 16:45:00,28.50198521961612,45.901592,43.151458559796446,45.901592
2026-06-28 17:00:00,41.99928663483103,41.052696,41.596715189731334,41.052696
2026-06-28 17:15:00,53.12290761873385,41.876812,41.42228656605788,41.876812
2026-06-28 17:30:00,31.048670701048074,42.029602,41.443581202871705,42.029602
2026-06-28 17:45:00,30.14740468211555,43.86938,42.4623911077513,43.86938
2026-06-28 18:00:00,37.807280008139855,40.038128,40.83985566351538,40.038128
2026-06-28 18:15:00,35.18260331234103,41.222393,41.281392376796916,41.222393
2026-06-28 18:30:00,40.97031338517978,41.182606,40.91727836979785,41.182606
2026-06-28 18:45:00,43.51638957129197,40.208305,40.912974021971735,40.208305
2026-06-28 19:00:00,44.96286595535491,40.94212,40.402176130886055,40.94212
2026-06-28 19:15:00,30.27336479137086,41.33456,41.104275031353225,41.33456
2026-06-28 19:30:00,35.295649145906346,42.385624,40.89452517308205,42.385624
2026-06-28 19:45:00,42.70518062071299,41.227154,41.06095780796646,41.227154
2026-06-28 20:00:00,27.456659270413383,41.73649,41.51121842562737,41.73649
2026-06-28 20:15:00,34.602066173032014,41.673485,41.00219941803922,41.673485
2026-06-28 20:30:00,52.8027871721829,42.106663,41.187414173299054,42.106663
2026-06-28 20:45:00,52.52225336949129,41.01573,41.02731395891157,41.01573
2026-06-28 21:00:00,38.96655618464448,40.47637,41.33266481111551,40.47637
2026-06-28 21:15:00,40.73991183663109,43.640213,42.60024826620506,43.640213
2026-06-28 21:30:00,31.79018719357798,41.21468,40.969322208703666,41.21468
2026-06-28 21:45:00,36.677284899508265,41.82684,41.01937151795135,41.82684
2026-06-28 22:00:00,31.733981806071004,40.887596,40.88176378372774,40.887596
2026-06-28 22:15:00,42.85002439485018,42.080746,41.668143050201714,42.080746
2026-06-28 22:30:00,34.419277160022645,42.342407,41.96041523487442,42.342407
2026-06-28 22:45:00,53.83435005777814,40.42083,42.35920435604198,40.42083
2026-06-28 23:00:00,45.7566188950853,41.406418,41.293973582665686,41.406418
2026-06-28 23:15:00,49.34372030577864,41.53851,41.471198797901216,41.53851
2026-06-28 23:30:00,43.95626404419775,41.453243,41.16865611286257,41.453243
2026-06-28 23:45:00,31.405258735971373,42.496635,41.49239853747979,42.496635
2026-06-29 00:00:00,37.410283548657816,38.92502,39.87468423947395,38.92502
2026-06-29 00:15:00,34.843843419623354,39.386467,39.90814379286718,39.386467
2026-06-29 00:30:00,48.49684894908988,40.42286,40.07485418380496,40.42286
2026-06-29 00:45:00,57.01157051302337,39.9671,40.73260827227491,39.9671
2026-06-29 01:00:00,48.02007949063542,40.34935,39.171965768102254,40.34935
2026-06-29 01:15:00,40.49513718099429,40.650326,40.23830924471619,40.650326
2026-06-29 01:30:00,45.82579053285527,39.384422,39.817750840658,39.384422
2026-06-29 01:45:00,37.67153104760787,40.387577,39.93987688735278,40.387577
2026-06-29 02:00:00,67.50686425922126,39.41245,40.15850390893341,39.41245
2026-06-29 02:15:00,46.90534243719348,39.605488,39.11346725848692,39.605488
2026-06-29 02:30:00,26.551554226959777,40.28621,39.504501181356524,40.28621
2026-06-29 02:45:00,32.65217972134262,39.334576,40.064394994107154,39.334576
2026-06-29 03:00:00,50.443301291396224,36.374405,39.30469894937795,36.374405
2026-06-29 03:15:00,48.93583954517784,39.60665,40.022988157578574,39.60665
2026-06-29 03:30:00,25.84270249181957,39.75406,40.530639968815784,39.75406
2026-06-29 03:45:00,37.78184085567591,39.477043,39.1298777260253,39.477043
2026-06-29 04:00:00,37.86140483216635,40.876263,41.731079069431075,40.876263
2026-06-29 04:15:00,43.27322826781594,38.317554,39.48889932694232,38.317554
2026-06-29 04:30:00,43.18152096370582,39.81346,41.12054783160515,39.81346
2026-06-29 04:45:00,57.369448574865714,39.09984,39.483453106507255,39.09984
2026-06-29 05:00:00,36.24846787246494,39.481907,40.12714449371319,39.481907
2026-06-29 05:15:00,32.27200254543957,39.194138,39.728101314902744,39.194138
2026-06-29 05:30:00,35.18752076247069,38.311954,38.63357426198584,38.311954
2026-06-29 05:45:00,26.479369872067952,38.34115,39.39764216533882,38.34115
2026-06-29 06:00:00,38.55955306310335,39.122807,40.78904784777877,39.122807
2026-06-29 06:15:00,31.41777906240653,39.560738,41.87017330813992,39.560738
2026-06-29 06:30:00,53.395722533061054,37.491863,39.669970433304954,37.491863
2026-06-29 06:45:00,51.45221137480426,39.27453,41.14631498578906,39.27453
2026-06-29 07:00:00,38.54377895877327,40.049076,41.14271601127679,40.049076
2026-06-29 07:15:00,47.893589657941725,40.704075,41.19584315009371,40.704075
2026-06-29 07:30:00,44.2772830936571,40.343235,41.48492992043334,40.343235
2026-06-29 07:45:00,36.47860637335947,40.73108,41.07515099565995,40.73108
2026-06-29 08:00:00,46.26643149072498,41.93156,42.72263988420504,41.93156
2026-06-29 08:15:00,50.88279027379832,45.732464,48.59783235469026,45.732464
2026-06-29 08:30:00,35.72278042886103,42.24827,44.607576113569706,42.24827
2026-06-29 08:45:00,39.38039541717887,43.98885,45.9000332626385,43.98885
2026-06-29 09:00:00,36.859178977563616,39.577267,42.17465939437235,39.577267
2026-06-29 09:15:00,40.3644578092795,39.130398,41.73353310315574,39.130398
2026-06-29 09:30:00,28.75569946260456,40.291584,41.03855956381491,40.291584
2026-06-29 09:45:00,51.29340013107077,41.98588,41.13970998371012,41.98588
2026-06-29 10:00:00,44.38486486766909,40.4591,39.42956884771246,40.4591
2026-06-29 10:15:00,51.78145893790703,40.982677,41.009239293147914,40.982677
2026-06-29 10:30:00,38.8196814866711,42.101826,40.78688499275911,42.101826
2026-06-29 10:45:00,27.547223625526623,40.82139,40.391132301938754,40.82139
2026-06-29 11:00:00,25.0,40.545864,40.15980866195469,40.545864
2026-06-29 11:15:00,37.95163774203978,39.94719,39.51965269011235,39.94719
2026-06-29 11:30:00,48.76627907740183,39.3647,39.61327359186132,39.3647
2026-06-29 11:45:00,53.432867385751024,40.37127,40.01726734158938,40.37127
2026-06-29 12:00:00,47.10695399025037,37.598198,39.55624899151305,37.598198
2026-06-29 12:15:00,28.261783908543503,41.719852,41.076728426081324,41.719852
2026-06-29 12:30:00,48.56576140978863,40.90771,40.86527398867269,40.90771
2026-06-29 12:45:00,46.50830450507124,40.007275,40.30748647772201,40.007275
2026-06-29 13:00:00,40.32256484546251,39.62666,39.80492779991261,39.62666
2026-06-29 13:15:00,42.12402675299695,41.189545,41.01653703369742,41.189545
2026-06-29 13:30:00,42.86357076173794,41.768604,40.34382554079667,41.768604
2026-06-29 13:45:00,45.70414211199106,42.588497,41.20305693503307,42.588497
2026-06-29 14:00:00,45.00088809031121,41.64472,40.85445831817554,41.64472
2026-06-29 14:15:00,42.9434773882209,40.562626,39.80539138034448,40.562626
2026-06-29 14:30:00,40.97178538946983,41.336784,40.61302187292952,41.336784
2026-06-29 14:45:00,49.73804577213952,40.655422,40.38493090952926,40.655422
2026-06-29 15:00:00,35.319865263756384,39.752934,40.084924296713574,39.752934
2026-06-29 15:15:00,33.93417462769932,42.706215,41.47982111927383,42.706215
2026-06-29 15:30:00,45.197296007748974,40.88873,40.30842131456604,40.88873
2026-06-29 15:45:00,41.968520914207176,40.27765,39.938772014478275,40.27765
2026-06-29 16:00:00,46.959915882342585,43.977142,41.54175480944738,43.977142
2026-06-29 16:15:00,41.7391296223679,43.55975,41.487757135890156,43.55975
2026-06-29 16:30:00,39.83823960920332,41.37517,41.49619032515408,41.37517
2026-06-29 16:45:00,37.02503375277232,43.95661,41.934881238388364,43.95661
2026-06-29 17:00:00,38.280040547228914,40.865955,40.76401280239142,40.865955
2026-06-29 17:15:00,35.4069356368392,40.418034,40.26912315863954,40.418034
2026-06-29 17:30:00,34.40385723521825,42.35137,41.370649949137935,42.35137
2026-06-29 17:45:00,43.968285414935856,42.883045,40.756471661052615,42.883045
2026-06-29 18:00:00,50.15985366302624,39.29755,41.157230434682056,39.29755
2026-06-29 18:15:00,37.57177065204394,42.55143,41.64303770920218,42.55143
2026-06-29 18:30:00,36.15813609979743,40.09375,41.72062345506658,40.09375
2026-06-29 18:45:00,39.34355849073303,39.425262,40.0979206786411,39.425262
2026-06-29 19:00:00,36.416999574606166,41.927673,40.86712162207026,41.927673
2026-06-29 19:15:00,27.78178085217941,43.76618,41.426763776747585,43.76618
2026-06-29 19:30:00,51.44103786647564,42.455593,41.88861532155602,42.455593
2026-06-29 19:45:00,43.36114338334269,39.386444,41.18613538306511,39.386444
2026-06-29 20:00:00,25.0,42.08241,41.48174172281794,42.08241
2026-06-29 20:15:00,26.08452699265457,41.076447,42.03002498512998,41.076447
2026-06-29 20:30:00,28.054654091979344,39.908573,40.78888131379828,39.908573
2026-06-29 20:45:00,40.45465352485482,38.23835,40.82280535526719,38.23835
2026-06-29 21:00:00,38.76849548810953,38.206577,41.27019166149925,38.206577
2026-06-29 21:15:00,32.109199244646376,38.14066,39.17439821800205,38.14066
2026-06-29 21:30:00,41.30054000760077,40.46477,41.60517225957953,40.46477
2026-06-29 21:45:00,28.477146910610745,39.922054,40.794748175214764,39.922054
2026-06-29 22:00:00,39.20159294704886,41.54456,39.79411843753126,41.54456
2026-06-29 22:15:00,25.06855519546431,41.075603,38.60446187055544,41.075603
2026-06-29 22:30:00,39.303646121329685,41.198048,38.05850154136718,41.198048
2026-06-29 22:45:00,64.47035109391189,42.146286,39.4815914491523,42.146286
2026-06-29 23:00:00,49.82190572941373,39.663715,40.517868121096875,39.663715
2026-06-29 23:15:00,31.01815817577404,38.72547,39.310370813874584,38.72547
2026-06-29 23:30:00,39.33278978687336,40.50572,40.457239401037135,40.50572
2026-06-29 23:45:00,28.95315799692159,40.934166,39.76199797376429,40.934166
2026-06-30 00:00:00,58.78604289095675,41.522915,38.575588929998304,41.522915
2026-06-30 00:15:00,35.52568406449492,40.842934,39.71655392607383,40.842934
2026-06-30 00:30:00,43.49373253177756,41.279987,40.79592544026119,41.279987
2026-06-30 00:45:00,30.49758922935932,41.846134,41.32623447912466,41.846134
2026-06-30 01:00:00,56.51384068683637,39.490772,39.70952886985271,39.490772
2026-06-30 01:15:00,25.0,39.94935,39.81264246180817,39.94935
2026-06-30 01:30:00,33.8186883061993,41.10352,40.47451328734608,41.10352
2026-06-30 01:45:00,43.0975392517793,41.7829,39.98404089358053,41.7829
2026-06-30 02:00:00,37.29638533641198,37.626484,40.02630924755103,37.626484
2026-06-30 02:15:00,31.537790727852453,40.440487,39.558296153675634,40.440487
2026-06-30 02:30:00,51.4694060821868,40.430073,40.011828821324315,40.430073
2026-06-30 02:45:00,37.23341546467448,39.965164,40.774624622533345,39.965164
2026-06-30 03:00:00,53.12784831051157,40.27458,40.24740124201956,40.27458
2026-06-30 03:15:00,32.27582539727718,41.2494,40.597464628175395,41.2494
2026-06-30 03:30:00,40.70929426351553,42.766285,42.29615028965402,42.766285
2026-06-30 03:45:00,31.1577751123945,39.78277,39.8689209129219,39.78277
2026-06-30 04:00:00,33.052438476670474,39.655113,39.81294235223933,39.655113
2026-06-30 04:15:00,34.63255410984411,39.400146,40.85632078369243,39.400146
2026-06-30 04:30:00,46.377031308447386,39.223366,40.45347189181084,39.223366
2026-06-30 04:45:00,47.72738781515112,38.55648,39.33478904862593,38.55648
2026-06-30 05:00:00,43.65344220379697,40.271122,40.51145534979281,40.271122
2026-06-30 05:15:00,51.739909235149575,41.8914,41.189339669019965,41.8914
2026-06-30 05:30:00,32.65141707142827,40.3927,39.95644295136647,40.3927
2026-06-30 05:45:00,53.16097458569749,41.96527,42.802027257535315,41.96527
2026-06-30 06:00:00,46.30482503724987,39.99882,40.47181402979877,39.99882
2026-06-30 06:15:00,38.95712333929932,41.562347,41.756835659923205,41.562347
2026-06-30 06:30:00,41.028089709047705,39.81695,40.759872642102785,39.81695
2026-06-30 06:45:00,47.26358538759442,40.442356,40.768864477235724,40.442356
2026-06-30 07:00:00,49.43507688732659,40.614532,40.765938870750766,40.614532
2026-06-30 07:15:00,37.25923214575103,39.968975,40.11330216756178,39.968975
2026-06-30 07:30:00,41.2429233907563,39.93361,40.01632564906746,39.93361
2026-06-30 07:45:00,33.764877803677194,41.686638,41.34423588201493,41.686638
2026-06-30 08:00:00,49.4648577168697,40.277782,40.33065125168762,40.277782
2026-06-30 08:15:00,34.183671156901774,40.20025,41.155148422321474,40.20025
2026-06-30 08:30:00,34.353970670446415,40.60016,39.68515619266198,40.60016
2026-06-30 08:45:00,47.80430100771095,40.137726,39.18183276644657,40.137726
2026-06-30 09:00:00,38.30125107410824,40.512966,41.3977045254538,40.512966
2026-06-30 09:15:00,41.63745229734147,40.231274,39.18411447822197,40.231274
2026-06-30 09:30:00,51.51884153161027,42.581573,41.120265291410796,42.581573
2026-06-30 09:45:00,61.70547041471103,40.89832,41.3207517727816,40.89832
2026-06-30 10:00:00,34.28540383074722,40.020687,39.91286167925381,40.020687
2026-06-30 10:15:00,35.776776824156286,39.288055,39.83451480352669,39.288055
2026-06-30 10:30:00,34.40447735075616,39.777534,39.78960462289134,39.777534
2026-06-30 10:45:00,37.60323370743637,39.588867,40.47191833046878,39.588867
2026-06-30 11:00:00,38.07688196288935,41.192413,39.46272436849097,41.192413
2026-06-30 11:15:00,39.28717575419209,40.464825,40.03533332225182,40.464825
2026-06-30 11:30:00,36.76734932725629,40.947,40.48142131334186,40.947
2026-06-30 11:45:00,42.14575662478857,39.48921,39.66211638749341,39.48921
2026-06-30 12:00:00,29.86026817210813,39.42842,39.525659309455875,39.42842
2026-06-30 12:15:00,41.4272200006739,41.491154,41.70946512360446,41.491154
2026-06-30 12:30:00,43.24411444407794,39.305084,39.40452881752865,39.305084
2026-06-30 12:45:00,42.10848745594565,39.042027,39.28797138769855,39.042027
2026-06-30 13:00:00,31.7131153842228,39.393883,39.922726038689255,39.393883
2026-06-30 13:15:00,43.70368449641971,40.32047,40.41104935611372,40.32047
2026-06-30 13:30:00,34.22131952241559,40.32047,40.56523759212487,40.32047
2026-06-30 13:45:00,27.923027744545173,39.530483,39.41138893281947,39.530483
2026-06-30 14:00:00,37.90613549789124,42.391533,41.224276338327925,42.391533
2026-06-30 14:15:00,37.7931807135031,39.541748,39.72679952884045,39.541748
2026-06-30 14:30:00,45.76206591546914,41.596188,40.647730166652266,41.596188
2026-06-30 14:45:00,52.44522575188845,41.204506,40.09283867122937,41.204506
2026-06-30 15:00:00,34.14321843017325,41.47937,41.73785877815228,41.47937
2026-06-30 15:15:00,44.11491270174152,41.007652,40.963664740185905,41.007652
2026-06-30 15:30:00,37.19238065024097,41.820057,41.30487876781658,41.820057
2026-06-30 15:45:00,38.95553211470241,42.067657,40.577146246455854,42.067657
2026-06-30 16:00:00,70.86651583340604,41.98514,41.1828753399893,41.98514
2026-06-30 16:15:00,27.53973615579332,41.793476,40.82118342845474,41.793476
2026-06-30 16:30:00,31.821579069392463,41.829082,40.807664235524044,41.829082
2026-06-30 16:45:00,42.638385279565306,42.099968,42.05019459799418,42.099968
2026-06-30 17:00:00,43.89895405690952,38.920887,38.70760392393887,38.920887
2026-06-30 17:15:00,43.16070258563185,39.40037,40.89130445971293,39.40037
2026-06-30 17:30:00,44.44977296195149,41.540207,40.804565482707716,41.540207
2026-06-30 17:45:00,30.77133403587233,42.341637,41.15334661374174,42.341637
2026-06-30 18:00:00,32.601380488623974,44.236427,41.44755455519406,44.236427
2026-06-30 18:15:00,29.55304788572981,40.128387,40.4532503495444,40.128387
2026-06-30 18:30:00,40.68680775952738,40.084267,40.652788778528084,40.084267
2026-06-30 18:45:00,59.07211093058172,40.265842,39.795912816045565,40.265842
2026-06-30 19:00:00,50.27188127352064,40.782845,40.804572003502265,40.782845
2026-06-30 19:15:00,56.43166803728101,40.990585,40.93547627281179,40.990585
2026-06-30 19:30:00,51.16114081428994,40.40214,40.67654907516006,40.40214
2026-06-30 19:45:00,41.35648567518653,40.14018,40.90366660298626,40.14018
2026-06-30 20:00:00,37.69572625053236,40.38783,40.670657545334805,40.38783
2026-06-30 20:15:00,48.7816071484419,41.720688,41.64066537266298,41.720688
2026-06-30 20:30:00,39.64941604574066,43.452988,42.462192440127815,43.452988
2026-06-30 20:45:00,48.627324729447366,40.602406,41.67310501220866,40.602406
2026-06-30 21:00:00,41.118317564229855,41.695538,41.27697167959839,41.695538
2026-06-30 21:15:00,51.06357164731583,46.037754,42.466555322602,46.037754
2026-06-30 21:30:00,44.19484989661526,42.020374,41.737140408790324,42.020374
2026-06-30 21:45:00,31.81212356030249,43.066998,42.72253555328994,43.066998
2026-06-30 22:00:00,58.596341661900425,42.397865,40.688320691465236,42.397865
2026-06-30 22:15:00,37.84210690136275,40.697968,39.08597382011697,40.697968
2026-06-30 22:30:00,50.12594814844165,40.868958,41.013277869123485,40.868958
2026-06-30 22:45:00,51.77603910104504,40.38096,41.27817037262846,40.38096
2026-06-30 23:00:00,27.135129740398792,40.012062,40.33281147875399,40.012062
2026-06-30 23:15:00,29.31731643889662,41.75726,40.82432975058145,41.75726
2026-06-30 23:30:00,56.91300008236904,41.07191,40.44652240525354,41.07191
2026-06-30 23:45:00,33.41138853798698,42.399033,42.35413322329763,42.399033
2026-07-01 00:00:00,56.789086203734456,59.58429,62.74207101882489,59.58429
2026-07-01 00:15:00,69.99738520344607,68.710526,82.97682127976886,68.710526
2026-07-01 00:30:00,62.26268792079532,56.649487,60.521675785402664,56.649487
2026-07-01 00:45:00,58.62756207586235,67.18125,80.32997625994892,67.18125
2026-07-01 01:00:00,62.38586936845459,58.060455,61.4314177549492,58.060455
2026-07-01 01:15:00,79.19153838428716,72.04005,79.62664910278562,72.04005
2026-07-01 01:30:00,65.10665557127847,70.31988,82.30602367029624,70.31988
2026-07-01 01:45:00,69.14653270691252,57.470737,60.97455897514538,57.470737
2026-07-01 02:00:00,72.61307637556185,62.62869,82.51511662086426,62.62869
2026-07-01 02:15:00,53.00272884020881,71.074036,81.47363355421953,71.074036
2026-07-01 02:30:00,53.256423773599394,59.169476,60.979282995024505,59.169476
2026-07-01 02:45:00,72.78414456114183,62.740078,82.57637931626232,62.740078
2026-07-01 03:00:00,55.17687991454577,63.60494,61.372051586624515,63.60494
2026-07-01 03:15:00,58.40567278450658,80.15229,79.18339672247309,80.15229
2026-07-01 03:30:00,61.9335115310723,62.914516,66.45315830874655,62.914516
2026-07-01 03:45:00,64.54748488019997,80.27814,86.1525847555906,80.27814
2026-07-01 04:00:00,72.59013477207618,83.493774,86.24512169079765,83.493774
2026-07-01 04:15:00,66.4448392788476,81.6025,88.65985576955619,81.6025
2026-07-01 04:30:00,48.85996184864372,64.393456,64.63277804610553,64.393456
2026-07-01 04:45:00,66.79478960230631,64.163445,64.02004401802117,64.163445
2026-07-01 05:00:00,49.72426764991387,65.92313,66.50703885951182,65.92313
2026-07-01 05:15:00,69.13363820857597,65.60746,66.54624373656318,65.60746
2026-07-01 05:30:00,63.46001734009456,81.88884,87.48089541271604,81.88884
2026-07-01 05:45:00,63.51881849542652,64.90211,64.31038095628675,64.90211
2026-07-01 06:00:00,139.8683834343005,84.92248,76.64530107147066,84.92248
2026-07-01 06:15:00,118.73484952701142,92.94341,102.40387025339729,92.94341
2026-07-01 06:30:00,152.60219767967413,87.455284,76.78736567115581,87.455284
2026-07-01 06:45:00,102.80336085189732,85.38482,80.68472198241653,85.38482
2026-07-01 07:00:00,123.26762939631551,83.726006,79.6390273627854,83.726006
2026-07-01 07:15:00,116.73033609735262,98.445496,102.30705575402098,98.445496
2026-07-01 07:30:00,115.00703062077338,91.983475,80.23042177135011,91.983475
2026-07-01 07:45:00,114.76959158444586,135.10062,107.51558440903729,135.10062
2026-07-01 08:00:00,351.3982961433659,106.692924,100.2137206146028,106.692924
2026-07-01 08:15:00,331.5238900991218,280.7331,168.30399916565702,280.7331
2026-07-01 08:30:00,302.68082177236136,266.6533,163.29432174676802,266.6533
2026-07-01 08:45:00,308.4416024063102,229.36502,133.92075877775565,229.36502
2026-07-01 09:00:00,312.255060384568,323.9622,329.980977237509,323.9622
2026-07-01 09:15:00,311.3680919708668,325.8848,327.56529765604415,325.8848
2026-07-01 09:30:00,322.42937995068166,327.276,325.8430116188186,327.276
2026-07-01 09:45:00,331.3184375168732,327.0657,300.4816806013802,327.0657
2026-07-01 10:00:00,312.58628705942374,285.9458,299.8810919035279,285.9458
2026-07-01 10:15:00,293.0574942978311,284.80872,295.92500506541637,284.80872
2026-07-01 10:30:00,296.4122828166784,290.84854,299.4989462758064,290.84854
2026-07-01 10:45:00,300.0228500459765,292.9435,301.8381090210029,292.9435
2026-07-01 11:00:00,297.02433244515925,287.54068,298.6648702397225,287.54068
2026-07-01 11:15:00,299.49863511236373,295.02417,298.1385939899991,295.02417
2026-07-01 11:30:00,289.78967702988155,289.63318,293.8335559658451,289.63318
2026-07-01 11:45:00,301.87747842753674,290.08432,286.0836578943814,290.08432
2026-07-01 12:00:00,308.18701486503386,288.85916,285.30812056711426,288.85916
2026-07-01 12:15:00,323.36936626938564,290.01434,284.1831163358463,290.01434
2026-07-01 12:30:00,302.07302877282774,290.6134,285.5954544640463,290.6134
2026-07-01 12:45:00,310.9690377097822,291.78812,285.09543615377294,291.78812
2026-07-01 13:00:00,298.82968933817466,285.06067,282.2212762702246,285.06067
2026-07-01 13:15:00,296.79288569998533,288.81857,283.05542689969894,288.81857
2026-07-01 13:30:00,305.9478795247409,294.24222,290.03210218576174,294.24222
2026-07-01 13:45:00,343.544850894645,291.23383,288.25296236320446,291.23383
2026-07-01 14:00:00,317.2439119796319,290.06714,286.99703384324556,290.06714
2026-07-01 14:15:00,306.4093049543085,289.51456,287.0310306585652,289.51456
2026-07-01 14:30:00,302.1917775577735,288.93478,284.7767820269539,288.93478
2026-07-01 14:45:00,311.1135834923035,286.40146,270.68078443832815,286.40146
2026-07-01 15:00:00,299.27852758232194,279.7576,276.75249675768083,279.7576
2026-07-01 15:15:00,307.3322067861344,288.7232,284.25502468434377,288.7232
2026-07-01 15:30:00,307.61233841895887,285.02496,281.57503309638764,285.02496
2026-07-01 15:45:00,303.7795254013703,292.00888,280.42789964126763,292.00888
2026-07-01 16:00:00,320.37650379380267,286.0527,259.37347025018454,286.0527
2026-07-01 16:15:00,322.0224527682119,291.186,284.37272437234503,291.186
2026-07-01 16:30:00,300.53184314417274,280.5528,275.3590488338121,280.5528
2026-07-01 16:45:00,276.70434528209887,284.77512,275.96876202655284,284.77512
2026-07-01 17:00:00,303.83738107554007,286.5319,277.8652599492064,286.5319
2026-07-01 17:15:00,308.90953873173925,283.98163,276.2448129621936,283.98163
2026-07-01 17:30:00,287.82024492792044,284.20602,274.5239737019138,284.20602
2026-07-01 17:45:00,281.3461653021224,278.53677,275.7982871164353,278.53677
2026-07-01 18:00:00,125.91505420780696,151.7706,161.93602900387967,151.7706
2026-07-01 18:15:00,143.49305585266794,148.15068,160.35120510464367,148.15068
2026-07-01 18:30:00,114.91575964354932,155.37996,163.91913047152283,155.37996
2026-07-01 18:45:00,139.92619418168772,151.11807,145.42242703934795,151.11807
2026-07-01 19:00:00,138.5326303073833,198.94792,121.85812894589021,198.94792
2026-07-01 19:15:00,165.04033765679597,189.77359,122.61560235181922,189.77359
2026-07-01 19:30:00,146.5537643950666,190.72722,128.5893591136478,190.72722
2026-07-01 19:45:00,126.57343453738358,194.41472,127.74747002573835,194.41472
2026-07-01 20:00:00,133.98124095725504,200.63237,151.14717588846233,200.63237
2026-07-01 20:15:00,151.07947073736463,199.18346,126.97661857993147,199.18346
2026-07-01 20:30:00,138.28626662549652,201.0719,142.88280054586414,201.0719
2026-07-01 20:45:00,135.54760525004613,198.26392,126.45279225364655,198.26392
2026-07-01 21:00:00,136.69442055481397,200.44272,127.63432144632459,200.44272
2026-07-01 21:15:00,133.11644416765495,123.44325,109.335251566279,123.44325
2026-07-01 21:30:00,148.60112134090213,126.195885,98.40043714590823,126.195885
2026-07-01 21:45:00,133.914177489211,144.17899,121.96514220194565,144.17899
2026-07-01 22:00:00,139.98757440016922,123.44727,95.03196893375035,123.44727
2026-07-01 22:15:00,134.79968186159942,139.89067,122.0781673894091,139.89067
2026-07-01 22:30:00,138.85041996830705,121.2335,95.41808000531682,121.2335
2026-07-01 22:45:00,130.7127503869974,125.21842,95.19436239268953,125.21842
2026-07-01 23:00:00,131.13537682712408,146.50548,123.82933156367949,146.50548
2026-07-01 23:15:00,133.12323382004234,147.21112,122.4346307129229,147.21112
2026-07-01 23:30:00,133.1735586538095,130.38069,95.72803081547966,130.38069
2026-07-01 23:45:00,155.8738009261349,151.21657,124.58752673175324,151.21657
2026-07-02 00:00:00,44.294853502848056,65.1365,66.12307597022263,65.1365
2026-07-02 00:15:00,69.41931910716802,66.25539,65.6683217579674,66.25539
2026-07-02 00:30:00,63.33951803544368,64.91493,65.18315859847799,64.91493
2026-07-02 00:45:00,79.79537635918649,69.99938,65.85223053498845,69.99938
2026-07-02 01:00:00,53.29690595353794,65.75995,65.47710341191319,65.75995
2026-07-02 01:15:00,73.06981477226715,65.30879,65.44047595097607,65.30879
2026-07-02 01:30:00,58.85285998086948,65.078255,65.53540114725692,65.078255
2026-07-02 01:45:00,62.00811144598746,65.80581,73.39802979661877,65.80581
2026-07-02 02:00:00,83.25958511395623,64.03664,64.55918664604624,64.03664
2026-07-02 02:15:00,64.36135538936225,65.726425,65.4467513527907,65.726425
2026-07-02 02:30:00,62.07564808158631,64.60488,64.29573561985467,64.60488
2026-07-02 02:45:00,67.10503100797102,66.18661,65.53889387356965,66.18661
2026-07-02 03:00:00,65.52111319220884,69.77342,68.06331890254003,69.77342
2026-07-02 03:15:00,62.54824518224263,65.33849,65.59977785166906,65.33849
2026-07-02 03:30:00,77.91540500199008,65.69552,65.66410334626069,65.69552
2026-07-02 03:45:00,69.34422792626341,64.93505,64.75856562087378,64.93505
2026-07-02 04:00:00,84.36091212769018,66.61546,67.10469467657411,66.61546
2026-07-02 04:15:00,72.39248599453285,65.50859,66.21758169059937,65.50859
2026-07-02 04:30:00,79.61042124994776,65.25291,66.01999493559612,65.25291
2026-07-02 04:45:00,91.57917489056204,64.94932,64.7780547906965,64.94932
2026-07-02 05:00:00,59.08412595894188,66.623825,67.3938302353484,66.623825
2026-07-02 05:15:00,61.94409139517513,64.64395,64.68440013536188,64.64395
2026-07-02 05:30:00,68.22927056918999,65.363365,66.3245603312971,65.363365
2026-07-02 05:45:00,67.45228516021967,66.33091,66.28981138389737,66.33091
2026-07-02 06:00:00,138.74428323801484,133.98938,135.01953165368909,133.98938
2026-07-02 06:15:00,131.70589824799276,124.3709,119.59660244046047,124.3709
2026-07-02 06:30:00,112.78835780558651,118.258736,113.42732507516874,118.258736
2026-07-02 06:45:00,130.77296275773315,113.34401,121.28798659787326,113.34401
2026-07-02 07:00:00,108.40801094753866,119.296005,120.50688991522222,119.296005
2026-07-02 07:15:00,137.34115072791812,133.47476,133.20476062711023,133.47476
2026-07-02 07:30:00,72.43574204907083,117.23338,109.78564159250556,117.23338
2026-07-02 07:45:00,114.30705614202924,115.38254,117.33062055112224,115.38254
2026-07-02 08:00:00,337.95078963505097,321.2127,326.6157269693453,321.2127
2026-07-02 08:15:00,322.66188969248327,343.52158,338.3165374318842,343.52158
2026-07-02 08:30:00,327.8703195654655,282.8039,217.02189431265435,282.8039
2026-07-02 08:45:00,334.22735028023016,324.8815,287.36576150374975,324.8815
2026-07-02 09:00:00,333.9926126509497,327.06003,336.8720816781456,327.06003
2026-07-02 09:15:00,279.0808685628199,325.13766,334.34780045078094,325.13766
2026-07-02 09:30:00,330.5155010601206,330.70926,329.86291985207066,330.70926
2026-07-02 09:45:00,303.16725702919285,328.43875,327.42410405985254,328.43875
2026-07-02 10:00:00,292.5680013933543,296.7131,301.22773753918716,296.7131
2026-07-02 10:15:00,309.85417720790144,293.3518,297.6308333272993,293.3518
2026-07-02 10:30:00,288.346486859761,298.2914,298.6544314841525,298.2914
2026-07-02 10:45:00,290.63746058859226,299.5293,298.8629668329125,299.5293
2026-07-02 11:00:00,296.62787265639435,298.38016,298.000097272212,298.38016
2026-07-02 11:15:00,305.8929382368097,302.38092,302.2562070332583,302.38092
2026-07-02 11:30:00,316.38484600187724,301.51285,302.34485168167413,301.51285
2026-07-02 11:45:00,309.34686006787496,302.906,302.8135077143419,302.906
2026-07-02 12:00:00,335.50682599940734,303.49405,302.5733801871251,303.49405
2026-07-02 12:15:00,310.7075359537332,302.42313,302.52696792327663,302.42313
2026-07-02 12:30:00,280.0107886175459,304.22516,304.1196809929908,304.22516
2026-07-02 12:45:00,294.8017414750457,304.46176,303.6657467906388,304.46176
2026-07-02 13:00:00,286.57158715167543,303.069,302.8770454318468,303.069
2026-07-02 13:15:00,301.8558170507674,300.0967,302.63718361885475,300.0967
2026-07-02 13:30:00,320.0860289386035,298.60522,301.0618954677204,298.60522
2026-07-02 13:45:00,298.3872306514381,317.5497,334.8946182704264,317.5497
2026-07-02 14:00:00,287.50878438086045,299.54904,299.9135656964947,299.54904
2026-07-02 14:15:00,305.8236885164212,299.65076,299.43978967213354,299.65076
2026-07-02 14:30:00,298.35964229137863,302.5149,303.0465601164784,302.5149
2026-07-02 14:45:00,313.26200067601,303.0007,302.86055216352804,303.0007
2026-07-02 15:00:00,306.965897571915,301.55322,303.0564679354553,301.55322
2026-07-02 15:15:00,284.55859222016824,294.7451,294.0892934489725,294.7451
2026-07-02 15:30:00,308.80515478316886,300.9597,302.25925267509865,300.9597
2026-07-02 15:45:00,299.81075106951045,303.15787,301.4722096829207,303.15787
2026-07-02 16:00:00,302.6242218977341,297.28748,297.5089194531008,297.28748
2026-07-02 16:15:00,297.25147801880024,298.37305,297.2176108898498,298.37305
2026-07-02 16:30:00,313.31012112700864,304.6876,304.13546679112653,304.6876
2026-07-02 16:45:00,299.74015689922936,296.54028,297.333256987593,296.54028
2026-07-02 17:00:00,295.79769386705897,290.82495,291.2310583879955,290.82495
2026-07-02 17:15:00,280.90655107632097,291.6118,292.39694047192717,291.6118
2026-07-02 17:30:00,302.5200088559928,297.5989,295.62681788653254,297.5989
2026-07-02 17:45:00,287.0240420995554,291.21347,291.89924796837704,291.21347
2026-07-02 18:00:00,141.63673572195165,140.44804,143.47100000826373,140.44804
2026-07-02 18:15:00,151.45932155647807,147.1922,147.28464852518795,147.1922
2026-07-02 18:30:00,150.22667988996912,126.760216,141.05489341471412,126.760216
2026-07-02 18:45:00,133.9086377082678,143.24728,139.5090105241846,143.24728
2026-07-02 19:00:00,150.73619774100314,138.1019,136.58719193833957,138.1019
2026-07-02 19:15:00,169.3877714858727,133.24397,134.6279249361632,133.24397
2026-07-02 19:30:00,110.04050618981636,139.25874,136.0032259132188,139.25874
2026-07-02 19:45:00,142.15953455385946,136.36256,128.934834801058,136.36256
2026-07-02 20:00:00,151.51673824847242,141.59813,137.30847710823952,141.59813
2026-07-02 20:15:00,148.62893075914715,150.24568,148.81218320227708,150.24568
2026-07-02 20:30:00,140.57351797577604,141.43217,140.51615915944646,141.43217
2026-07-02 20:45:00,164.7916801520947,139.70277,139.40132993197315,139.70277
2026-07-02 21:00:00,160.75175279897118,140.95203,140.69859070113628,140.95203
2026-07-02 21:15:00,144.0022391368852,138.61191,139.61792394093413,138.61191
2026-07-02 21:30:00,141.2351378722906,141.07819,140.52331933433945,141.07819
2026-07-02 21:45:00,129.1775263449985,140.75371,140.61058096679744,140.75371
2026-07-02 22:00:00,166.21232155611995,139.91403,140.41576048458725,139.91403
2026-07-02 22:15:00,151.4812995308263,141.12497,141.462526542865,141.12497
2026-07-02 22:30:00,138.9581568668345,141.05852,141.64888176534953,141.05852
2026-07-02 22:45:00,139.72934238524928,138.6034,140.5287712072831,138.6034
2026-07-02 23:00:00,147.76774463910775,141.54898,140.7053346118179,141.54898
2026-07-02 23:15:00,134.7134776448831,140.76862,140.88671391332096,140.76862
2026-07-02 23:30:00,143.36812839776195,140.65622,140.58884378743295,140.65622
2026-07-02 23:45:00,124.75032160276106,141.36086,141.11323749423948,141.36086
2026-07-03 00:00:00,72.65899204753494,65.31912,65.34184357918771,65.31912
2026-07-03 00:15:00,59.724560587878855,65.310135,65.65791794112394,65.310135
2026-07-03 00:30:00,61.03940651519581,64.99438,66.18745945457326,64.99438
2026-07-03 00:45:00,65.87927407748649,66.03878,65.86100837209109,66.03878
2026-07-03 01:00:00,71.55963204641004,64.625374,65.63729990388357,64.625374
2026-07-03 01:15:00,72.94649811759206,65.23735,65.23756485651963,65.23735
2026-07-03 01:30:00,75.05295040831109,65.30963,65.19242736768027,65.30963
2026-07-03 01:45:00,57.83837128695613,65.553345,65.30641987396379,65.553345
2026-07-03 02:00:00,76.57916605218185,65.42784,65.98193002441326,65.42784
2026-07-03 02:15:00,58.05820057952434,65.85728,65.11527558283449,65.85728
2026-07-03 02:30:00,90.3675778732266,64.849335,65.53075321515354,64.849335
2026-07-03 02:45:00,75.30637597356323,64.49272,64.69019284477733,64.49272
2026-07-03 03:00:00,67.9999862226383,66.46128,67.54645471671925,66.46128
2026-07-03 03:15:00,71.8024890250313,65.62059,66.426499481234,65.62059
2026-07-03 03:30:00,71.60852533416997,65.14373,65.67916969071679,65.14373
2026-07-03 03:45:00,47.4065885897901,65.57624,65.32602068104424,65.57624
2026-07-03 04:00:00,54.01551302095756,68.1689,68.54644707095908,68.1689
2026-07-03 04:15:00,61.64740874332442,65.831314,64.54500889763149,65.831314
2026-07-03 04:30:00,46.44934273611924,66.57279,65.89337807600624,66.57279
2026-07-03 04:45:00,54.229923201069056,80.4647,67.23006470812584,80.4647
2026-07-03 05:00:00,62.22247081776137,64.995316,64.98661045001235,64.995316
2026-07-03 05:15:00,63.21831119120935,65.339806,65.67076783151991,65.339806
2026-07-03 05:30:00,63.18368051800163,64.19354,64.51005359165478,64.19354
2026-07-03 05:45:00,64.87717151291554,62.584766,65.57212697656581,62.584766
2026-07-03 06:00:00,123.45160656868084,134.0191,133.58620453892547,134.0191
2026-07-03 06:15:00,121.30536761610855,123.330215,123.29438138167704,123.330215
2026-07-03 06:30:00,132.9645411081158,132.22124,119.3215493777116,132.22124
2026-07-03 06:45:00,130.9713279835237,133.02466,132.19274367276722,133.02466
2026-07-03 07:00:00,115.94592708279755,114.694565,110.08008053019842,114.694565
2026-07-03 07:15:00,90.97918345377089,111.15335,106.4046113801507,111.15335
2026-07-03 07:30:00,99.09839873066942,69.779884,73.5094963949693,69.779884
2026-07-03 07:45:00,92.3069186319978,117.35163,108.75047689730346,117.35163
2026-07-03 08:00:00,321.19296481694033,313.21854,321.3770153479161,313.21854
2026-07-03 08:15:00,334.51823460719635,322.37018,243.7268000506914,322.37018
2026-07-03 08:30:00,319.40925561901673,335.04636,294.89508144498114,335.04636
2026-07-03 08:45:00,305.72853990235694,314.13928,327.56609485185794,314.13928
2026-07-03 09:00:00,352.30242230691806,338.60855,335.6233762954038,338.60855
2026-07-03 09:15:00,325.49624120459407,324.7707,331.88910411587057,324.7707
2026-07-03 09:30:00,309.85930145545376,328.58325,325.07849750214376,328.58325
2026-07-03 09:45:00,309.57894781267095,323.3371,335.2360913883392,323.3371
2026-07-03 10:00:00,292.93456211936416,295.93945,298.677139253106,295.93945
2026-07-03 10:15:00,304.59774200945577,297.96915,300.0156774700284,297.96915
2026-07-03 10:30:00,311.1646305472722,297.17264,296.9567170125935,297.17264
2026-07-03 10:45:00,306.59768334431345,297.7219,301.1587790630683,297.7219
2026-07-03 11:00:00,285.1650118157896,298.06186,296.5423878519871,298.06186
2026-07-03 11:15:00,303.3277111025725,302.0867,301.45614910722185,302.0867
2026-07-03 11:30:00,302.3072195312488,302.10403,302.8432361279414,302.10403
2026-07-03 11:45:00,329.0193362644742,299.98798,300.4832709093567,299.98798
2026-07-03 12:00:00,320.3858077768192,318.24365,333.6112916797988,318.24365
2026-07-03 12:15:00,298.55296665843895,298.5829,299.53393969224373,298.5829
2026-07-03 12:30:00,302.3252424650336,301.55127,297.29348176682635,301.55127
2026-07-03 12:45:00,311.41334365065103,303.70645,301.7649610392658,303.70645
2026-07-03 13:00:00,307.45030893066814,305.09763,300.19271079725803,305.09763
2026-07-03 13:15:00,303.99089022836046,299.4477,299.70216205842644,299.4477
2026-07-03 13:30:00,296.8628732874967,303.68353,301.8820630599693,303.68353
2026-07-03 13:45:00,322.9831500467958,299.7138,300.82357774054475,299.7138
2026-07-03 14:00:00,307.4718049068265,299.10123,300.81154141237397,299.10123
2026-07-03 14:15:00,307.29856771953763,305.27594,304.5638541417418,305.27594
2026-07-03 14:30:00,308.55299422581385,299.2774,301.212076056149,299.2774
2026-07-03 14:45:00,294.8675081736104,297.65402,298.3725708423255,297.65402
2026-07-03 15:00:00,300.2460616757827,296.85837,298.181055540117,296.85837
2026-07-03 15:15:00,293.37892394880544,300.91528,299.66919532516243,300.91528
2026-07-03 15:30:00,284.3537839614627,295.87503,295.99810786220115,295.87503
2026-07-03 15:45:00,302.7630569508088,297.39774,297.35820281534774,297.39774
2026-07-03 16:00:00,295.3035308053576,295.49734,297.19551854343945,295.49734
2026-07-03 16:15:00,298.64842049662377,297.98807,299.2535996609349,297.98807
2026-07-03 16:30:00,291.9047534125011,298.79987,299.76337845401946,298.79987
2026-07-03 16:45:00,301.6134727410384,301.528,302.4697236684786,301.528
2026-07-03 17:00:00,301.66854605373004,292.38806,293.13194264918377,292.38806
2026-07-03 17:15:00,300.8353796962072,291.89703,292.89904638964833,291.89703
2026-07-03 17:30:00,324.69756815060134,299.04947,300.0545402431273,299.04947
2026-07-03 17:45:00,289.5154975006076,289.17844,288.95880146423707,289.17844
2026-07-03 18:00:00,133.7420838871496,142.41985,143.67541209616365,142.41985
2026-07-03 18:15:00,154.2799553067003,142.6664,145.773714118674,142.6664
2026-07-03 18:30:00,145.65209848411484,134.84785,134.45548534391543,134.84785
2026-07-03 18:45:00,147.79693529439012,141.17003,138.7726079495334,141.17003
2026-07-03 19:00:00,132.0815971407189,139.0238,139.16042909234508,139.0238
2026-07-03 19:15:00,133.93918026996096,134.10876,127.65713107358924,134.10876
2026-07-03 19:30:00,146.4104545357053,136.56805,156.89189234254994,136.56805
2026-07-03 19:45:00,143.21107176839533,136.71179,131.618228932132,136.71179
2026-07-03 20:00:00,145.84101769772934,141.556,155.36459939166352,141.556
2026-07-03 20:15:00,120.92676916689965,140.25189,137.73791206059732,140.25189
2026-07-03 20:30:00,135.3656212284658,141.1597,137.51066721965174,141.1597
2026-07-03 20:45:00,131.0757052635859,139.55138,138.11982805528658,139.55138
2026-07-03 21:00:00,146.9621832677557,139.98993,139.68246061223087,139.98993
2026-07-03 21:15:00,152.71491229599167,140.63547,139.75690919546204,140.63547
2026-07-03 21:30:00,158.06720925269624,140.64061,140.868310997353,140.64061
2026-07-03 21:45:00,148.79449161388652,139.98639,140.65491654691024,139.98639
2026-07-03 22:00:00,150.7732072257794,141.93417,141.29370940874153,141.93417
2026-07-03 22:15:00,149.7709972763376,142.1583,141.7908913314296,142.1583
2026-07-03 22:30:00,154.88974193050157,138.10641,140.01669553225625,138.10641
2026-07-03 22:45:00,146.55286648323684,138.43828,140.25853512272184,138.43828
2026-07-03 23:00:00,135.6845189769109,140.57507,141.73647804390757,140.57507
2026-07-03 23:15:00,138.42747356455084,140.34424,140.7231793663868,140.34424
2026-07-03 23:30:00,138.81717734900792,140.98096,141.04756963616273,140.98096
2026-07-03 23:45:00,124.57910660928944,142.13857,140.78286957021436,142.13857
2026-07-04 00:00:00,51.13699687578287,65.75934,65.2909271861201,65.75934
2026-07-04 00:15:00,61.41206146260805,65.45061,65.48828340085477,65.45061
2026-07-04 00:30:00,56.6481720206884,64.496185,64.73845950636654,64.496185
2026-07-04 00:45:00,57.660882308103965,65.19616,65.99937583135953,65.19616
2026-07-04 01:00:00,71.28044517429191,63.825092,64.41484849888225,63.825092
2026-07-04 01:15:00,75.84691748983059,65.35995,65.44824353157843,65.35995
2026-07-04 01:30:00,75.72557358173663,65.84955,65.67741264582241,65.84955
2026-07-04 01:45:00,55.155571227856505,65.221725,65.18750603410662,65.221725
2026-07-04 02:00:00,66.57644151805488,64.08783,64.5402461349419,64.08783
2026-07-04 02:15:00,56.91262445974586,64.34027,65.0150873314885,64.34027
2026-07-04 02:30:00,52.6937682645212,72.82835,60.10547180106586,72.82835
2026-07-04 02:45:00,59.201784160534295,67.28939,66.62778883752505,67.28939
2026-07-04 03:00:00,53.05297124769589,65.31667,65.66450630872038,65.31667
2026-07-04 03:15:00,72.86486743001568,64.73921,65.64294080295029,64.73921
2026-07-04 03:30:00,64.90839879880637,64.329445,64.91369405400695,64.329445
2026-07-04 03:45:00,61.76293453286608,65.62245,64.54142140296364,65.62245
2026-07-04 04:00:00,84.60266320188444,65.44959,63.621086822652096,65.44959
2026-07-04 04:15:00,77.37687234400389,65.40452,65.52938326487568,65.40452
2026-07-04 04:30:00,52.706791797812016,66.10342,64.14156701924588,66.10342
2026-07-04 04:45:00,68.56177939176692,65.00613,64.93905787164745,65.00613
2026-07-04 05:00:00,62.2003753480423,66.364555,65.81023600822581,66.364555
2026-07-04 05:15:00,79.37056721366427,65.50859,64.71513333931348,65.50859
2026-07-04 05:30:00,81.12027770744905,65.518555,64.48382328790258,65.518555
2026-07-04 05:45:00,60.36987008992196,66.39232,64.15481259280374,66.39232
2026-07-04 06:00:00,121.86407356351182,116.875084,120.51363452866849,116.875084
2026-07-04 06:15:00,112.40321744953822,115.99473,115.10333921742517,115.99473
2026-07-04 06:30:00,110.58320099769432,121.72479,120.65093190541945,121.72479
2026-07-04 06:45:00,108.23299897251756,117.338875,117.11556040559718,117.338875
2026-07-04 07:00:00,120.22088442981804,121.59384,122.76293266528296,121.59384
2026-07-04 07:15:00,106.3577264704079,101.557816,78.59821455783324,101.557816
2026-07-04 07:30:00,133.8187110612276,108.14467,117.54690610006146,108.14467
2026-07-04 07:45:00,105.65917771509336,104.43082,78.19481578486608,104.43082
2026-07-04 08:00:00,91.21880209896926,109.362915,125.79926454084443,109.362915
2026-07-04 08:15:00,92.03867271434036,98.60965,94.58243588639039,98.60965
2026-07-04 08:30:00,64.46003171084406,101.050385,117.00721715154833,101.050385
2026-07-04 08:45:00,110.33471198274528,114.14528,118.10182183840064,114.14528
2026-07-04 09:00:00,89.70696901315485,95.26786,90.65597165431866,95.26786
2026-07-04 09:15:00,62.66602563578037,90.14936,105.23849471431336,90.14936
2026-07-04 09:30:00,88.18652880361346,99.338615,97.84168162969989,99.338615
2026-07-04 09:45:00,116.68117765927366,109.751625,108.30271731636422,109.751625
2026-07-04 10:00:00,68.7663057887832,62.980053,66.06387328731807,62.980053
2026-07-04 10:15:00,67.95434893294409,63.212128,63.886959349067006,63.212128
2026-07-04 10:30:00,66.26272937896154,64.93424,62.56288133266021,64.93424
2026-07-04 10:45:00,75.67200403543521,65.95115,66.21465671148924,65.95115
2026-07-04 11:00:00,73.84729750528507,63.714207,64.12191393631227,63.714207
2026-07-04 11:15:00,70.54045267003193,63.98338,63.78968863481116,63.98338
2026-07-04 11:30:00,63.0355913039962,63.25762,63.85627490317914,63.25762
2026-07-04 11:45:00,59.01959763760536,63.09023,79.02927800794605,63.09023
2026-07-04 12:00:00,80.6367759737056,63.372147,69.08487581789207,63.372147
2026-07-04 12:15:00,59.90033175074295,64.64038,64.7377337128419,64.64038
2026-07-04 12:30:00,47.70785281068946,63.5428,63.85095108702134,63.5428
2026-07-04 12:45:00,62.602161554344185,62.668705,61.03707173709694,62.668705
2026-07-04 13:00:00,70.53402589274225,63.184624,64.35722456345955,63.184624
2026-07-04 13:15:00,73.33761830832752,63.725483,63.64134829632413,63.725483
2026-07-04 13:30:00,53.14505625071576,65.94673,63.5871612956681,65.94673
2026-07-04 13:45:00,59.463749741633706,64.09559,68.38864153963772,64.09559
2026-07-04 14:00:00,65.29153345583512,65.21958,66.128015682698,65.21958
2026-07-04 14:15:00,56.96631239757701,67.38599,66.18578214374642,67.38599
2026-07-04 14:30:00,54.08976048012301,67.537346,66.32860418867399,67.537346
2026-07-04 14:45:00,53.45080988650835,65.09751,64.55882332872059,65.09751
2026-07-04 15:00:00,82.35356613321377,65.98673,66.86166147337734,65.98673
2026-07-04 15:15:00,68.32107665176515,63.336708,62.82014650799033,63.336708
2026-07-04 15:30:00,59.05028321630056,64.37133,65.01126653198642,64.37133
2026-07-04 15:45:00,90.18560387350948,64.569534,63.501193833504196,64.569534
2026-07-04 16:00:00,66.42569151653612,64.626236,65.00582161490745,64.626236
2026-07-04 16:15:00,65.79675202359978,63.604687,64.61867664621073,63.604687
2026-07-04 16:30:00,54.94720911839454,64.87538,65.40773323788639,64.87538
2026-07-04 16:45:00,60.124282249771255,65.95374,67.76186888756786,65.95374
2026-07-04 17:00:00,68.7164823738414,64.03569,64.89467202559143,64.03569
2026-07-04 17:15:00,65.92473826828113,64.63788,65.27941250565777,64.63788
2026-07-04 17:30:00,64.97195326435154,68.91259,75.14501070038358,68.91259
2026-07-04 17:45:00,86.16661623525307,63.612217,63.63306724237145,63.612217
2026-07-04 18:00:00,139.6993980515552,139.19928,137.47231745931828,139.19928
2026-07-04 18:15:00,160.5250834240658,129.9496,125.67333121715636,129.9496
2026-07-04 18:30:00,149.79480510341244,135.33699,133.989964675087,135.33699
2026-07-04 18:45:00,133.22980889251818,122.146065,124.35537715638372,122.146065
2026-07-04 19:00:00,141.54165541065208,130.52727,128.38365056004068,130.52727
2026-07-04 19:15:00,155.6946826925272,141.27763,140.58985352938518,141.27763
2026-07-04 19:30:00,151.8641489626825,139.16028,139.78632533170548,139.16028
2026-07-04 19:45:00,144.0954360507106,137.07996,137.8195549195472,137.07996
2026-07-04 20:00:00,120.77449581108532,136.78162,138.10247324393174,136.78162
2026-07-04 20:15:00,147.2061774254705,137.34003,135.8504524817699,137.34003
2026-07-04 20:30:00,140.33231790851158,140.29889,140.57409242060814,140.29889
2026-07-04 20:45:00,166.3605498307268,136.41345,137.127146011584,136.41345
2026-07-04 21:00:00,127.53658110677888,140.70337,140.17098145409398,140.70337
2026-07-04 21:15:00,150.95063477770464,142.69649,141.53092276020607,142.69649
2026-07-04 21:30:00,143.12579201501137,139.93275,139.95710596617513,139.93275
2026-07-04 21:45:00,143.34958836091585,140.23611,139.0932360192054,140.23611
2026-07-04 22:00:00,138.97841439609977,142.5274,142.01471850608692,142.5274
2026-07-04 22:15:00,124.43777809556111,141.75319,140.6665981276157,141.75319
2026-07-04 22:30:00,138.68452831073844,138.4552,137.59620541336807,138.4552
2026-07-04 22:45:00,136.1284902370913,139.88351,140.32430214721268,139.88351
2026-07-04 23:00:00,142.7452767884854,141.2182,140.6644765544001,141.2182
2026-07-04 23:15:00,129.17027310592908,140.74234,139.85413218103054,140.74234
2026-07-04 23:30:00,154.9880165538089,140.37473,140.0625897651554,140.37473
2026-07-04 23:45:00,147.39333300371905,140.87708,140.21840184368543,140.87708
2026-07-05 00:00:00,78.94909834070158,66.68921,66.1588718650634,66.68921
2026-07-05 00:15:00,69.58006517382078,65.76646,65.42343356571227,65.76646
2026-07-05 00:30:00,60.16035631788593,65.35483,65.91152227860672,65.35483
2026-07-05 00:45:00,75.75771602454466,64.494514,64.51403268934297,64.494514
2026-07-05 01:00:00,59.837899299064375,66.23188,65.51143118035533,66.23188
2026-07-05 01:15:00,58.93829933964588,65.03127,65.42461983960027,65.03127
2026-07-05 01:30:00,61.40350814010039,65.46766,63.851603716030816,65.46766
2026-07-05 01:45:00,85.47248264116378,64.524895,65.09957379601916,64.524895
2026-07-05 02:00:00,53.36789826893049,65.185455,64.56564355160222,65.185455
2026-07-05 02:15:00,84.4078318512714,64.8793,64.81532890907025,64.8793
2026-07-05 02:30:00,61.3915069278134,64.98307,64.52603399822526,64.98307
2026-07-05 02:45:00,70.68469676577286,66.07846,65.57970221252974,66.07846
2026-07-05 03:00:00,62.803890118077234,64.204254,64.64611502782415,64.204254
2026-07-05 03:15:00,56.384719892848935,66.65211,66.51418876062432,66.65211
2026-07-05 03:30:00,85.8807480022472,66.00522,66.21870771605607,66.00522
2026-07-05 03:45:00,65.27829470150957,65.09908,66.1240412873756,65.09908
2026-07-05 04:00:00,48.43742335601456,66.344666,66.33310987409958,66.344666
2026-07-05 04:15:00,67.19147458821776,64.843315,64.50485674772796,64.843315
2026-07-05 04:30:00,49.55652194085726,66.449524,65.27834463202866,66.449524
2026-07-05 04:45:00,63.14186102135277,64.30859,65.18560836396182,64.30859
2026-07-05 05:00:00,80.60505531188988,64.824554,63.75799819925055,64.824554
2026-07-05 05:15:00,69.89177984955245,67.9056,63.853606702045724,67.9056
2026-07-05 05:30:00,63.60027736518576,66.479004,64.08221349974691,66.479004
2026-07-05 05:45:00,59.209635932533736,67.16111,64.31091456002066,67.16111
2026-07-05 06:00:00,108.97926420548228,117.89574,117.52697957365515,117.89574
2026-07-05 06:15:00,98.69270621033144,116.30004,108.5990273842533,116.30004
2026-07-05 06:30:00,121.99323884163744,124.49055,110.50744666635619,124.49055
2026-07-05 06:45:00,127.407211048585,132.76598,119.21500064409118,132.76598
2026-07-05 07:00:00,96.0444806715516,106.096695,112.74594295914999,106.096695
2026-07-05 07:15:00,99.50390141507371,102.29027,105.46868483522171,102.29027
2026-07-05 07:30:00,109.694566146593,111.0318,115.45264169839388,111.0318
2026-07-05 07:45:00,132.88272834616492,115.69621,130.16903483996862,115.69621
2026-07-05 08:00:00,101.69950568325822,106.220474,79.13131974827049,106.220474
2026-07-05 08:15:00,91.91618515748776,106.03665,75.29798241332838,106.03665
2026-07-05 08:30:00,102.70891870931156,76.33276,77.18454645056121,76.33276
2026-07-05 08:45:00,114.25287620028344,123.51938,122.50287682083247,123.51938
2026-07-05 09:00:00,79.58767413398328,77.60078,77.21732221559931,77.60078
2026-07-05 09:15:00,98.37978315065216,71.60161,68.86751555081106,71.60161
2026-07-05 09:30:00,92.49792475158858,77.9176,79.10884244102931,77.9176
2026-07-05 09:45:00,94.41145868088624,104.65404,112.00457054855734,104.65404
2026-07-05 10:00:00,69.73725641165166,65.507866,65.72787239114491,65.507866
2026-07-05 10:15:00,62.39181739819227,66.85949,66.9067124725612,66.85949
2026-07-05 10:30:00,71.13422974741844,65.47581,67.54203812986387,65.47581
2026-07-05 10:45:00,54.4272724323837,68.43868,67.6339870268309,68.43868
2026-07-05 11:00:00,65.909818738492,64.604904,66.14030418080935,64.604904
2026-07-05 11:15:00,75.88768421240266,64.80431,64.7778410765532,64.80431
2026-07-05 11:30:00,70.375087423888,64.230515,64.53668759075975,64.230515
2026-07-05 11:45:00,61.51531824414421,64.698685,64.63133958353062,64.698685
2026-07-05 12:00:00,67.45737911842153,66.64928,67.62383486655614,66.64928
2026-07-05 12:15:00,77.90998514574513,65.24798,64.79359696776389,65.24798
2026-07-05 12:30:00,64.21362210367916,65.60967,64.6258213645611,65.60967
2026-07-05 12:45:00,60.69343415681235,63.816864,63.823153822984956,63.816864
2026-07-05 13:00:00,62.53825998928583,65.92209,65.68028170822396,65.92209
2026-07-05 13:15:00,60.88943286407452,65.08068,66.38497932136204,65.08068
2026-07-05 13:30:00,72.98301740819528,64.7312,63.97430364938242,64.7312
2026-07-05 13:45:00,54.34244058114585,64.50671,63.91922039539331,64.50671
2026-07-05 14:00:00,61.50909536753795,65.51738,65.75369966597452,65.51738
2026-07-05 14:15:00,57.73696014292502,64.366554,65.68737577953229,64.366554
2026-07-05 14:30:00,61.706748679482175,65.76502,65.2749430675512,65.76502
2026-07-05 14:45:00,70.46493844492848,64.3987,64.60272624983128,64.3987
2026-07-05 15:00:00,57.08816008855904,68.37391,70.05262835538795,68.37391
2026-07-05 15:15:00,62.68763184955086,65.816185,65.99012205523842,65.816185
2026-07-05 15:30:00,77.51676226082981,66.68184,65.75312960096775,66.68184
2026-07-05 15:45:00,61.42713132862652,68.57377,66.18789178188057,68.57377
2026-07-05 16:00:00,74.78880956221828,65.17676,64.88675004790124,65.17676
2026-07-05 16:15:00,60.55008047480976,64.9946,65.76172295846959,64.9946
2026-07-05 16:30:00,71.84320273235579,65.6548,65.74993701902761,65.6548
2026-07-05 16:45:00,64.19307515891222,65.325066,65.12449242958697,65.325066
2026-07-05 17:00:00,60.887536202732505,64.60101,65.67513943288573,64.60101
2026-07-05 17:15:00,60.73927098496597,65.05115,64.88595333727702,65.05115
2026-07-05 17:30:00,62.2959566529664,63.62746,65.44122524674093,63.62746
2026-07-05 17:45:00,79.79544399158226,67.7008,67.64030849578235,67.7008
2026-07-05 18:00:00,132.3230819041804,128.31216,127.00048993989188,128.31216
2026-07-05 18:15:00,153.6129643211014,137.3903,134.5710766855898,137.3903
2026-07-05 18:30:00,139.6978128139629,140.9439,140.66967478004406,140.9439
2026-07-05 18:45:00,147.6857637011401,142.1448,141.20500223613922,142.1448
2026-07-05 19:00:00,151.25117281566838,141.5852,141.24696812957393,141.5852
2026-07-05 19:15:00,132.12835416824333,139.62581,138.28664526020307,139.62581
2026-07-05 19:30:00,147.30047601323687,136.04282,133.28758614631116,136.04282
2026-07-05 19:45:00,137.4969963496949,138.91179,140.39551136089366,138.91179
2026-07-05 20:00:00,154.35173963915628,139.59721,139.78748513268434,139.59721
2026-07-05 20:15:00,148.1111857523863,139.66167,139.25237231151155,139.66167
2026-07-05 20:30:00,145.1236473580689,131.50995,128.26621618889052,131.50995
2026-07-05 20:45:00,146.51088072848847,131.51196,128.45963626362897,131.51196
2026-07-05 21:00:00,148.66898694205872,140.28745,138.9616872389819,140.28745
2026-07-05 21:15:00,126.57440391806016,140.43353,140.43184112967,140.43353
2026-07-05 21:30:00,108.16741867575884,139.79187,139.1500408167179,139.79187
2026-07-05 21:45:00,157.0638045206789,140.87865,139.9007965739546,140.87865
2026-07-05 22:00:00,139.9164400817623,139.5508,140.24539828475366,139.5508
2026-07-05 22:15:00,146.42095835005142,141.19211,140.33888669453444,141.19211
2026-07-05 22:30:00,123.85595188622766,141.59021,140.1272726641033,141.59021
2026-07-05 22:45:00,123.59090595932004,140.65257,140.71798369789374,140.65257
2026-07-05 23:00:00,122.43058545204865,141.30702,140.56501678917846,141.30702
2026-07-05 23:15:00,139.63395875737896,140.28207,139.85558509490485,140.28207
2026-07-05 23:30:00,149.61727548884446,142.33894,141.12845919289705,142.33894
2026-07-05 23:45:00,128.44554869244433,140.57457,141.03361112786013,140.57457
2026-07-06 00:00:00,67.2643419788555,65.71864,66.3024816909885,65.71864
2026-07-06 00:15:00,52.035749024795386,65.74417,67.48127841806846,65.74417
2026-07-06 00:30:00,56.00760372608741,66.12016,65.78076813332588,66.12016
2026-07-06 00:45:00,59.42113057128783,68.291985,67.39195710111069,68.291985
2026-07-06 01:00:00,62.02527044501572,66.275795,65.78448386602186,66.275795
2026-07-06 01:15:00,55.76240794885288,67.198494,66.44893496457269,67.198494
2026-07-06 01:30:00,51.33359779195694,66.78365,70.83299856551969,66.78365
2026-07-06 01:45:00,60.66067738317038,67.17844,67.45077604649241,67.17844
2026-07-06 02:00:00,68.42533618242305,63.213913,63.84493992982286,63.213913
2026-07-06 02:15:00,74.22595991487907,65.21497,63.507251132837595,65.21497
2026-07-06 02:30:00,66.35268742627414,64.89786,64.81425214304278,64.89786
2026-07-06 02:45:00,66.43081345511602,65.90735,65.30965347505301,65.90735
2026-07-06 03:00:00,77.82331613349307,65.16604,65.7285823762169,65.16604
2026-07-06 03:15:00,73.84126973200691,66.5931,65.84007175650261,66.5931
2026-07-06 03:30:00,73.55046984828405,68.13745,64.41085394887743,68.13745
2026-07-06 03:45:00,59.052318022720414,64.74729,65.17104308280436,64.74729
2026-07-06 04:00:00,70.85260160896237,65.375275,64.91388312376846,65.375275
2026-07-06 04:15:00,55.11180743485885,65.77635,64.83992032427705,65.77635
2026-07-06 04:30:00,65.7714946055915,65.76298,65.13516609650995,65.76298
2026-07-06 04:45:00,62.364064012425445,67.03757,66.85957564034926,67.03757
2026-07-06 05:00:00,73.01406092965523,66.74605,67.69702134411816,66.74605
2026-07-06 05:15:00,62.01669651277459,65.18371,65.26645400462058,65.18371
2026-07-06 05:30:00,56.06719074706173,65.61656,64.59219291579325,65.61656
2026-07-06 05:45:00,66.95623804115648,67.77275,67.29175482744454,67.77275
2026-07-06 06:00:00,104.15560996342234,126.02879,124.30334054956901,126.02879
2026-07-06 06:15:00,131.13593654009946,121.95527,126.09571815958286,121.95527
2026-07-06 06:30:00,103.2228372353936,120.50235,118.33975069989856,120.50235
2026-07-06 06:45:00,127.60842352374314,130.17236,128.56893313980908,130.17236
2026-07-06 07:00:00,116.0486925240636,117.393074,127.60458690554323,117.393074
2026-07-06 07:15:00,114.45670241168702,113.8342,130.38322759427263,113.8342
2026-07-06 07:30:00,120.71102761461655,126.31875,129.8453425374303,126.31875
2026-07-06 07:45:00,90.1747450839519,114.42466,113.67215603536138,114.42466
2026-07-06 08:00:00,328.7254169410881,174.37373,170.54012936541034,174.37373
2026-07-06 08:15:00,322.4297186841029,274.2069,229.05971051072729,274.2069
2026-07-06 08:30:00,327.3198416487295,328.32645,295.61495938077974,328.32645
2026-07-06 08:45:00,318.17198519874626,320.57388,353.9767220941091,320.57388
2026-07-06 09:00:00,310.28758870528884,332.13855,338.13752711631156,332.13855
2026-07-06 09:15:00,306.44210506745685,323.829,337.79751610706126,323.829
2026-07-06 09:30:00,319.871310259764,331.31116,341.41538023796,331.31116
2026-07-06 09:45:00,333.51684495776175,335.72623,342.41106333405844,335.72623
2026-07-06 10:00:00,320.1490793049819,299.80243,304.7959939058514,299.80243
2026-07-06 10:15:00,315.3746096524343,303.07565,307.3842247983108,303.07565
2026-07-06 10:30:00,294.4302496374352,308.3082,306.8259817034631,308.3082
2026-07-06 10:45:00,313.1085319877676,306.05252,306.03032757843175,306.05252
2026-07-06 11:00:00,312.2983199739303,305.36658,306.40603704258024,305.36658
2026-07-06 11:15:00,311.70368807413195,306.74274,305.1185510001693,306.74274
2026-07-06 11:30:00,326.9246573835397,306.16916,303.38807447498823,306.16916
2026-07-06 11:45:00,302.17432576956,303.53647,301.5510476157413,303.53647
2026-07-06 12:00:00,310.0635423624079,304.8166,299.57650065296434,304.8166
2026-07-06 12:15:00,309.4528525659515,303.554,298.8034638090748,303.554
2026-07-06 12:30:00,321.61663340770843,303.8486,299.9264764862036,303.8486
2026-07-06 12:45:00,297.8423447973671,306.6738,301.2126543741577,306.6738
2026-07-06 13:00:00,302.61671851285433,304.51843,298.2568385152123,304.51843
2026-07-06 13:15:00,306.7065001281259,303.36432,298.0253783186802,303.36432
2026-07-06 13:30:00,299.81795359518543,297.62427,291.4417253455895,297.62427
2026-07-06 13:45:00,302.0910217991775,303.54852,298.4858556572217,303.54852
2026-07-06 14:00:00,301.2290768695568,305.37393,299.6521951834842,305.37393
2026-07-06 14:15:00,305.48285248995626,302.74268,298.98556636613534,302.74268
2026-07-06 14:30:00,304.612349651228,301.21967,299.03450550132686,301.21967
2026-07-06 14:45:00,306.4501080294371,302.13925,300.0476065748926,302.13925
2026-07-06 15:00:00,305.1120159426892,301.28,299.2807652052649,301.28
2026-07-06 15:15:00,331.631044958166,301.00336,297.67355317691073,301.00336
2026-07-06 15:30:00,306.543184829292,299.49838,300.9635532653156,299.49838
2026-07-06 15:45:00,288.765647923912,294.43872,291.0520414288494,294.43872
2026-07-06 16:00:00,313.5039639571104,297.92038,298.12869067963027,297.92038
2026-07-06 16:15:00,298.44179335056475,296.61395,295.9967886784179,296.61395
2026-07-06 16:30:00,295.94150401651734,296.36807,296.300872010632,296.36807
2026-07-06 16:45:00,306.0355852881722,295.35434,296.1522084339391,295.35434
2026-07-06 17:00:00,289.8455206300894,287.58868,286.8084442203149,287.58868
2026-07-06 17:15:00,261.67159131616546,290.8943,289.81539010080104,290.8943
2026-07-06 17:30:00,291.1896563629833,290.8853,287.87471065750185,290.8853
2026-07-06 17:45:00,297.9367225015713,294.8795,293.920948963622,294.8795
2026-07-06 18:00:00,150.33696906661712,140.54675,144.862801748332,140.54675
2026-07-06 18:15:00,150.64293153043167,149.54112,148.7399209300164,149.54112
2026-07-06 18:30:00,157.01724328722122,146.82237,151.05678812074808,146.82237
2026-07-06 18:45:00,154.02306481004956,136.20987,134.71753551078274,136.20987
2026-07-06 19:00:00,123.161454571933,139.37659,141.37049329743468,139.37659
2026-07-06 19:15:00,126.14120503905038,138.80782,139.41651587216063,138.80782
2026-07-06 19:30:00,140.1659672606032,139.52429,138.04242859192925,139.52429
2026-07-06 19:45:00,159.71691539339847,140.55415,139.99189253782018,140.55415
2026-07-06 20:00:00,136.36291567798497,142.9912,142.47080810767144,142.9912
2026-07-06 20:15:00,142.9604196185402,142.29713,141.6135520917092,142.29713
2026-07-06 20:30:00,146.21365295070024,138.78061,139.5906264432418,138.78061
2026-07-06 20:45:00,129.4255757549227,143.48178,141.0893199172095,143.48178
2026-07-06 21:00:00,139.41707913972078,138.77162,141.56218322328812,138.77162
2026-07-06 21:15:00,144.30427288478742,138.60666,138.32791789563544,138.60666
2026-07-06 21:30:00,137.4728130007766,135.14769,146.76246292770776,135.14769
2026-07-06 21:45:00,162.2520356781151,138.8114,139.82415913668794,138.8114
2026-07-06 22:00:00,136.67489171717398,140.95126,141.18031786700948,140.95126
2026-07-06 22:15:00,120.91104312145876,142.4074,141.68794666032193,142.4074
2026-07-06 22:30:00,137.05679569240627,139.87741,140.70630466717193,139.87741
2026-07-06 22:45:00,125.10395742461144,139.38814,140.50334863555744,139.38814
2026-07-06 23:00:00,151.22986646361886,141.37186,140.24344026134656,141.37186
2026-07-06 23:15:00,148.04191492588166,140.23456,140.90209952127356,140.23456
2026-07-06 23:30:00,134.34457712660569,142.07959,140.57318551226288,142.07959
2026-07-06 23:45:00,145.75677956538567,140.1776,140.20116131540695,140.1776
2026-07-07 00:00:00,65.31140358123562,67.40891,66.94942245380656,67.40891
2026-07-07 00:15:00,47.78831774928946,66.756645,66.17451913748778,66.756645
2026-07-07 00:30:00,82.15281337826065,66.4468,65.5562383266251,66.4468
2026-07-07 00:45:00,65.62293390896777,64.0937,63.822817098205384,64.0937
2026-07-07 01:00:00,73.60481282667892,64.80062,64.40847721673717,64.80062
2026-07-07 01:15:00,50.22967710835535,65.180176,65.71459626834644,65.180176
2026-07-07 01:30:00,51.95245307931161,66.02711,65.54420977633862,66.02711
2026-07-07 01:45:00,61.80016687956441,70.27034,72.50324049532878,70.27034
2026-07-07 02:00:00,64.26471189884326,64.86361,67.46042884305159,64.86361
2026-07-07 02:15:00,69.39396220819239,62.39475,62.98423606045958,62.39475
2026-07-07 02:30:00,70.48402436572015,65.15979,65.05093499820845,65.15979
2026-07-07 02:45:00,63.61285785073785,64.931755,64.68799385226926,64.931755
2026-07-07 03:00:00,61.95053886115029,66.001114,65.28583980417311,66.001114
2026-07-07 03:15:00,75.06757749787903,64.91312,65.27186743670391,64.91312
2026-07-07 03:30:00,59.27593738050916,66.78246,66.1239585824086,66.78246
2026-07-07 03:45:00,68.3723291167795,64.748085,64.45092480772135,64.748085
2026-07-07 04:00:00,75.9708524456675,65.02905,64.46034974612903,65.02905
2026-07-07 04:15:00,60.65057136772359,64.936714,65.05506720783626,64.936714
2026-07-07 04:30:00,66.29148358872106,65.093414,64.63399314002633,65.093414
2026-07-07 04:45:00,73.76973924875247,65.032166,64.79371347455545,65.032166
2026-07-07 05:00:00,60.32600520793432,67.08787,66.31267590084217,67.08787
2026-07-07 05:15:00,69.30484103810404,64.14751,64.18572740453904,64.14751
2026-07-07 05:30:00,67.49537563615262,65.91197,66.28873202693705,65.91197
2026-07-07 05:45:00,61.16415338550184,65.84244,66.24819560794376,65.84244
2026-07-07 06:00:00,115.1945892040694,109.37913,116.46191402288844,109.37913
2026-07-07 06:15:00,97.2642321098404,121.04669,121.59076145417426,121.04669
2026-07-07 06:30:00,123.99367724116163,115.75476,120.50275726265899,115.75476
2026-07-07 06:45:00,136.4349795956353,134.55537,133.53672966468108,134.55537
2026-07-07 07:00:00,83.37605645844461,117.20756,108.98927323927825,117.20756
2026-07-07 07:15:00,111.4666888216822,116.56875,115.24560426523784,116.56875
2026-07-07 07:30:00,98.40298915567833,109.44617,103.93415623143633,109.44617
2026-07-07 07:45:00,127.76959663715571,88.85069,85.17327000929336,88.85069
2026-07-07 08:00:00,324.35885343520204,296.23062,305.6803371707426,296.23062
2026-07-07 08:15:00,347.67420766536446,312.44702,224.15563349834318,312.44702
2026-07-07 08:30:00,309.6321770847948,335.53748,295.46540045874946,335.53748
2026-07-07 08:45:00,325.95013386962614,333.78937,302.71965194434244,333.78937
2026-07-07 09:00:00,307.92106370753265,323.4604,334.04194915758336,323.4604
2026-07-07 09:15:00,327.5246425485804,325.60126,335.2655675679931,325.60126
2026-07-07 09:30:00,326.5118630682091,331.5745,336.409660003693,331.5745
2026-07-07 09:45:00,316.84198351012435,326.89807,327.9191411488888,326.89807
2026-07-07 10:00:00,295.195196402664,297.3045,299.2587984371017,297.3045
2026-07-07 10:15:00,303.18133522019275,300.45502,299.7179330251093,300.45502
2026-07-07 10:30:00,299.95774344890924,302.8519,303.6762833440566,302.8519
2026-07-07 10:45:00,282.3158302024117,301.6482,301.10418323138606,301.6482
2026-07-07 11:00:00,313.6009579957385,303.20837,302.72208166658055,303.20837
2026-07-07 11:15:00,320.6719591006439,304.88824,304.14425973823023,304.88824
2026-07-07 11:30:00,315.5508264483339,302.17368,300.82621466404385,302.17368
2026-07-07 11:45:00,313.87610621752174,301.05557,301.70823055595264,301.05557
2026-07-07 12:00:00,310.96042098214275,305.9659,302.25663689036855,305.9659
2026-07-07 12:15:00,312.1400810124727,301.09637,297.65351172996196,301.09637
2026-07-07 12:30:00,303.5580306287687,305.20703,302.8786075489731,305.20703
2026-07-07 12:45:00,308.029863667543,308.36832,303.8738520339144,308.36832
2026-07-07 13:00:00,283.2706084057274,306.2454,303.90551841077814,306.2454
2026-07-07 13:15:00,296.7022000386777,297.03717,297.50011091230226,297.03717
2026-07-07 13:30:00,308.87932882511404,299.37042,300.29647979541113,299.37042
2026-07-07 13:45:00,282.60694412045547,301.19083,304.1166369095031,301.19083
2026-07-07 14:00:00,303.24017484964,299.70386,299.6934866698648,299.70386
2026-07-07 14:15:00,311.9110381690272,300.2079,303.7236628404897,300.2079
2026-07-07 14:30:00,302.8338953291744,300.78796,300.83891677353415,300.78796
2026-07-07 14:45:00,293.0472542416693,299.18152,301.1830811109006,299.18152
2026-07-07 15:00:00,297.818529267578,303.87347,304.5567792079001,303.87347
2026-07-07 15:15:00,296.33747630766896,321.2885,338.1475096979693,321.2885
2026-07-07 15:30:00,291.26076117031,302.40363,302.24137834439415,302.40363
2026-07-07 15:45:00,292.66057309869507,305.10056,303.79746533894854,305.10056
2026-07-07 16:00:00,312.6752267623227,300.42938,300.1541224154687,300.42938
2026-07-07 16:15:00,302.2303434414567,300.7427,300.4956743581232,300.7427
2026-07-07 16:30:00,280.0348873037678,291.9934,292.7332513498512,291.9934
2026-07-07 16:45:00,306.53369544929984,301.12842,301.46779138149014,301.12842
2026-07-07 17:00:00,296.9905889168991,289.05713,291.983903016404,289.05713
2026-07-07 17:15:00,311.20682761487353,289.5286,291.46687415545415,289.5286
2026-07-07 17:30:00,294.7390661374617,296.3858,296.1934848682092,296.3858
2026-07-07 17:45:00,306.7619683917806,294.59293,295.479877405327,294.59293
2026-07-07 18:00:00,134.0593940756156,140.87769,142.5692229834382,140.87769
2026-07-07 18:15:00,125.81777957182528,140.32137,144.24221986091888,140.32137
2026-07-07 18:30:00,145.39552249311922,142.21419,148.83342689910464,142.21419
2026-07-07 18:45:00,136.5246021573791,139.92332,137.87178440617868,139.92332
2026-07-07 19:00:00,139.98462853658287,136.74498,133.73592265188427,136.74498
2026-07-07 19:15:00,124.67711577350904,131.3155,132.71221252285264,131.3155
2026-07-07 19:30:00,127.98329696040246,136.82433,154.88120780479994,136.82433
2026-07-07 19:45:00,142.51178497088517,143.19313,201.55997472361761,143.19313
2026-07-07 20:00:00,147.55325898928086,166.84996,217.2003899994242,166.84996
2026-07-07 20:15:00,143.36490525641045,139.91869,153.28614703343956,139.91869
2026-07-07 20:30:00,134.1843340716953,138.95941,135.12381372674392,138.95941
2026-07-07 20:45:00,148.49630443073286,137.06296,131.85772754487837,137.06296
2026-07-07 21:00:00,131.40019106980364,139.90749,138.6756104006254,139.90749
2026-07-07 21:15:00,129.0995202299243,139.27634,138.69452365860465,139.27634
2026-07-07 21:30:00,162.39389247850744,139.60313,140.3829590627976,139.60313
2026-07-07 21:45:00,142.7598995374314,138.88281,139.48022814121688,138.88281
2026-07-07 22:00:00,151.0640470349016,141.27924,141.00707140971397,141.27924
2026-07-07 22:15:00,145.44070381717714,139.04288,138.8810015529936,139.04288
2026-07-07 22:30:00,141.77664261738707,137.82088,140.31986645985916,137.82088
2026-07-07 22:45:00,137.40579889322888,141.3588,140.7022155659493,141.3588
2026-07-07 23:00:00,147.87648322243925,140.02583,140.31071701867538,140.02583
2026-07-07 23:15:00,138.2300593958319,140.55563,140.35393158031286,140.55563
2026-07-07 23:30:00,145.0215103477934,141.24864,141.5677930314128,141.24864
2026-07-07 23:45:00,140.42865732311068,142.57921,141.54806024270445,142.57921
2026-07-08 00:00:00,74.74860942887177,65.20828,65.64680293996304,65.20828
2026-07-08 00:15:00,72.74639715870771,65.23494,65.1415642208895,65.23494
2026-07-08 00:30:00,61.10521459695029,68.71619,66.8827993445017,68.71619
2026-07-08 00:45:00,49.18471885272312,66.37601,66.1008453108723,66.37601
2026-07-08 01:00:00,73.31273761070065,65.891235,65.77950678380502,65.891235
2026-07-08 01:15:00,88.67812857632386,64.52195,64.35795521603941,64.52195
2026-07-08 01:30:00,75.05157801861193,65.24174,65.1634436536954,65.24174
2026-07-08 01:45:00,64.16287092235882,66.08502,66.06782285317858,66.08502
2026-07-08 02:00:00,62.19655853250423,64.607864,65.13131504709908,64.607864
2026-07-08 02:15:00,60.94684901729881,66.07363,66.76151352556104,66.07363
2026-07-08 02:30:00,47.76180425523678,64.857544,65.25805148640617,64.857544
2026-07-08 02:45:00,77.06903972427719,64.02519,64.51653796110756,64.02519
2026-07-08 03:00:00,61.52395972281416,66.25057,65.55748210861196,66.25057
2026-07-08 03:15:00,56.55530977650295,65.907974,66.40317660236708,65.907974
2026-07-08 03:30:00,80.19174292679448,65.7284,66.153324922184,65.7284
2026-07-08 03:45:00,75.91862815592846,64.65153,65.12206938411141,64.65153
2026-07-08 04:00:00,71.48118115284458,64.97837,64.73315651055968,64.97837
2026-07-08 04:15:00,47.68149503356253,64.95302,64.79017823278329,64.95302
2026-07-08 04:30:00,69.33741972035538,67.80594,65.478497617451,67.80594
2026-07-08 04:45:00,54.462882246053866,65.81724,66.19546656110454,65.81724
2026-07-08 05:00:00,76.3585842404248,64.94589,64.94140470044717,64.94589
2026-07-08 05:15:00,65.39629762827997,65.22949,65.03678309071942,65.22949
2026-07-08 05:30:00,54.20003698095762,65.14872,65.25877697353185,65.14872
2026-07-08 05:45:00,57.66436360170283,61.729053,63.601820789859275,61.729053
2026-07-08 06:00:00,142.17098605539934,134.37679,135.27915395197294,134.37679
2026-07-08 06:15:00,134.4917302950639,117.73094,120.96107611839078,117.73094
2026-07-08 06:30:00,115.81444742037942,133.79285,133.09182448481627,133.79285
2026-07-08 06:45:00,119.09474035468445,122.27413,124.67967658461808,122.27413
2026-07-08 07:00:00,95.966320967552,80.89742,76.06691607537034,80.89742
2026-07-08 07:15:00,103.66065827791547,113.33307,110.99620758148234,113.33307
2026-07-08 07:30:00,101.54306393884556,108.26745,110.38549423038683,108.26745
2026-07-08 07:45:00,119.2374004590936,116.78873,118.55747227786372,116.78873
2026-07-08 08:00:00,327.89114478162975,313.23895,242.2705539317039,313.23895
2026-07-08 08:15:00,313.1810432909608,339.03616,348.4382693960949,339.03616
2026-07-08 08:30:00,333.6909748054512,315.7268,226.95376991607952,315.7268
2026-07-08 08:45:00,349.2446744752732,345.09317,317.8051655330123,345.09317
2026-07-08 09:00:00,302.8594585017513,326.45435,336.88264589767357,326.45435
2026-07-08 09:15:00,334.0068634454443,335.914,335.56009886339956,335.914
2026-07-08 09:30:00,323.64978376826457,332.46365,334.9833824605955,332.46365
2026-07-08 09:45:00,334.69420614999945,339.61624,337.84970105115883,339.61624
2026-07-08 10:00:00,311.0742424187671,295.4502,299.00318620874054,295.4502
2026-07-08 10:15:00,306.4834202290505,301.62222,304.0941386527874,301.62222
2026-07-08 10:30:00,301.6620150552936,304.46606,301.56405511283896,304.46606
2026-07-08 10:45:00,321.68960433414577,305.18906,305.7826940225189,305.18906
2026-07-08 11:00:00,301.6828480210292,304.3386,304.0931511407648,304.3386
2026-07-08 11:15:00,300.6888759083366,304.21194,304.13089827807596,304.21194
2026-07-08 11:30:00,298.1514079464894,300.2073,300.30847528651907,300.2073
2026-07-08 11:45:00,307.3470428757169,304.30017,303.9849362021968,304.30017
2026-07-08 12:00:00,286.00445818804553,299.67578,296.70811100532245,299.67578
2026-07-08 12:15:00,298.40356746786733,301.23004,301.47061619303247,301.23004
2026-07-08 12:30:00,302.7186874398185,301.93613,303.47700322454085,301.93613
2026-07-08 12:45:00,306.03077932559347,301.34402,303.8706147345913,301.34402
2026-07-08 13:00:00,304.56413621699664,307.731,303.92184217249485,307.731
2026-07-08 13:15:00,310.3317784181695,306.9456,303.37718633436066,306.9456
2026-07-08 13:30:00,310.69708634643814,304.2578,305.32124303094474,304.2578
2026-07-08 13:45:00,312.0580337592349,302.4444,303.8591098408184,302.4444
2026-07-08 14:00:00,310.8733848151072,306.9282,306.64040179639085,306.9282
2026-07-08 14:15:00,294.8010988470828,310.40054,305.1469187456671,310.40054
2026-07-08 14:30:00,295.4234324389141,300.24377,299.9748034808267,300.24377
2026-07-08 14:45:00,292.65668065876497,301.46414,299.78723265978954,301.46414
2026-07-08 15:00:00,306.7815510777526,304.47064,302.57690709390096,304.47064
2026-07-08 15:15:00,307.60875100026885,303.13666,302.18916658291596,303.13666
2026-07-08 15:30:00,301.0765110908833,302.66656,302.5977688095947,302.66656
2026-07-08 15:45:00,292.27687322745385,303.58624,303.2775038115154,303.58624
2026-07-08 16:00:00,288.8572676540741,292.80298,291.6606071379262,292.80298
2026-07-08 16:15:00,296.7077125534144,303.21756,302.81167082997416,303.21756
2026-07-08 16:30:00,285.3158000200759,299.15332,299.7182626423029,299.15332
2026-07-08 16:45:00,276.04947204178484,293.47586,295.88215792135816,293.47586
2026-07-08 17:00:00,313.46524413822306,299.49835,298.48353253984595,299.49835
2026-07-08 17:15:00,286.1322857107652,286.96243,286.75872655835167,286.96243
2026-07-08 17:30:00,290.26837399275803,298.68985,297.6055749547415,298.68985
2026-07-08 17:45:00,289.9937245429763,297.7131,297.2139277039923,297.7131
2026-07-08 18:00:00,162.52047751538714,134.73447,141.7005932233378,134.73447
2026-07-08 18:15:00,141.6524175241503,141.44247,147.1419750609564,141.44247
2026-07-08 18:30:00,130.38239514119428,143.50334,141.43539167891225,143.50334
2026-07-08 18:45:00,141.72013593407033,140.7422,140.7513939369129,140.7422
2026-07-08 19:00:00,148.6126703349907,133.28885,133.69579377349416,133.28885
2026-07-08 19:15:00,128.1117626282901,132.29352,128.779866413054,132.29352
2026-07-08 19:30:00,121.15623354778256,138.67989,137.46152779634699,138.67989
2026-07-08 19:45:00,145.97782189042482,138.98483,139.16709112706695,138.98483
2026-07-08 20:00:00,137.29084016130508,136.85562,136.7374099949331,136.85562
2026-07-08 20:15:00,139.7221580326363,142.14598,141.23713020666116,142.14598
2026-07-08 20:30:00,123.47987593469892,139.25922,141.50348908347354,139.25922
2026-07-08 20:45:00,145.04736362863056,137.9203,137.26479745432985,137.9203
2026-07-08 21:00:00,134.09263019842223,138.63193,139.62386738986675,138.63193
2026-07-08 21:15:00,167.1825765228462,139.38948,139.1599577682997,139.38948
2026-07-08 21:30:00,133.51569327422263,142.4581,142.7600434732659,142.4581
2026-07-08 21:45:00,125.35739603034165,141.20302,140.4436943548641,141.20302
2026-07-08 22:00:00,139.0957464000055,141.92874,141.1866611459553,141.92874
2026-07-08 22:15:00,120.1645236220034,140.26826,140.6321038903022,140.26826
2026-07-08 22:30:00,143.20267977419073,141.71732,141.51379720818755,141.71732
2026-07-08 22:45:00,132.99581970744117,141.51564,142.53539264485494,141.51564
2026-07-08 23:00:00,139.74523299174552,141.23526,140.9279147364464,141.23526
2026-07-08 23:15:00,132.86874328995745,139.90865,141.91168275796713,139.90865
2026-07-08 23:30:00,138.36972776764094,141.2237,140.99958054443402,141.2237
2026-07-08 23:45:00,158.7531400300888,140.12488,140.29569072230802,140.12488
2026-07-09 00:00:00,63.17922584763019,66.930046,66.12083021437144,66.930046
2026-07-09 00:15:00,66.28315233522159,65.40791,64.853644696902,65.40791
2026-07-09 00:30:00,63.4287093768516,64.4385,64.63642148246687,64.4385
2026-07-09 00:45:00,62.27765382567354,66.20247,63.9321519884493,66.20247
2026-07-09 01:00:00,59.10404522855622,65.856705,65.09034630366412,65.856705
2026-07-09 01:15:00,61.16388870767729,67.0899,63.00360171361634,67.0899
2026-07-09 01:30:00,67.68699962469327,65.88989,66.27746518300378,65.88989
2026-07-09 01:45:00,66.92050398806906,66.03362,74.36599973336051,66.03362
2026-07-09 02:00:00,47.769904719627206,63.68121,64.3166910874779,63.68121
2026-07-09 02:15:00,64.1606723482815,63.61781,64.17310047406988,63.61781
2026-07-09 02:30:00,52.26323094546769,65.20373,64.4363352148166,65.20373
2026-07-09 02:45:00,59.12755744008293,65.74583,66.69430201348257,65.74583
2026-07-09 03:00:00,61.0412306301961,66.47296,65.91639553485061,66.47296
2026-07-09 03:15:00,82.65319677380145,65.33193,65.63934532923497,65.33193
2026-07-09 03:30:00,65.53455402787284,65.318214,66.38778808680601,65.318214
2026-07-09 03:45:00,76.64303107538424,64.68676,65.59461751821529,64.68676
2026-07-09 04:00:00,68.81393771592401,63.970367,64.32642529645932,63.970367
2026-07-09 04:15:00,63.50967168600166,66.02194,65.63874498335583,66.02194
2026-07-09 04:30:00,64.44473569422894,65.89646,65.3790689194296,65.89646
2026-07-09 04:45:00,57.28619432306637,64.831474,65.75249004715879,64.831474
2026-07-09 05:00:00,50.399638947612345,65.32832,65.57107329234154,65.32832
2026-07-09 05:15:00,51.71064129342347,63.690254,63.06201305050843,63.690254
2026-07-09 05:30:00,53.75024017583722,65.504295,65.4883582324779,65.504295
2026-07-09 05:45:00,62.3870353510102,61.699215,64.53134942341347,61.699215
2026-07-09 06:00:00,120.20120979764758,121.09574,123.96800181173754,121.09574
2026-07-09 06:15:00,104.03600896026508,117.818375,118.0465211083243,117.818375
2026-07-09 06:30:00,107.17545821766528,122.937004,118.22648525973254,122.937004
2026-07-09 06:45:00,112.09844126635804,129.33499,125.37395509867399,129.33499
2026-07-09 07:00:00,107.00502520875568,107.92759,119.79363527744009,107.92759
2026-07-09 07:15:00,95.95580330083084,108.02139,113.0365804128854,108.02139
2026-07-09 07:30:00,104.48700298322684,107.2504,113.01318347694088,107.2504
2026-07-09 07:45:00,110.44718567652367,115.60062,118.94823411561751,115.60062
2026-07-09 08:00:00,329.68378054826303,307.2062,228.59224439214026,307.2062
2026-07-09 08:15:00,299.5534242777233,291.0972,183.2805672677304,291.0972
2026-07-09 08:30:00,320.21053677124104,307.36334,322.7958811896266,307.36334
2026-07-09 08:45:00,328.3984182195897,312.29028,330.5618980436384,312.29028
2026-07-09 09:00:00,333.7576713926703,322.25845,330.5311827251175,322.25845
2026-07-09 09:15:00,324.5415900645995,327.03476,325.285942121745,327.03476
2026-07-09 09:30:00,330.5952781727105,334.59213,335.2545075309356,334.59213
2026-07-09 09:45:00,314.1878237620914,327.44156,327.22694878134155,327.44156
2026-07-09 10:00:00,295.09177486845044,298.1539,299.4490804958368,298.1539
2026-07-09 10:15:00,316.96833200828803,296.28323,300.83638878806863,296.28323
2026-07-09 10:30:00,330.99091280570525,303.55008,303.312349819369,303.55008
2026-07-09 10:45:00,316.35429290819224,303.3911,304.25781636500227,303.3911
2026-07-09 11:00:00,311.715563931102,302.4836,302.1804770794101,302.4836
2026-07-09 11:15:00,309.38847807928136,304.02933,304.04862642293944,304.02933
2026-07-09 11:30:00,306.4595779769402,303.96265,303.2894681710809,303.96265
2026-07-09 11:45:00,304.9306210936184,302.71387,303.4164047545812,302.71387
2026-07-09 12:00:00,302.1746048553957,307.95285,303.7863738848675,307.95285
2026-07-09 12:15:00,287.35585356327493,304.15042,300.8593216947287,304.15042
2026-07-09 12:30:00,319.19774511395525,304.61993,302.05391512800753,304.61993
2026-07-09 12:45:00,299.3324619266842,304.02725,302.6973856866831,304.02725
2026-07-09 13:00:00,304.8339050606332,304.04285,303.0389532775544,304.04285
2026-07-09 13:15:00,302.02468033736875,303.5727,301.32595622579487,303.5727
2026-07-09 13:30:00,309.2635306026034,303.76566,301.72446462162907,303.76566
2026-07-09 13:45:00,292.3206456150556,300.05157,300.1048701804535,300.05157
2026-07-09 14:00:00,278.1066578662139,302.50793,301.9020402790945,302.50793
2026-07-09 14:15:00,303.31700808325724,302.93848,303.9160317249787,302.93848
2026-07-09 14:30:00,312.55217943073615,300.31232,301.9739228275105,300.31232
2026-07-09 14:45:00,296.96888161122604,299.4478,300.0172805035712,299.4478
2026-07-09 15:00:00,299.14764464284286,299.7733,300.5283555016234,299.7733
2026-07-09 15:15:00,298.0505640946011,298.4678,298.2581150024826,298.4678
2026-07-09 15:30:00,306.9951935506483,301.48544,301.86619746538605,301.48544
2026-07-09 15:45:00,293.29200642310894,301.45837,301.60448174167436,301.45837
2026-07-09 16:00:00,287.95676415485286,292.38083,292.83708144807343,292.38083
2026-07-09 16:15:00,281.977362495556,297.29895,298.10167695249993,297.29895
2026-07-09 16:30:00,299.12190617792953,300.7039,300.93789331223354,300.7039
2026-07-09 16:45:00,300.1558679728179,297.35013,298.21449241822177,297.35013
2026-07-09 17:00:00,290.8160990605237,293.0761,293.55668672441607,293.0761
2026-07-09 17:15:00,287.8855070699408,285.13788,286.1034920149014,285.13788
2026-07-09 17:30:00,302.41282580235435,293.5586,291.35659270059233,293.5586
2026-07-09 17:45:00,275.5742189996285,289.5176,291.34743576709553,289.5176
2026-07-09 18:00:00,140.05643947578062,138.66977,143.017405755926,138.66977
2026-07-09 18:15:00,137.01301584086457,144.54126,144.52153327207733,144.54126
2026-07-09 18:30:00,117.74049287353633,137.56198,143.16268164461547,137.56198
2026-07-09 18:45:00,148.2153621249,147.1709,142.92056944730413,147.1709
2026-07-09 19:00:00,145.21411818892685,137.96414,137.1805183940469,137.96414
2026-07-09 19:15:00,138.030358691981,136.53781,134.72227850859608,136.53781
2026-07-09 19:30:00,150.99729062881602,139.66823,137.89668019248657,139.66823
2026-07-09 19:45:00,145.58447027816675,137.67761,136.29782407857493,137.67761
2026-07-09 20:00:00,141.74491417549746,138.18666,137.00791952768938,138.18666
2026-07-09 20:15:00,137.3737103548299,142.61331,141.05307442687388,142.61331
2026-07-09 20:30:00,140.7617765911779,139.72781,139.60292121986262,139.72781
2026-07-09 20:45:00,127.92708993460302,136.76564,137.62448956980077,136.76564
2026-07-09 21:00:00,158.8529337582141,138.47134,142.27519698893835,138.47134
2026-07-09 21:15:00,142.3122151981197,139.86932,140.52256351013898,139.86932
2026-07-09 21:30:00,132.26547404703012,140.41313,141.35075494543466,140.41313
2026-07-09 21:45:00,116.38923116585876,140.68822,139.9375750557554,140.68822
2026-07-09 22:00:00,146.25719227759797,140.48004,142.1963403009475,140.48004
2026-07-09 22:15:00,153.2424538154581,140.56691,140.0292523118759,140.56691
2026-07-09 22:30:00,125.98629667421136,142.23044,141.750088444026,142.23044
2026-07-09 22:45:00,142.35271079034754,141.01515,140.6985632453299,141.01515
2026-07-09 23:00:00,143.07332806233126,139.99835,141.2552498859183,139.99835
2026-07-09 23:15:00,160.21937372223817,139.94557,141.31820744635328,139.94557
2026-07-09 23:30:00,156.00187262084023,140.99895,140.77726807568095,140.99895
2026-07-09 23:45:00,136.65366665980372,142.34444,142.8764253342059,142.34444
2026-07-10 00:00:00,83.48594390385284,66.561386,66.01151198370725,66.561386
2026-07-10 00:15:00,68.11996568616883,64.05375,65.71089511087703,64.05375
2026-07-10 00:30:00,73.86775699915925,65.58039,65.67375382838682,65.58039
2026-07-10 00:45:00,70.70236017984223,66.15606,66.18795458534562,66.15606
2026-07-10 01:00:00,54.175127118605474,63.549923,64.4981292229496,63.549923
2026-07-10 01:15:00,61.21213550357502,64.415504,65.58612909321772,64.415504
2026-07-10 01:30:00,69.34980292747814,65.34193,67.4893580907849,65.34193
2026-07-10 01:45:00,73.14657446779422,64.80879,65.44405109797597,64.80879
2026-07-10 02:00:00,59.39072956770092,62.539696,65.12962755760202,62.539696
2026-07-10 02:15:00,62.21934903654884,63.878864,64.58747188586126,63.878864
2026-07-10 02:30:00,67.52674598848732,65.062256,64.74007921504416,65.062256
2026-07-10 02:45:00,58.56630888985669,64.030556,65.62219708434058,64.030556
2026-07-10 03:00:00,65.68222969655147,64.212234,64.44783260427822,64.212234
2026-07-10 03:15:00,70.41163548445891,67.65592,66.8076115581154,67.65592
2026-07-10 03:30:00,60.5052319898063,65.04562,65.49358269040417,65.04562
2026-07-10 03:45:00,78.78482642352361,65.155365,65.38609536583408,65.155365
2026-07-10 04:00:00,81.78540941499176,65.776505,64.8991405063303,65.776505
2026-07-10 04:15:00,66.18783299402486,65.644936,65.40083657899788,65.644936
2026-07-10 04:30:00,68.3274315513741,64.95499,64.73441343080515,64.95499
2026-07-10 04:45:00,70.62389596802514,65.94488,65.41611951613078,65.94488
2026-07-10 05:00:00,61.63247170080873,66.18009,66.62921290457955,66.18009
2026-07-10 05:15:00,55.206218007227086,65.54325,64.90299147561805,65.54325
2026-07-10 05:30:00,66.80453744365639,66.45017,66.66190666491946,66.45017
2026-07-10 05:45:00,54.56809700445326,65.633965,64.8837177975094,65.633965
2026-07-10 06:00:00,135.4357928300087,123.74428,120.31506814301005,123.74428
2026-07-10 06:15:00,112.87689312352671,111.364174,114.64867316785036,111.364174
2026-07-10 06:30:00,126.59942187411738,111.6026,114.9979298770891,111.6026
2026-07-10 06:45:00,100.68749227001304,118.63918,108.84633037922036,118.63918
2026-07-10 07:00:00,102.2790382362765,102.983444,109.59603301384895,102.983444
2026-07-10 07:15:00,105.0688502908763,105.81904,117.80580739237732,105.81904
2026-07-10 07:30:00,97.64387133066305,104.46766,109.82998060443634,104.46766
2026-07-10 07:45:00,118.15078825604044,122.12495,120.71751824276618,122.12495
2026-07-10 08:00:00,316.6591136175058,307.62354,322.49868256611364,307.62354
2026-07-10 08:15:00,336.00017113553594,271.71234,210.93539058327,271.71234
2026-07-10 08:30:00,326.0932041464223,340.56873,247.83589360735826,340.56873
2026-07-10 08:45:00,329.1097192927723,316.74234,277.6914798926472,316.74234
2026-07-10 09:00:00,302.3946290438695,326.03223,323.8523506982454,326.03223
2026-07-10 09:15:00,318.62666556643444,332.895,335.9981083911811,332.895
2026-07-10 09:30:00,321.201769235915,327.64975,325.50535137143555,327.64975
2026-07-10 09:45:00,348.2024664500401,327.8189,337.4003302307898,327.8189
2026-07-10 10:00:00,302.14706379453867,294.10538,298.3802013190465,294.10538
2026-07-10 10:15:00,302.0249594403614,297.72815,301.257611769821,297.72815
2026-07-10 10:30:00,320.1142479856805,320.283,331.97719433132653,320.283
2026-07-10 10:45:00,312.2452587944412,301.62704,302.6772983318266,301.62704
2026-07-10 11:00:00,293.61059932288333,303.31824,303.0594499488678,303.31824
2026-07-10 11:15:00,303.24393126732883,302.24164,302.2629538676285,302.24164
2026-07-10 11:30:00,292.62843338950586,303.47626,302.974196917794,303.47626
2026-07-10 11:45:00,287.59198874034377,302.44058,302.64572517031905,302.44058
2026-07-10 12:00:00,319.55181246889885,300.98218,301.69085513670854,300.98218
2026-07-10 12:15:00,320.3950618145776,303.6786,303.48618738046935,303.6786
2026-07-10 12:30:00,298.10219124077054,301.97366,298.087085387596,301.97366
2026-07-10 12:45:00,302.8548196111959,303.8223,301.90285838786843,303.8223
2026-07-10 13:00:00,284.6440783821487,305.60162,303.39893241672416,305.60162
2026-07-10 13:15:00,295.4751728777412,300.9689,302.19582711912125,300.9689
2026-07-10 13:30:00,302.0066962416315,302.71872,303.2114525056706,302.71872
2026-07-10 13:45:00,299.06974976814047,303.75314,303.5270142574329,303.75314
2026-07-10 14:00:00,311.24465872729786,301.2646,301.77709814012235,301.2646
2026-07-10 14:15:00,298.5243323174867,300.1418,301.49858979506337,300.1418
2026-07-10 14:30:00,299.5876886462489,303.62894,303.0253509181498,303.62894
2026-07-10 14:45:00,301.08477530280777,301.91858,301.6808225963006,301.91858
2026-07-10 15:00:00,296.86899614631307,292.3907,295.46084110514624,292.3907
2026-07-10 15:15:00,306.7826294905625,295.89267,297.8653654150217,295.89267
2026-07-10 15:30:00,296.42094379809504,297.94867,297.4008160984775,297.94867
2026-07-10 15:45:00,295.2007701717253,298.32437,297.89728215091907,298.32437
2026-07-10 16:00:00,291.0222395569673,294.22675,296.2088590809034,294.22675
2026-07-10 16:15:00,310.2398299125517,305.7023,304.57155022838816,305.7023
2026-07-10 16:30:00,301.02014463623584,294.12955,297.39945240399345,294.12955
2026-07-10 16:45:00,314.6382705660486,294.6578,296.14306736993615,294.6578
2026-07-10 17:00:00,275.8003105777432,287.93195,288.7322718318008,287.93195
2026-07-10 17:15:00,282.1434842214842,293.19345,294.80626906450357,293.19345
2026-07-10 17:30:00,291.106025599067,289.14032,288.80258957258366,289.14032
2026-07-10 17:45:00,291.987817226626,282.59933,282.86378368461317,282.59933
2026-07-10 18:00:00,153.80788232344298,145.56514,146.81288309166382,145.56514
2026-07-10 18:15:00,116.32400829920824,141.15042,147.28817188891819,141.15042
2026-07-10 18:30:00,134.3274880103903,141.34796,141.24901395792628,141.34796
2026-07-10 18:45:00,141.52238598166755,144.80931,142.10643979540757,144.80931
2026-07-10 19:00:00,131.19948512454064,136.76599,136.51468676982216,136.76599
2026-07-10 19:15:00,139.85992537719062,136.14902,135.31031101756744,136.14902
2026-07-10 19:30:00,150.9621703145828,138.7195,131.98132060063176,138.7195
2026-07-10 19:45:00,147.13917947663614,136.68262,132.2059161671781,136.68262
2026-07-10 20:00:00,149.50981794187376,138.54489,133.44939472242237,138.54489
2026-07-10 20:15:00,120.46529714238063,140.61655,137.80122336998767,140.61655
2026-07-10 20:30:00,155.38941152836298,137.26762,137.60802438851582,137.26762
2026-07-10 20:45:00,147.72182025115254,139.82425,139.5814393507217,139.82425
2026-07-10 21:00:00,121.48757759410236,138.10875,138.04974000902786,138.10875
2026-07-10 21:15:00,139.9667883195362,139.18138,140.65327987494163,139.18138
2026-07-10 21:30:00,134.98638204107186,139.15273,140.73744203917482,139.15273
2026-07-10 21:45:00,128.7189754212649,140.2663,138.70996699322882,140.2663
2026-07-10 22:00:00,131.55209995015636,142.527,142.51923044530153,142.527
2026-07-10 22:15:00,130.03672940056413,142.52502,142.27012969062574,142.52502
2026-07-10 22:30:00,134.3907412932288,140.36328,141.2569061811125,140.36328
2026-07-10 22:45:00,126.2519229989355,141.79584,141.35454835981622,141.79584
2026-07-10 23:00:00,144.79185198735664,141.57945,140.8748133419838,141.57945
2026-07-10 23:15:00,152.2815071132309,141.4375,140.7507795249276,141.4375
2026-07-10 23:30:00,147.0901913843776,141.71127,141.56644868873857,141.71127
2026-07-10 23:45:00,144.09162400514862,140.35602,140.88800921297525,140.35602
2026-07-11 00:00:00,61.33256675421361,69.89752,68.17171042990552,69.89752
2026-07-11 00:15:00,65.8630173262998,65.731804,65.90006702161703,65.731804
2026-07-11 00:30:00,68.40510199686203,64.98265,66.14559950863112,64.98265
2026-07-11 00:45:00,63.75292739062178,66.3986,66.7325274713647,66.3986
2026-07-11 01:00:00,69.84570599951338,64.13571,64.88975596037069,64.13571
2026-07-11 01:15:00,61.44275882547604,63.521286,65.2130658496912,63.521286
2026-07-11 01:30:00,53.55933514463118,64.94926,65.45900072973959,64.94926
2026-07-11 01:45:00,65.60604568080018,65.97233,64.61111268158993,65.97233
2026-07-11 02:00:00,65.2086612483586,64.06101,64.39664779662517,64.06101
2026-07-11 02:15:00,67.51583101157252,63.499496,64.42445348283766,63.499496
2026-07-11 02:30:00,57.82945353757232,63.66731,64.50727833657263,63.66731
2026-07-11 02:45:00,64.88151159778235,66.123436,64.73142388920999,66.123436
2026-07-11 03:00:00,60.97408579729508,66.03233,65.4257861777687,66.03233
2026-07-11 03:15:00,57.54399833971138,65.63551,65.00416573385874,65.63551
2026-07-11 03:30:00,56.054441399615214,65.46514,65.34105382472953,65.46514
2026-07-11 03:45:00,49.49666555713759,65.91782,64.45007029320806,65.91782
2026-07-11 04:00:00,54.28596159107567,68.10334,65.81980706784216,68.10334
2026-07-11 04:15:00,74.90851904598355,63.226444,64.0076858173185,63.226444
2026-07-11 04:30:00,53.21725978573674,65.854485,64.49597846935085,65.854485
2026-07-11 04:45:00,73.3524938813457,63.452766,63.227422979853735,63.452766
2026-07-11 05:00:00,67.41392499883696,65.498344,65.41453859646188,65.498344
2026-07-11 05:15:00,69.52409080171489,66.16249,65.29704267984464,66.16249
2026-07-11 05:30:00,68.97702103490064,66.2553,63.49479926793926,66.2553
2026-07-11 05:45:00,66.9726820085111,65.12597,64.79134114570564,65.12597
2026-07-11 06:00:00,109.43397147263968,118.721176,117.36695372571161,118.721176
2026-07-11 06:15:00,116.42568971416524,118.25909,110.56138450104262,118.25909
2026-07-11 06:30:00,119.5620213112077,138.88028,137.27641082436898,138.88028
2026-07-11 06:45:00,145.3973171345715,106.50253,111.01383813475688,106.50253
2026-07-11 07:00:00,100.65797307433884,102.35896,106.30711391312326,102.35896
2026-07-11 07:15:00,90.42205309736796,102.35896,107.49189200618223,102.35896
2026-07-11 07:30:00,124.94452480163156,104.1337,117.17105197086413,104.1337
2026-07-11 07:45:00,94.34127358773785,107.87459,113.2543259226757,107.87459
2026-07-11 08:00:00,111.20233661302171,102.965034,120.85903533152333,102.965034
2026-07-11 08:15:00,71.47463740238425,102.44387,98.37534969726994,102.44387
2026-07-11 08:30:00,126.53678840018884,110.28511,130.25946739292982,110.28511
2026-07-11 08:45:00,107.47462339988924,110.88895,103.4308838928522,110.88895
2026-07-11 09:00:00,111.90609504231922,99.260796,101.35825451829125,99.260796
2026-07-11 09:15:00,104.3129117767929,89.844315,103.14230647102335,89.844315
2026-07-11 09:30:00,99.24716088354396,93.260315,106.6881062442339,93.260315
2026-07-11 09:45:00,85.40342918457627,92.63289,89.74902103509436,92.63289
2026-07-11 10:00:00,78.34457580417504,66.49664,68.12659951122036,66.49664
2026-07-11 10:15:00,56.88022972750647,66.05605,67.92539671033683,66.05605
2026-07-11 10:30:00,60.80417732172647,65.10241,69.67303772110452,65.10241
2026-07-11 10:45:00,82.57662623534895,63.540436,62.84779863800532,63.540436
2026-07-11 11:00:00,58.44989526389544,64.01475,64.84728988411571,64.01475
2026-07-11 11:15:00,62.12962123864662,62.62634,62.40191911996954,62.62634
2026-07-11 11:30:00,63.511688819474166,63.20827,64.08646766267664,63.20827
2026-07-11 11:45:00,76.02870666812157,63.398064,65.00887735678498,63.398064
2026-07-11 12:00:00,62.71693668816425,61.1315,67.67160991601106,61.1315
2026-07-11 12:15:00,46.92300032130763,63.251648,68.40864224415034,63.251648
2026-07-11 12:30:00,56.34368440117683,63.718746,65.12759384676848,63.718746
2026-07-11 12:45:00,63.80586718651804,62.17397,64.11156234801155,62.17397
2026-07-11 13:00:00,81.31958505046161,64.45333,64.81240459890012,64.45333
2026-07-11 13:15:00,62.8214747414463,67.19623,65.03293355263455,67.19623
2026-07-11 13:30:00,59.98104482406384,64.015076,63.63666705340437,64.015076
2026-07-11 13:45:00,55.96230445109081,63.091465,64.6846584716326,63.091465
2026-07-11 14:00:00,66.3129886676964,66.74233,64.48579479092058,66.74233
2026-07-11 14:15:00,68.63787940221899,64.02699,64.63865304233002,64.02699
2026-07-11 14:30:00,71.77969235314099,66.8146,65.73805399992148,66.8146
2026-07-11 14:45:00,80.92193783500491,64.956375,64.01998792221669,64.956375
2026-07-11 15:00:00,72.49884560815052,64.9441,63.99732802565149,64.9441
2026-07-11 15:15:00,55.83975886718699,66.87946,64.94483146674457,66.87946
2026-07-11 15:30:00,78.91449412457493,66.084946,65.41165911936343,66.084946
2026-07-11 15:45:00,57.26071812734226,65.48911,66.01508305884079,65.48911
2026-07-11 16:00:00,71.2760636227305,65.01946,65.1948352980162,65.01946
2026-07-11 16:15:00,80.0292817141827,64.18112,63.33802106905009,64.18112
2026-07-11 16:30:00,57.34241850992088,66.23927,66.80190800936694,66.23927
2026-07-11 16:45:00,76.23030435810935,63.450138,63.227099243629475,63.450138
2026-07-11 17:00:00,53.16681092253401,64.4774,65.46593579190657,64.4774
2026-07-11 17:15:00,69.98205122523048,64.595245,66.30030155061328,64.595245
2026-07-11 17:30:00,60.189322536496086,63.157997,63.87923882918135,63.157997
2026-07-11 17:45:00,70.52139817179355,64.747475,65.83139653295002,64.747475
2026-07-11 18:00:00,141.8866594153403,125.154144,125.88045809489712,125.154144
2026-07-11 18:15:00,157.86803420470918,129.76697,128.37218240494568,129.76697
2026-07-11 18:30:00,150.30062119750275,130.76503,130.40145297620927,130.76503
2026-07-11 18:45:00,150.41318957733097,131.68059,131.0021143111378,131.68059
2026-07-11 19:00:00,136.41974117657452,140.72101,140.5371428970569,140.72101
2026-07-11 19:15:00,142.1292285143304,140.04407,139.63149862883992,140.04407
2026-07-11 19:30:00,145.61328662676587,138.59848,139.52079748869866,138.59848
2026-07-11 19:45:00,140.7729235127005,128.86974,129.019119067584,128.86974
2026-07-11 20:00:00,131.08738739492145,140.74294,141.30677273515954,140.74294
2026-07-11 20:15:00,152.11014624616334,139.02853,138.47647094075126,139.02853
2026-07-11 20:30:00,161.61500410100695,136.72293,135.54987831183632,136.72293
2026-07-11 20:45:00,142.76590186954948,137.25108,136.66272780126238,137.25108
2026-07-11 21:00:00,140.19430340683886,139.87308,140.1146461084469,139.87308
2026-07-11 21:15:00,155.01803097666362,139.02428,139.4744576026754,139.02428
2026-07-11 21:30:00,154.1387010893556,136.18246,136.28484468184772,136.18246
2026-07-11 21:45:00,156.7430319062215,139.0515,139.0863420457665,139.0515
2026-07-11 22:00:00,132.06105219552543,139.741,140.4591585619087,139.741
2026-07-11 22:15:00,157.59114959845795,139.00648,140.2243227398324,139.00648
2026-07-11 22:30:00,136.23100559908272,138.53651,140.41708307150887,138.53651
2026-07-11 22:45:00,137.67599452486544,139.12111,140.27643640118637,139.12111
2026-07-11 23:00:00,136.84006060846878,140.13947,141.049013406508,140.13947
2026-07-11 23:15:00,129.78027937274615,140.1569,141.11387285906213,140.1569
2026-07-11 23:30:00,140.57652112862394,141.51427,141.02679607659326,141.51427
2026-07-11 23:45:00,138.92626963575606,139.74329,141.13477060136978,139.74329
2026-07-12 00:00:00,69.09272252951689,64.97331,64.67488068900651,64.97331
2026-07-12 00:15:00,75.5110447967962,67.10083,64.53265411299756,67.10083
2026-07-12 00:30:00,73.75047554965874,64.78937,65.26903214791075,64.78937
2026-07-12 00:45:00,73.99800649920027,65.97202,66.2294338895631,65.97202
2026-07-12 01:00:00,64.58676920461271,64.113335,64.18826462210686,64.113335
2026-07-12 01:15:00,67.57818249698194,66.795784,66.64936081706526,66.795784
2026-07-12 01:30:00,58.315794595678696,65.6255,66.13685608609147,65.6255
2026-07-12 01:45:00,57.56480562664484,64.8756,65.65000630708764,64.8756
2026-07-12 02:00:00,83.53944896773727,64.633835,64.59034641074958,64.633835
2026-07-12 02:15:00,62.56002171860058,64.249245,64.58818329657986,64.249245
2026-07-12 02:30:00,47.70752686379844,64.16606,64.6568076221885,64.16606
2026-07-12 02:45:00,65.40200815324445,64.46518,64.96711131971195,64.46518
2026-07-12 03:00:00,74.25094426748333,67.081215,66.30576547982368,67.081215
2026-07-12 03:15:00,71.29707885602582,65.32135,65.6817065050871,65.32135
2026-07-12 03:30:00,51.97576269214869,65.161865,65.72522200213523,65.161865
2026-07-12 03:45:00,57.278049053705445,65.47214,64.89337745892014,65.47214
2026-07-12 04:00:00,52.86220744029623,66.83021,65.01551026467537,66.83021
2026-07-12 04:15:00,61.44200512586957,65.54259,64.80411685557168,65.54259
2026-07-12 04:30:00,76.59950150548343,63.649296,64.61529096319784,63.649296
2026-07-12 04:45:00,79.22523756375102,64.75171,65.15661179555066,64.75171
2026-07-12 05:00:00,49.58054462828597,62.720234,62.327694273148424,62.720234
2026-07-12 05:15:00,64.52473845343478,64.99915,63.61825497823112,64.99915
2026-07-12 05:30:00,68.16929030694729,64.65746,64.63935552813508,64.65746
2026-07-12 05:45:00,72.77784553114604,65.73248,62.5397666817598,65.73248
2026-07-12 06:00:00,110.72008681033915,116.929276,107.430672423579,116.929276
2026-07-12 06:15:00,107.09414834058796,117.0463,108.15056657118609,117.0463
2026-07-12 06:30:00,92.5551545482205,113.9105,112.4785225824792,113.9105
2026-07-12 06:45:00,132.1998678394488,135.06467,132.92321595038607,135.06467
2026-07-12 07:00:00,98.31476011548148,104.65225,102.27262264870417,104.65225
2026-07-12 07:15:00,114.33799707706685,103.165886,83.06472440412001,103.165886
2026-07-12 07:30:00,118.94588859831671,115.63814,114.91027841221396,115.63814
2026-07-12 07:45:00,94.50539178487142,101.87683,77.68740427556726,101.87683
2026-07-12 08:00:00,83.00095560150449,117.22314,105.45218003802279,117.22314
2026-07-12 08:15:00,93.52117547243049,74.23844,72.25852823030884,74.23844
2026-07-12 08:30:00,83.9272457669181,111.22165,104.65831594818107,111.22165
2026-07-12 08:45:00,121.73169112770296,135.86703,129.76878326998235,135.86703
2026-07-12 09:00:00,97.59292111130836,108.42072,98.05736868074241,108.42072
2026-07-12 09:15:00,87.25448685171344,99.80186,101.84474804437865,99.80186
2026-07-12 09:30:00,82.98351549003071,98.75578,99.90540946875777,98.75578
2026-07-12 09:45:00,73.53280765200623,74.01234,76.47484273928413,74.01234
2026-07-12 10:00:00,73.62047719018035,67.368484,68.10479128435873,67.368484
2026-07-12 10:15:00,53.71571689114764,65.425186,65.00409691872925,65.425186
2026-07-12 10:30:00,60.000169708098205,64.083824,64.35140408281012,64.083824
2026-07-12 10:45:00,59.68879961450162,68.28,71.14123174292047,68.28
2026-07-12 11:00:00,56.47009777432308,65.38467,64.48315894005952,65.38467
2026-07-12 11:15:00,57.850091508428605,63.237827,64.91546874136316,63.237827
2026-07-12 11:30:00,62.61475090270412,64.32989,64.61916888437948,64.32989
2026-07-12 11:45:00,57.96119569904023,65.76699,66.34309628448148,65.76699
2026-07-12 12:00:00,72.05361972243041,64.447495,63.56025133024537,64.447495
2026-07-12 12:15:00,58.81611458074907,64.15139,63.94285804665676,64.15139
2026-07-12 12:30:00,75.88676584573004,64.63907,63.9476554553653,64.63907
2026-07-12 12:45:00,54.32289953516175,64.43491,64.1639924363018,64.43491
2026-07-12 13:00:00,55.3953435054405,68.06226,67.42848126233602,68.06226
2026-07-12 13:15:00,49.44056974798262,65.61221,64.58462184970787,65.61221
2026-07-12 13:30:00,56.20463109189052,64.75955,64.5164103662568,64.75955
2026-07-12 13:45:00,59.39871087421599,62.918377,64.21038660020528,62.918377
2026-07-12 14:00:00,82.1673797988058,62.91663,64.75665423371238,62.91663
2026-07-12 14:15:00,75.02892484271393,64.46927,65.97009205277563,64.46927
2026-07-12 14:30:00,69.63035233934792,61.77015,65.05328855073874,61.77015
2026-07-12 14:45:00,56.427304068036406,66.376274,66.88100558501755,66.376274
2026-07-12 15:00:00,53.82258615845735,65.69005,66.01878354138857,65.69005
2026-07-12 15:15:00,46.13022930896184,65.48653,63.95004826707301,65.48653
2026-07-12 15:30:00,88.9456898194465,66.05234,66.04179476417897,66.05234
2026-07-12 15:45:00,75.91082143287001,65.218704,65.93475418794439,65.218704
2026-07-12 16:00:00,62.78602224643928,64.64103,65.63956863732065,64.64103
2026-07-12 16:15:00,56.001450990919565,66.60246,68.50513837089997,66.60246
2026-07-12 16:30:00,73.60493986828742,65.74715,67.53856087924814,65.74715
2026-07-12 16:45:00,74.8744623472589,65.554184,65.97321885568027,65.554184
2026-07-12 17:00:00,76.08270145210295,65.20674,65.44211008270675,65.20674
2026-07-12 17:15:00,41.27020973627719,63.56809,64.5900757930682,63.56809
2026-07-12 17:30:00,66.41990311741336,65.32048,66.6987534890927,65.32048
2026-07-12 17:45:00,64.50243191596421,65.21913,65.95779224481609,65.21913
2026-07-12 18:00:00,145.9535712541345,137.15776,137.04613443005408,137.15776
2026-07-12 18:15:00,114.50807856444725,128.87302,136.6714384458931,128.87302
2026-07-12 18:30:00,140.94972450649135,135.11053,131.8398793373146,135.11053
2026-07-12 18:45:00,148.20649820624925,139.75412,139.65189393993018,139.75412
2026-07-12 19:00:00,158.0170027794254,132.61171,130.24777875021155,132.61171
2026-07-12 19:15:00,151.74964241871905,134.7741,135.24709266906044,134.7741
2026-07-12 19:30:00,137.39518653291947,136.73969,136.0814769538222,136.73969
2026-07-12 19:45:00,146.3480654872454,136.17311,137.00637493165212,136.17311
2026-07-12 20:00:00,151.6764405429947,135.24557,136.86020193722834,135.24557
2026-07-12 20:15:00,148.19472890995158,140.77742,141.80536853773668,140.77742
2026-07-12 20:30:00,133.82983197102484,126.64995,124.18362906136537,126.64995
2026-07-12 20:45:00,144.85275747930967,126.32144,126.63889407038222,126.32144
2026-07-12 21:00:00,149.8693175602267,140.20242,140.1232447335644,140.20242
2026-07-12 21:15:00,153.6120101076743,140.11397,139.0054142916653,140.11397
2026-07-12 21:30:00,122.47838349029836,140.44106,140.30119779344844,140.44106
2026-07-12 21:45:00,141.8503302295678,139.9008,139.25821679376241,139.9008
2026-07-12 22:00:00,140.5748433347659,139.21701,139.81823769886353,139.21701
2026-07-12 22:15:00,145.3258464447832,139.43521,137.58773728967736,139.43521
2026-07-12 22:30:00,124.39997733175376,139.88191,140.70822485823183,139.88191
2026-07-12 22:45:00,131.7327888731634,141.55988,141.41211338702348,141.55988
2026-07-12 23:00:00,153.0089696675718,141.8643,141.0345041650491,141.8643
2026-07-12 23:15:00,127.10733157422531,141.44353,140.3460240328059,141.44353
2026-07-12 23:30:00,120.0195897116018,140.90645,140.89736282639842,140.90645
2026-07-12 23:45:00,130.026729295905,141.51735,140.65014470256597,141.51735
2026-07-13 00:00:00,61.45112271761714,67.626175,65.70056107477266,67.626175
2026-07-13 00:15:00,48.97576753065321,66.443405,67.00594669784796,66.443405
2026-07-13 00:30:00,50.716460435120645,66.79014,66.35010775451214,66.79014
2026-07-13 00:45:00,73.55714699465554,71.35889,68.14715712955251,71.35889
2026-07-13 01:00:00,55.67065267527992,65.664696,65.7607434297365,65.664696
2026-07-13 01:15:00,79.92356421769723,65.12315,66.15044116404424,65.12315
2026-07-13 01:30:00,85.7251933412893,68.980934,71.42395773047129,68.980934
2026-07-13 01:45:00,75.72690727048902,65.5034,70.97628667179912,65.5034
2026-07-13 02:00:00,68.84927979044423,65.83155,65.84898585080157,65.83155
2026-07-13 02:15:00,64.62706692342314,65.58845,64.10477584102627,65.58845
2026-07-13 02:30:00,65.05089256084597,65.734375,65.25170637516167,65.734375
2026-07-13 02:45:00,55.494734317258974,66.59678,64.53651294613252,66.59678
2026-07-13 03:00:00,63.39839259889894,65.08037,65.38702622429099,65.08037
2026-07-13 03:15:00,76.41722034782464,64.75351,65.5386027403601,64.75351
2026-07-13 03:30:00,67.70181964696361,64.28578,64.79136532898018,64.28578
2026-07-13 03:45:00,54.98185433118453,64.318115,65.17417370975102,64.318115
2026-07-13 04:00:00,52.13354528167382,64.79003,64.4904159920182,64.79003
2026-07-13 04:15:00,67.65183209112584,65.10653,64.93782743363818,65.10653
2026-07-13 04:30:00,53.836036157587685,66.674675,65.83261783252786,66.674675
2026-07-13 04:45:00,67.2920538644818,65.85035,65.44088392967235,65.85035
2026-07-13 05:00:00,69.89233911485672,66.03846,66.66754434051758,66.03846
2026-07-13 05:15:00,55.06089943551432,64.44815,62.47601278020533,64.44815
2026-07-13 05:30:00,63.563383036016816,65.57702,64.79497396198377,65.57702
2026-07-13 05:45:00,61.810114541025165,65.81636,65.04959087036458,65.81636
2026-07-13 06:00:00,113.81324768701325,132.25708,124.23661840823141,132.25708
2026-07-13 06:15:00,127.30182258219396,121.113785,126.29777921635592,121.113785
2026-07-13 06:30:00,143.34419102548827,122.163315,86.74922881685535,122.163315
2026-07-13 06:45:00,141.6895307555858,146.64778,146.99630957918617,146.64778
2026-07-13 07:00:00,106.03307363802888,114.50507,129.84319867407095,114.50507
2026-07-13 07:15:00,126.27896585053992,133.38419,133.26300367245136,133.38419
2026-07-13 07:30:00,88.38156813398265,117.260086,116.72571117882518,117.260086
2026-07-13 07:45:00,74.55128651702378,120.06877,89.58785908192753,120.06877
2026-07-13 08:00:00,334.84896158710706,148.69514,111.9263753419122,148.69514
2026-07-13 08:15:00,327.8818320270197,348.01846,229.17453017126314,348.01846
2026-07-13 08:30:00,334.16922463331883,254.81819,171.29326996499123,254.81819
2026-07-13 08:45:00,326.776033970079,312.7907,328.0020861317038,312.7907
2026-07-13 09:00:00,325.7152600651611,329.3183,337.8351588777054,329.3183
2026-07-13 09:15:00,313.0731263191823,317.32425,336.96471682870947,317.32425
2026-07-13 09:30:00,329.4398960949713,331.23077,334.32385524997846,331.23077
2026-07-13 09:45:00,313.7501932381075,333.1038,328.06163328634307,333.1038
2026-07-13 10:00:00,311.93393354895335,297.78226,299.11501004109215,297.78226
2026-07-13 10:15:00,296.57514622844604,299.40475,304.18647976937683,299.40475
2026-07-13 10:30:00,302.10016797335874,307.64743,308.1406828864895,307.64743
2026-07-13 10:45:00,300.13190445698126,307.1909,309.20302384626035,307.1909
2026-07-13 11:00:00,303.2413524737115,307.03415,305.1261360241086,307.03415
2026-07-13 11:15:00,296.42022399196094,305.39,302.80768457387114,305.39
2026-07-13 11:30:00,300.3707163259455,308.02975,307.9459577592213,308.02975
2026-07-13 11:45:00,299.83256346022205,301.50272,302.02945940547795,301.50272
2026-07-13 12:00:00,284.2750052776489,302.75754,299.3631945442802,302.75754
2026-07-13 12:15:00,298.41907265529136,304.6545,298.2006952549233,304.6545
2026-07-13 12:30:00,321.23722289285803,303.63486,300.86029316424407,303.63486
2026-07-13 12:45:00,304.7860746140048,297.1654,297.7257972935796,297.1654
2026-07-13 13:00:00,300.0440046878398,302.55072,300.64561722772584,302.55072
2026-07-13 13:15:00,298.7266747637419,298.48605,297.7055615932376,298.48605
2026-07-13 13:30:00,296.716139860817,300.88455,300.0828923654915,300.88455
2026-07-13 13:45:00,302.8426202176689,304.19147,301.3992312796551,304.19147
2026-07-13 14:00:00,327.0064604988557,303.69446,301.2779731957809,303.69446
2026-07-13 14:15:00,285.86768238546995,300.26077,299.78867415716115,300.26077
2026-07-13 14:30:00,293.0826326690608,300.97925,299.7709643867596,300.97925
2026-07-13 14:45:00,297.72086255347176,301.02185,300.3588739495595,301.02185
2026-07-13 15:00:00,297.0871957573587,299.91068,300.13620126455004,299.91068
2026-07-13 15:15:00,309.02112040868366,303.13956,299.73772666485667,303.13956
2026-07-13 15:30:00,312.679592643768,300.27548,301.50833372517843,300.27548
2026-07-13 15:45:00,301.78215416366544,299.46298,299.4155550076706,299.46298
2026-07-13 16:00:00,307.1519049639935,292.0653,291.58588197048067,292.0653
2026-07-13 16:15:00,292.5739130110322,294.0532,289.998187491003,294.0532
2026-07-13 16:30:00,295.92501256174984,295.71365,294.13686471487813,295.71365
2026-07-13 16:45:00,287.6604353577305,293.0666,292.6776738100891,293.0666
2026-07-13 17:00:00,287.19001477837685,289.81403,287.9961429595793,289.81403
2026-07-13 17:15:00,287.08044524472655,292.02377,289.2540082066891,292.02377
2026-07-13 17:30:00,303.0954576269446,284.2059,283.08048260339507,284.2059
2026-07-13 17:45:00,287.36047318787865,292.2851,292.1144136524924,292.2851
2026-07-13 18:00:00,138.29677085357935,148.3053,150.10674369488555,148.3053
2026-07-13 18:15:00,131.4703168886271,144.87598,147.38259821927412,144.87598
2026-07-13 18:30:00,142.63105899757738,145.40456,146.13777916423467,145.40456
2026-07-13 18:45:00,131.13696169782725,155.83731,148.21078944428496,155.83731
2026-07-13 19:00:00,159.36678697041066,139.554,132.42421651395327,139.554
2026-07-13 19:15:00,145.90121655961315,138.59155,133.74337731754508,138.59155
2026-07-13 19:30:00,131.58630953658107,140.42436,139.38136634175487,140.42436
2026-07-13 19:45:00,131.44944279305946,137.8342,134.50280174014424,137.8342
2026-07-13 20:00:00,131.79121753910186,141.59608,136.862862524262,141.59608
2026-07-13 20:15:00,129.82710741146445,142.21024,134.81660890409523,142.21024
2026-07-13 20:30:00,139.7324899879362,145.75507,142.3708639797204,145.75507
2026-07-13 20:45:00,152.80531776196506,139.83545,140.70190532097777,139.83545
2026-07-13 21:00:00,161.47964410903586,138.94975,138.29800762215027,138.94975
2026-07-13 21:15:00,123.53205657463349,142.53258,141.27127771926652,142.53258
2026-07-13 21:30:00,156.18600196056153,139.58763,140.21913026093432,139.58763
2026-07-13 21:45:00,147.06530654336143,138.19176,140.59678577627696,138.19176
2026-07-13 22:00:00,137.72109175751987,138.09569,140.92570926164066,138.09569
2026-07-13 22:15:00,134.04439236998692,140.56772,140.73847151423783,140.56772
2026-07-13 22:30:00,139.3003469470658,139.43338,140.71461224383947,139.43338
2026-07-13 22:45:00,132.64131013360267,140.5386,141.00180804140214,140.5386
2026-07-13 23:00:00,124.5298091943629,140.90652,141.23309645746522,140.90652
2026-07-13 23:15:00,153.9560626981446,138.31479,139.98771419157126,138.31479
2026-07-13 23:30:00,133.27007973016265,141.91093,143.83919505679427,141.91093
2026-07-13 23:45:00,135.54914729299398,142.10063,141.48752266636413,142.10063
2026-07-14 00:00:00,59.46444241176901,67.71576,66.45836164776166,67.71576
2026-07-14 00:15:00,55.41828296781021,65.045395,65.43322631230329,65.045395
2026-07-14 00:30:00,59.758663124396776,65.26926,65.51841627511318,65.26926
2026-07-14 00:45:00,51.33307119931551,65.08506,66.86687495846819,65.08506
2026-07-14 01:00:00,72.57113904947839,64.98407,64.59712071675082,64.98407
2026-07-14 01:15:00,66.03101960423544,65.19556,66.1102197648573,65.19556
2026-07-14 01:30:00,76.36062645780612,65.97096,64.88842685837315,65.97096
2026-07-14 01:45:00,63.94515478401483,67.222466,73.00346907618227,67.222466
2026-07-14 02:00:00,80.85517859049969,65.12884,65.33572375236128,65.12884
2026-07-14 02:15:00,67.90095302704123,64.362236,65.02019860738257,64.362236
2026-07-14 02:30:00,76.90732423688905,65.00539,65.46675695702508,65.00539
2026-07-14 02:45:00,56.94288626791372,63.669064,64.19349951439946,63.669064
2026-07-14 03:00:00,66.6665921226681,67.24844,66.48944456091112,67.24844
2026-07-14 03:15:00,64.92492304844889,65.84597,65.27986731010404,65.84597
2026-07-14 03:30:00,55.68250375367632,65.2466,66.03732694427661,65.2466
2026-07-14 03:45:00,48.13401844559037,64.21784,64.40228409045434,64.21784
2026-07-14 04:00:00,63.09814390430636,65.068825,65.11567983283064,65.068825
2026-07-14 04:15:00,72.10003065683497,64.71198,64.51169478212594,64.71198
2026-07-14 04:30:00,44.49993348252949,64.425476,64.57480952153868,64.425476
2026-07-14 04:45:00,78.07777492058291,65.08032,64.57007229762841,65.08032
2026-07-14 05:00:00,64.36138960420129,64.78397,64.84147897078844,64.78397
2026-07-14 05:15:00,69.24982002700081,64.75205,64.804778983979,64.75205
2026-07-14 05:30:00,72.1023091866823,62.42987,65.18944514824392,62.42987
2026-07-14 05:45:00,76.8493125977561,63.858604,64.66050918243344,63.858604
2026-07-14 06:00:00,122.3718593721783,132.10548,131.0793372646181,132.10548
2026-07-14 06:15:00,116.07079127303818,122.75536,123.87418338814796,122.75536
2026-07-14 06:30:00,121.6658866066647,133.92299,134.1111165372851,133.92299
2026-07-14 06:45:00,121.05919358096996,126.6428,129.4094089012914,126.6428
2026-07-14 07:00:00,126.70797232015587,109.46334,122.9306336214678,109.46334
2026-07-14 07:15:00,104.19734841327674,110.73888,105.66634158324447,110.73888
2026-07-14 07:30:00,102.38341333124816,85.622665,79.06721567226562,85.622665
2026-07-14 07:45:00,104.97126470851086,78.89678,71.10046534482353,78.89678
2026-07-14 08:00:00,330.78379104054915,317.98,321.6438579647671,317.98
2026-07-14 08:15:00,316.37538608742125,325.54996,248.11755745395592,325.54996
2026-07-14 08:30:00,348.80680361159347,336.63846,328.5670606966147,336.63846
2026-07-14 08:45:00,324.5179300548276,341.35944,310.7600384837128,341.35944
2026-07-14 09:00:00,328.723577046173,332.3368,334.8806988270294,332.3368
2026-07-14 09:15:00,305.1298429568117,325.42828,334.72305447226773,325.42828
2026-07-14 09:30:00,328.34722786321873,336.60733,328.59597574674757,336.60733
2026-07-14 09:45:00,320.37633343375035,325.72696,335.54269204166457,325.72696
2026-07-14 10:00:00,297.31312608925333,295.105,297.20691738162066,295.105
2026-07-14 10:15:00,304.59449786415394,300.17215,302.0741216093994,300.17215
2026-07-14 10:30:00,317.0817959959659,303.40897,303.49549280080663,303.40897
2026-07-14 10:45:00,328.2410580969847,304.3253,304.1401999609633,304.3253
2026-07-14 11:00:00,292.5840517859809,301.8872,303.5703766045214,301.8872
2026-07-14 11:15:00,312.19494035661404,297.6096,297.42007208150704,297.6096
2026-07-14 11:30:00,301.7770722242511,304.53152,304.46617220768434,304.53152
2026-07-14 11:45:00,291.3377745448629,302.0922,303.78426311655727,302.0922
2026-07-14 12:00:00,327.6902451326559,307.04596,303.77495209220575,307.04596
2026-07-14 12:15:00,324.4711574577862,304.01508,301.6023555238276,304.01508
2026-07-14 12:30:00,313.756185731863,304.56317,299.7079146705424,304.56317
2026-07-14 12:45:00,313.7164247129053,302.24667,301.23079493900286,302.24667
2026-07-14 13:00:00,307.3143879415451,306.49542,303.79891430640856,306.49542
2026-07-14 13:15:00,308.4411204661617,303.29666,300.5785825939303,303.29666
2026-07-14 13:30:00,292.4216859099078,306.21884,301.7193228785943,306.21884
2026-07-14 13:45:00,309.72431738687743,307.1737,304.6544990403034,307.1737
2026-07-14 14:00:00,290.8080376848829,303.65988,300.67266128211776,303.65988
2026-07-14 14:15:00,304.3508672356247,304.50293,303.29398479129674,304.50293
2026-07-14 14:30:00,297.0670246763811,304.02512,301.40051571481393,304.02512
2026-07-14 14:45:00,303.0581336731518,297.3435,300.2624852933124,297.3435
2026-07-14 15:00:00,315.4290397762871,295.1525,294.46605882095156,295.1525
2026-07-14 15:15:00,302.4883012467988,299.83322,299.83052865175875,299.83322
2026-07-14 15:30:00,299.46188088809885,298.46707,300.1954940665504,298.46707
2026-07-14 15:45:00,299.51477757768896,298.89056,297.7071105210335,298.89056
2026-07-14 16:00:00,300.3223534000784,291.91248,293.0491305607316,291.91248
2026-07-14 16:15:00,280.8834812393196,299.40433,299.48867670773484,299.40433
2026-07-14 16:30:00,306.2967425618817,291.63586,292.33577881358207,291.63586
2026-07-14 16:45:00,295.2916870611371,294.9043,294.94001794236857,294.9043
2026-07-14 17:00:00,293.54642233769323,289.48666,288.49554429283137,289.48666
2026-07-14 17:15:00,276.15880072545366,296.67136,294.595360493524,296.67136
2026-07-14 17:30:00,287.3771875204638,288.13507,288.51300558967097,288.13507
2026-07-14 17:45:00,258.82097380498806,293.20355,293.30809094068275,293.20355
2026-07-14 18:00:00,137.33858690496982,146.24947,147.4547287437457,146.24947
2026-07-14 18:15:00,134.7830946468669,141.73007,148.17447341070877,141.73007
2026-07-14 18:30:00,150.07297566967645,144.66603,144.44749565017224,144.66603
2026-07-14 18:45:00,141.88380613351308,141.10077,139.89091051184786,141.10077
2026-07-14 19:00:00,128.47172937428232,138.00081,135.91911497513402,138.00081
2026-07-14 19:15:00,147.80861000719415,135.16437,135.7884258118216,135.16437
2026-07-14 19:30:00,133.47690793686706,139.70798,138.06116808736027,139.70798
2026-07-14 19:45:00,146.90525698578318,136.44682,135.97423290414196,136.44682
2026-07-14 20:00:00,145.08074479610144,140.8341,138.7430233466178,140.8341
2026-07-14 20:15:00,153.58113074308065,139.60922,139.87383669535134,139.60922
2026-07-14 20:30:00,143.16082891284725,140.24318,141.25234372269864,140.24318
2026-07-14 20:45:00,131.91789825772764,142.04547,141.2276342671253,142.04547
2026-07-14 21:00:00,129.31580864122316,140.37044,138.78460420062493,140.37044
2026-07-14 21:15:00,148.0061713982139,135.90416,136.73422328675733,135.90416
2026-07-14 21:30:00,137.09599385968818,139.40646,140.2353098028034,139.40646
2026-07-14 21:45:00,144.6663102701228,140.58278,140.28155968202577,140.58278
2026-07-14 22:00:00,129.26794440027558,141.8122,141.15553696693274,141.8122
2026-07-14 22:15:00,134.94573201058856,141.15358,141.22256954678846,141.15358
2026-07-14 22:30:00,145.29403765172515,140.8457,140.91463423266276,140.8457
2026-07-14 22:45:00,135.05132076323983,140.44917,139.770343853738,140.44917
2026-07-14 23:00:00,159.4763889423076,139.33109,139.71063558299122,139.33109
2026-07-14 23:15:00,139.9466654830336,142.01036,141.4318835114581,142.01036
2026-07-14 23:30:00,129.115081579498,140.71312,141.10016110950562,140.71312
2026-07-14 23:45:00,136.0838478438464,141.1264,141.1285577285799,141.1264
2026-07-15 00:00:00,60.77941000282675,66.42792,66.18447613571136,66.42792
2026-07-15 00:15:00,62.030992947499215,64.48615,65.03923104418075,64.48615
2026-07-15 00:30:00,52.718651357274325,67.26858,66.0007889289241,67.26858
2026-07-15 00:45:00,55.33519248555663,65.76521,65.18917407613625,65.76521
2026-07-15 01:00:00,60.368872866561695,66.47993,67.71904074587987,66.47993
2026-07-15 01:15:00,70.99725142515796,64.9156,69.15443095191667,64.9156
2026-07-15 01:30:00,75.97247037139884,65.71186,66.24526761308324,65.71186
2026-07-15 01:45:00,52.37996047961887,65.48031,67.08356971107578,65.48031
2026-07-15 02:00:00,80.45431907189578,65.528534,65.19335884922005,65.528534
2026-07-15 02:15:00,59.98356833267856,64.38863,64.25754795495527,64.38863
2026-07-15 02:30:00,74.46960795034576,64.4295,64.6093577585661,64.4295
2026-07-15 02:45:00,66.5654002661968,65.18559,65.01402442569119,65.18559
2026-07-15 03:00:00,67.93716810840755,67.410805,66.62857436841195,67.410805
2026-07-15 03:15:00,48.79590769243649,65.73097,65.7603562772642,65.73097
2026-07-15 03:30:00,59.29099029172916,64.37507,66.11189853706279,64.37507
2026-07-15 03:45:00,65.07773363648644,64.256485,64.7675500340617,64.256485
2026-07-15 04:00:00,56.42626687491201,63.347244,65.00264536672334,63.347244
2026-07-15 04:15:00,59.63487413423308,64.29905,65.83011270769363,64.29905
2026-07-15 04:30:00,67.555064648171,62.542294,62.870326581783054,62.542294
2026-07-15 04:45:00,68.19093040772114,64.3592,65.12516282188288,64.3592
2026-07-15 05:00:00,61.090357517044254,65.61294,66.09156387872966,65.61294
2026-07-15 05:15:00,60.83852325144614,64.54243,65.39375177631618,64.54243
2026-07-15 05:30:00,75.61711036706313,64.74477,64.6180712067196,64.74477
2026-07-15 05:45:00,67.26260190021814,64.765976,65.23729641748712,64.765976
2026-07-15 06:00:00,153.78940226835894,145.74438,144.1729495817131,145.74438
2026-07-15 06:15:00,117.98028748653714,127.55341,123.89496859886808,127.55341
2026-07-15 06:30:00,130.23483248205594,123.70032,125.5628784012538,123.70032
2026-07-15 06:45:00,123.92616964272052,138.15497,133.8121210755998,138.15497
2026-07-15 07:00:00,118.14366201392356,115.35881,116.88637110140887,115.35881
2026-07-15 07:15:00,122.4023605160802,111.08499,125.37963959281727,111.08499
2026-07-15 07:30:00,123.83887547837882,108.0572,122.89674122564972,108.0572
2026-07-15 07:45:00,108.47863669218152,106.810974,113.18511379497508,106.810974
2026-07-15 08:00:00,318.7178862918021,312.86444,333.4730335850828,312.86444
2026-07-15 08:15:00,346.8580619963867,325.62582,249.40182253477187,325.62582
2026-07-15 08:30:00,320.70136144668265,337.35742,330.58478914514586,337.35742
2026-07-15 08:45:00,309.6827872702808,335.17932,302.06444632831807,335.17932
2026-07-15 09:00:00,325.2310733616198,338.36533,329.0803831711183,338.36533
2026-07-15 09:15:00,299.80793936738405,326.03952,338.0190351932249,326.03952
2026-07-15 09:30:00,311.6254028232587,332.0203,336.24468767503095,332.0203
2026-07-15 09:45:00,296.49616191603843,331.818,336.68439529232836,331.818
2026-07-15 10:00:00,305.084118081381,294.55862,299.2331550436825,294.55862
2026-07-15 10:15:00,300.9605394529564,299.49744,300.63399783140625,299.49744
2026-07-15 10:30:00,311.36447442281195,303.82404,301.8501096315406,303.82404
2026-07-15 10:45:00,306.1282839562713,302.83786,301.71515682215465,302.83786
2026-07-15 11:00:00,291.9143900755462,303.8855,303.5023603773336,303.8855
2026-07-15 11:15:00,296.2691147527937,305.27493,302.80180371604274,305.27493
2026-07-15 11:30:00,299.2897829893407,292.60458,293.4689857900042,292.60458
2026-07-15 11:45:00,292.2914734352813,304.41443,302.92978882387234,304.41443
2026-07-15 12:00:00,303.7632558324676,300.23883,299.6850767750862,300.23883
2026-07-15 12:15:00,302.24425067855054,302.1154,299.9051946121032,302.1154
2026-07-15 12:30:00,315.535577788929,301.80603,301.81938280725734,301.80603
2026-07-15 12:45:00,316.1644253410146,303.74026,303.45524746855625,303.74026
2026-07-15 13:00:00,300.06887249083053,304.13174,305.34209674749764,304.13174
2026-07-15 13:15:00,291.3419004588838,308.21222,306.6702090179364,308.21222
2026-07-15 13:30:00,296.0445611302355,307.22925,304.2085030873936,307.22925
2026-07-15 13:45:00,298.5773374894341,309.35532,305.26558269295725,309.35532
2026-07-15 14:00:00,292.9453081584518,303.8214,302.2722403221189,303.8214
2026-07-15 14:15:00,302.22008583501884,304.22128,304.46331721120936,304.22128
2026-07-15 14:30:00,309.9443820356375,304.00363,301.71441517368953,304.00363
2026-07-15 14:45:00,302.60623975609366,304.7849,304.3695215128849,304.7849
2026-07-15 15:00:00,303.34831649296257,295.6241,294.75637898671704,295.6241
2026-07-15 15:15:00,297.66306318844624,301.22723,301.43724400798527,301.22723
2026-07-15 15:30:00,285.18812879965685,298.1728,295.38694153749566,298.1728
2026-07-15 15:45:00,274.5692077666605,299.95532,300.72988624127163,299.95532
2026-07-15 16:00:00,287.24079946902884,303.51465,302.7818116390302,303.51465
2026-07-15 16:15:00,310.4171855294037,302.4441,303.50893385421483,302.4441
2026-07-15 16:30:00,299.96585973648644,298.70245,299.4638895465291,298.70245
2026-07-15 16:45:00,294.0783932149301,292.53897,292.47122100858263,292.53897
2026-07-15 17:00:00,277.08287964294954,290.65033,291.7728646244996,290.65033
2026-07-15 17:15:00,294.5365839210168,291.2032,291.637223548818,291.2032
2026-07-15 17:30:00,282.96444124676543,292.70486,291.54347026741516,292.70486
2026-07-15 17:45:00,287.6564394572305,295.85034,295.698877235519,295.85034
2026-07-15 18:00:00,135.03060285165134,147.16617,148.36050408521191,147.16617
2026-07-15 18:15:00,155.83366470819954,134.20964,145.16179018274303,134.20964
2026-07-15 18:30:00,172.42593905225633,144.63234,145.50301221554608,144.63234
2026-07-15 18:45:00,138.63047575029776,140.4289,139.81621382987984,140.4289
2026-07-15 19:00:00,128.2973260680809,136.61656,135.07273522855672,136.61656
2026-07-15 19:15:00,128.52493666237632,137.04262,134.65115361873842,137.04262
2026-07-15 19:30:00,130.76279488370756,143.72581,143.35785650638212,143.72581
2026-07-15 19:45:00,133.9080486520738,139.01396,138.52022994118835,139.01396
2026-07-15 20:00:00,154.28599888268647,140.45746,140.36093591595787,140.45746
2026-07-15 20:15:00,144.7652488146884,140.63412,138.51351956869442,140.63412
2026-07-15 20:30:00,131.65635022098178,140.3537,138.75365254228686,140.3537
2026-07-15 20:45:00,137.61623594005044,137.974,136.5855164926418,137.974
2026-07-15 21:00:00,163.00994159498467,139.54843,139.90109003500422,139.54843
2026-07-15 21:15:00,144.4549268546907,139.21603,139.04699546549398,139.21603
2026-07-15 21:30:00,136.0723560548417,140.94423,141.6926965820757,140.94423
2026-07-15 21:45:00,133.4402143213373,141.07977,140.03974002992132,141.07977
2026-07-15 22:00:00,144.6295274163463,141.02164,141.2999239511291,141.02164
2026-07-15 22:15:00,126.43553800302908,141.55629,141.56257654815465,141.55629
2026-07-15 22:30:00,131.6725953790513,140.48656,140.62190566963133,140.48656
2026-07-15 22:45:00,156.87417333048796,140.68481,140.71593843809677,140.68481
2026-07-15 23:00:00,152.90715958794638,140.88216,141.56012764167616,140.88216
2026-07-15 23:15:00,131.76565794136042,140.23228,140.33341116744216,140.23228
2026-07-15 23:30:00,145.90876748878975,140.64085,139.94148683447824,140.64085
2026-07-15 23:45:00,136.25126153309122,138.0481,140.12029157858595,138.0481
2026-07-16 00:00:00,68.55650141748742,66.70661,66.77523092284638,66.70661
2026-07-16 00:15:00,59.36319513902538,67.39871,65.73849889817906,67.39871
2026-07-16 00:30:00,66.57568144475636,65.37111,65.36780004421257,65.37111
2026-07-16 00:45:00,61.32356182457448,68.751076,69.73161868561535,68.751076
2026-07-16 01:00:00,65.26903654834021,65.77161,65.8974229839772,65.77161
2026-07-16 01:15:00,85.41582155189538,66.02739,65.7027715048169,66.02739
2026-07-16 01:30:00,75.6133215803146,64.45671,65.52217442135247,64.45671
2026-07-16 01:45:00,61.85720594171946,65.50877,65.4905826709021,65.50877
2026-07-16 02:00:00,77.67864266289592,66.27954,65.8825309925201,66.27954
2026-07-16 02:15:00,72.2755518573927,66.7377,65.27769161327828,66.7377
2026-07-16 02:30:00,67.55598253915862,65.288315,65.84830901028067,65.288315
2026-07-16 02:45:00,48.88626163524607,65.13838,64.75349608569361,65.13838
2026-07-16 03:00:00,72.41344841917723,66.61132,65.95806961240051,66.61132
2026-07-16 03:15:00,74.35605176628337,65.83962,65.84447862281014,65.83962
2026-07-16 03:30:00,63.35685716244835,65.10478,65.53470711543291,65.10478
2026-07-16 03:45:00,72.77874146488479,64.75428,64.25661995191736,64.75428
2026-07-16 04:00:00,65.13673930934357,65.46681,66.29565626262172,65.46681
2026-07-16 04:15:00,66.04371035711303,65.078766,65.96910757977795,65.078766
2026-07-16 04:30:00,58.517629211198,65.93193,65.30469264172031,65.93193
2026-07-16 04:45:00,63.40812355736477,64.97977,64.72582105683243,64.97977
2026-07-16 05:00:00,79.77674477030844,65.761696,65.74604834643175,65.761696
2026-07-16 05:15:00,54.13130269913511,64.78136,65.34195827686227,64.78136
2026-07-16 05:30:00,54.651679871166095,64.77603,64.85483806640144,64.77603
2026-07-16 05:45:00,65.26577567279455,66.00529,65.53794128192425,66.00529
2026-07-16 06:00:00,104.19356980634876,124.203575,118.01154997529092,124.203575
2026-07-16 06:15:00,94.0231173790415,119.737526,117.42609446238605,119.737526
2026-07-16 06:30:00,146.8212778564539,135.1591,133.27204968601015,135.1591
2026-07-16 06:45:00,168.94337929357917,144.92859,145.0779906078573,144.92859
2026-07-16 07:00:00,91.88152233354457,111.66648,108.76523259419301,111.66648
2026-07-16 07:15:00,106.59656878514444,114.22039,105.73211852747681,114.22039
2026-07-16 07:30:00,128.6027021254777,121.05352,119.88162111460494,121.05352
2026-07-16 07:45:00,110.8350282003175,114.51039,109.51954768659861,114.51039
2026-07-16 08:00:00,321.61325009701284,267.82132,192.25440911809685,267.82132
2026-07-16 08:15:00,328.9758532224821,314.58853,307.2371481498678,314.58853
2026-07-16 08:30:00,319.6845005041173,336.3228,305.8735041450393,336.3228
2026-07-16 08:45:00,356.4676941513348,345.43558,305.684491718059,345.43558
2026-07-16 09:00:00,319.3074170616319,336.64383,335.55771502297455,336.64383
2026-07-16 09:15:00,327.7891048680279,325.15985,336.09424762290024,325.15985
2026-07-16 09:30:00,325.7933606442289,324.59753,333.9036121784584,324.59753
2026-07-16 09:45:00,330.0055139185884,328.6675,334.192949521996,328.6675
2026-07-16 10:00:00,299.2343796232315,294.3999,294.9421070166658,294.3999
2026-07-16 10:15:00,284.47557146428096,302.41354,302.52281459210616,302.41354
2026-07-16 10:30:00,289.25741868006315,304.24048,303.14788153358387,304.24048
2026-07-16 10:45:00,317.8543334363706,304.4631,303.1966829670431,304.4631
2026-07-16 11:00:00,325.524666855217,301.5141,301.9135116496951,301.5141
2026-07-16 11:15:00,317.99682595358706,302.59366,301.67039018070744,302.59366
2026-07-16 11:30:00,316.7983613574969,302.1076,301.2038711356294,302.1076
2026-07-16 11:45:00,307.0360479704621,303.8926,303.6604226394034,303.8926
2026-07-16 12:00:00,310.0945848135015,303.51746,302.3257665996081,303.51746
2026-07-16 12:15:00,325.4770324164777,304.88074,304.3429044414841,304.88074
2026-07-16 12:30:00,309.40910070150045,303.36972,301.56269778490815,303.36972
2026-07-16 12:45:00,297.0824825693665,301.72916,300.4781793747657,301.72916
2026-07-16 13:00:00,300.5531225702747,305.1673,301.77242798830514,305.1673
2026-07-16 13:15:00,310.8137905847339,306.34653,302.75524504458735,306.34653
2026-07-16 13:30:00,310.51699659420177,304.8876,301.24220478133844,304.8876
2026-07-16 13:45:00,303.7150086204003,302.75574,301.92207514682354,302.75574
2026-07-16 14:00:00,305.8420846844365,300.01056,302.33935904532797,300.01056
2026-07-16 14:15:00,289.40317995248085,300.56754,303.36315146480985,300.56754
2026-07-16 14:30:00,288.1867223928399,301.57858,297.9360894938175,301.57858
2026-07-16 14:45:00,300.6866623983827,302.92868,299.57942610945344,302.92868
2026-07-16 15:00:00,308.1303454652736,297.84366,298.78311255525324,297.84366
2026-07-16 15:15:00,300.85747579549025,299.8011,301.46759161200526,299.8011
2026-07-16 15:30:00,303.87020248672434,298.95886,298.1701699609084,298.95886
2026-07-16 15:45:00,302.64624198665365,305.96976,304.55263776000214,305.96976
2026-07-16 16:00:00,287.6540259521539,298.1055,297.1846460101464,298.1055
2026-07-16 16:15:00,279.23995564047215,300.29517,300.2644976741599,300.29517
2026-07-16 16:30:00,299.6318284280172,294.3716,295.2665805530553,294.3716
2026-07-16 16:45:00,296.28695173736287,296.7223,296.91899464042723,296.7223
2026-07-16 17:00:00,303.76715908859967,291.35785,290.2892141830492,291.35785
2026-07-16 17:15:00,292.92527243431806,291.47897,292.87412646889436,291.47897
2026-07-16 17:30:00,306.89838548290294,288.50113,288.26632927045245,288.50113
2026-07-16 17:45:00,310.1205514748547,296.9488,295.804114668727,296.9488
2026-07-16 18:00:00,153.2457770761309,142.7755,146.38912889502078,142.7755
2026-07-16 18:15:00,134.2544276105331,144.92236,147.83197345387399,144.92236
2026-07-16 18:30:00,140.56994365015024,151.7054,153.46517107240223,151.7054
2026-07-16 18:45:00,132.97139813778918,137.1739,135.62495486482018,137.1739
2026-07-16 19:00:00,127.97510548517204,136.74832,134.68463966610526,136.74832
2026-07-16 19:15:00,144.3430025015545,136.78113,135.56792425073684,136.78113
2026-07-16 19:30:00,128.03935184446317,135.24013,129.84393925043886,135.24013
2026-07-16 19:45:00,137.71676496552087,136.9015,154.62660858311006,136.9015
2026-07-16 20:00:00,131.33024624481433,141.24207,155.85549482937344,141.24207
2026-07-16 20:15:00,146.76423444536,137.5032,156.39703774247573,137.5032
2026-07-16 20:30:00,152.6858326952743,141.48026,136.11254773791316,141.48026
2026-07-16 20:45:00,152.97670951424217,138.17563,137.26266189476232,138.17563
2026-07-16 21:00:00,120.09930939053044,137.04567,136.5432058514933,137.04567
2026-07-16 21:15:00,145.84845098964345,141.18665,141.1894776742979,141.18665
2026-07-16 21:30:00,140.84640259163035,138.8984,140.53248720002267,138.8984
2026-07-16 21:45:00,153.13720517193815,141.07985,140.58536456340755,141.07985
2026-07-16 22:00:00,133.48457963060395,140.47467,142.3693227161382,140.47467
2026-07-16 22:15:00,143.66380858277563,140.81224,140.65999607910172,140.81224
2026-07-16 22:30:00,161.0505087997138,140.14116,140.73074029819293,140.14116
2026-07-16 22:45:00,125.56317377911375,142.28752,142.34545716772107,142.28752
2026-07-16 23:00:00,134.8788785643482,143.09207,143.26123789411255,143.09207
2026-07-16 23:15:00,130.43494494262566,140.43083,141.61194242988483,140.43083
2026-07-16 23:30:00,130.8030168268554,138.4469,139.76891768131057,138.4469
2026-07-16 23:45:00,149.06878931703253,141.6066,141.1051156329787,141.6066
2026-07-17 00:00:00,70.69011553918247,66.54283,65.57911274202013,66.54283
2026-07-17 00:15:00,64.18241981388155,64.91626,64.9323710455121,64.91626
2026-07-17 00:30:00,60.89566834205554,66.07532,66.84184632155949,66.07532
2026-07-17 00:45:00,55.67151561947253,66.28641,66.19473201619527,66.28641
2026-07-17 01:00:00,66.19815918751299,63.934315,65.13448909062653,63.934315
2026-07-17 01:15:00,61.7416444465909,65.689705,65.88063022778287,65.689705
2026-07-17 01:30:00,68.91100192654858,65.84266,65.7093305147082,65.84266
2026-07-17 01:45:00,70.38186301962638,64.63744,66.55148890309272,64.63744
2026-07-17 02:00:00,53.67389599251455,63.89404,64.75396663840448,63.89404
2026-07-17 02:15:00,68.39554615624726,64.40756,64.04360207260954,64.40756
2026-07-17 02:30:00,69.09553899944557,64.64647,64.90571999849512,64.64647
2026-07-17 02:45:00,71.68681148736034,65.9433,66.30469558057642,65.9433
2026-07-17 03:00:00,66.86372856305779,65.442764,66.21531659775368,65.442764
2026-07-17 03:15:00,62.495848171674126,65.02638,65.99533693651718,65.02638
2026-07-17 03:30:00,92.58926411733442,64.99607,65.38333187400731,64.99607
2026-07-17 03:45:00,58.38551208710736,65.13382,65.21846275024069,65.13382
2026-07-17 04:00:00,61.49988683876252,65.4554,65.04663948769232,65.4554
2026-07-17 04:15:00,61.35648178319767,66.127106,66.09599489282769,66.127106
2026-07-17 04:30:00,72.77914828418423,66.10187,65.71547594527155,66.10187
2026-07-17 04:45:00,74.94287637270419,65.159,66.17483449931653,65.159
2026-07-17 05:00:00,70.48707674960093,65.22,65.22974978804378,65.22
2026-07-17 05:15:00,62.80078693448395,65.63721,64.95542272899577,65.63721
2026-07-17 05:30:00,63.45002923781889,65.94886,66.04735656915358,65.94886
2026-07-17 05:45:00,57.54617723340192,64.65233,65.94063876417036,64.65233
2026-07-17 06:00:00,115.57619665945153,110.64514,115.2856797781017,110.64514
2026-07-17 06:15:00,126.18013966262303,114.233345,85.80906649833618,114.233345
2026-07-17 06:30:00,136.97455507374474,134.18254,134.85079363710827,134.18254
2026-07-17 06:45:00,138.17055065631487,140.39264,138.89922571079347,140.39264
2026-07-17 07:00:00,99.5080239101087,106.26687,81.53241314941285,106.26687
2026-07-17 07:15:00,117.05007751315496,105.727455,119.35160376279849,105.727455
2026-07-17 07:30:00,107.54017853981208,118.5555,119.8656183937412,118.5555
2026-07-17 07:45:00,86.97687028544325,113.992516,109.69329514549656,113.992516
2026-07-17 08:00:00,325.7558615023265,299.55496,214.21892278404616,299.55496
2026-07-17 08:15:00,345.9458977574244,339.1476,349.38762193665485,339.1476
2026-07-17 08:30:00,341.0654883881659,339.47177,301.09579359364676,339.47177
2026-07-17 08:45:00,341.6670918266484,322.10638,316.7841505120187,322.10638
2026-07-17 09:00:00,311.111060181515,330.81775,335.08346704747663,330.81775
2026-07-17 09:15:00,317.8408660210887,330.89694,335.1148240570542,330.89694
2026-07-17 09:30:00,332.011583783751,333.2631,336.30485554338236,333.2631
2026-07-17 09:45:00,317.18125211499245,330.60916,325.9603832536165,330.60916
2026-07-17 10:00:00,277.0440542693929,289.24564,292.04770820684377,289.24564
2026-07-17 10:15:00,300.85116565205635,298.25302,297.727733188807,298.25302
2026-07-17 10:30:00,295.93111115577426,302.93082,301.98979737716166,302.93082
2026-07-17 10:45:00,301.53926421235144,299.40918,298.68803794279535,299.40918
2026-07-17 11:00:00,306.2255474080705,295.24442,296.5210508476401,295.24442
2026-07-17 11:15:00,305.84349155943903,302.35693,301.90036117274343,302.35693
2026-07-17 11:30:00,302.5830218398347,301.98694,301.62386079152117,301.98694
2026-07-17 11:45:00,315.6905558507168,301.7235,302.0590510988499,301.7235
2026-07-17 12:00:00,292.27252605813595,298.13434,298.87627946147813,298.13434
2026-07-17 12:15:00,294.9468035321572,301.8325,299.75585103688115,301.8325
2026-07-17 12:30:00,295.62947927630444,305.03186,303.605325863109,305.03186
2026-07-17 12:45:00,297.1092957611696,299.98535,300.9708956700816,299.98535
2026-07-17 13:00:00,302.4659132039649,298.57535,301.1894024772982,298.57535
2026-07-17 13:15:00,297.7942826151896,298.28207,299.7928069101102,298.28207
2026-07-17 13:30:00,309.986459413369,299.4417,299.05651643921135,299.4417
2026-07-17 13:45:00,300.3542422639096,301.49933,302.894441090612,301.49933
2026-07-17 14:00:00,297.20434231615684,304.26944,303.895861556573,304.26944
2026-07-17 14:15:00,288.981812148274,296.0278,296.78062772992666,296.0278
2026-07-17 14:30:00,300.14894885859513,302.2003,298.7987025609828,302.2003
2026-07-17 14:45:00,305.82922501776784,298.32193,300.43019948213356,298.32193
2026-07-17 15:00:00,302.74959928932594,298.31793,300.8614054259102,298.31793
2026-07-17 15:15:00,286.372848193622,299.1095,300.8618627012253,299.1095
2026-07-17 15:30:00,310.09954981741123,300.4205,303.78222962854613,300.4205
2026-07-17 15:45:00,298.22044099421373,295.45636,295.1308226097235,295.45636
2026-07-17 16:00:00,306.8851281516541,296.98975,297.81031241619365,296.98975
2026-07-17 16:15:00,301.86050431749413,299.86063,301.5849693091828,299.86063
2026-07-17 16:30:00,296.17260277186983,302.13525,298.7686000812362,302.13525
2026-07-17 16:45:00,316.1254229845219,298.05005,301.12821598891196,298.05005
2026-07-17 17:00:00,301.5971710936147,295.46555,297.48962471134115,295.46555
2026-07-17 17:15:00,305.37194347119794,302.8206,300.8215936772816,302.8206
2026-07-17 17:30:00,290.38779070119824,289.56537,291.4996114904258,289.56537
2026-07-17 17:45:00,298.6130711621273,302.72934,298.3741447703674,302.72934
2026-07-17 18:00:00,143.39525360811285,143.03471,146.3548953097086,143.03471
2026-07-17 18:15:00,147.19237997718136,138.84688,142.1071176492999,138.84688
2026-07-17 18:30:00,139.1493617929211,143.55386,148.42714850758364,143.55386
2026-07-17 18:45:00,148.34898773288694,137.184,135.99071597582886,137.184
2026-07-17 19:00:00,137.37565896843492,136.10487,134.69808508896875,136.10487
2026-07-17 19:15:00,137.42737235935604,133.72415,129.25958252627373,133.72415
2026-07-17 19:30:00,143.28394870703892,137.24352,129.07279883361124,137.24352
2026-07-17 19:45:00,121.74288077075154,138.09789,133.33861323188447,138.09789
2026-07-17 20:00:00,141.69427801738817,137.87115,152.92169894681751,137.87115
2026-07-17 20:15:00,155.5608430407192,138.0473,155.04096642606845,138.0473
2026-07-17 20:30:00,117.69445039953996,142.27441,137.71079490708064,142.27441
2026-07-17 20:45:00,139.80046353925144,141.37509,142.44992326315176,141.37509
2026-07-17 21:00:00,138.8434395671063,139.09544,141.26225914946878,139.09544
2026-07-17 21:15:00,135.5694138882802,140.1093,140.10437307679388,140.1093
2026-07-17 21:30:00,151.246571956187,139.46567,142.25607872358657,139.46567
2026-07-17 21:45:00,136.15020880010684,142.25063,142.38866189390387,142.25063
2026-07-17 22:00:00,174.67279582853348,140.81395,140.88188998862802,140.81395
2026-07-17 22:15:00,142.67260757655208,138.8603,138.52522460475217,138.8603
2026-07-17 22:30:00,130.58742279046194,142.85289,141.71901479063658,142.85289
2026-07-17 22:45:00,135.7531263181632,140.04955,140.39491436689656,140.04955
2026-07-17 23:00:00,132.07350894255558,135.91852,138.91798112752363,135.91852
2026-07-17 23:15:00,130.29235460623562,140.31282,140.11323270219796,140.31282
2026-07-17 23:30:00,136.71395615260235,141.23692,140.15398501056154,141.23692
2026-07-17 23:45:00,141.83157853121028,141.51314,140.57443513137818,141.51314
2026-07-18 00:00:00,57.93318703858539,67.73813,71.19054601550198,67.73813
2026-07-18 00:15:00,72.80945907613568,64.749596,65.43831746711945,64.749596
2026-07-18 00:30:00,72.69946528860153,64.995255,65.27736598481947,64.995255
2026-07-18 00:45:00,67.50820227933227,64.6894,65.3343512932609,64.6894
2026-07-18 01:00:00,63.91988110144727,64.92123,64.9633884707578,64.92123
2026-07-18 01:15:00,63.57590326538578,64.62265,65.68868391952032,64.62265
2026-07-18 01:30:00,55.87116503283011,64.45345,65.33319506769887,64.45345
2026-07-18 01:45:00,58.746883021181375,65.15042,64.63609169271514,65.15042
2026-07-18 02:00:00,71.87732175580547,64.971,64.80665185631406,64.971
2026-07-18 02:15:00,57.35978679633212,65.00632,64.67175926044924,65.00632
2026-07-18 02:30:00,49.338086934095,64.755875,64.70946530885891,64.755875
2026-07-18 02:45:00,63.35857887026721,66.406685,66.08657520343307,66.406685
2026-07-18 03:00:00,66.08503729487057,65.362724,66.06259537199755,65.362724
2026-07-18 03:15:00,73.74673391355057,65.45609,65.60504924027465,65.45609
2026-07-18 03:30:00,70.40058780050099,72.710205,61.450707495469445,72.710205
2026-07-18 03:45:00,66.54194352488786,64.70049,64.78488735460762,64.70049
2026-07-18 04:00:00,80.25686295051554,68.283844,65.10522525199723,68.283844
2026-07-18 04:15:00,77.32805314661307,66.10037,65.36510114917724,66.10037
2026-07-18 04:30:00,57.49224061821501,64.74579,64.86844966595375,64.74579
2026-07-18 04:45:00,73.74549226015843,67.10383,64.75977922451662,67.10383
2026-07-18 05:00:00,82.8019584893199,66.68719,64.90130213060776,66.68719
2026-07-18 05:15:00,50.94342933404573,65.67378,65.14182677165996,65.67378
2026-07-18 05:30:00,62.12858468981065,65.75641,64.64205653321183,65.75641
2026-07-18 05:45:00,48.73951021743861,65.58229,65.40457659558088,65.58229
2026-07-18 06:00:00,120.60979473177566,131.07014,127.11081410580475,131.07014
2026-07-18 06:15:00,118.8230602800023,130.63927,130.1474182508678,130.63927
2026-07-18 06:30:00,126.3563487670224,119.59536,120.85942466512701,119.59536
2026-07-18 06:45:00,116.34731545996858,123.125656,124.36866656384247,123.125656
2026-07-18 07:00:00,90.01182082748096,101.06551,108.26055408526443,101.06551
2026-07-18 07:15:00,106.41705415850976,111.36615,106.34196628162616,111.36615
2026-07-18 07:30:00,98.11790815071755,114.59264,108.87353441522879,114.59264
2026-07-18 07:45:00,138.47024876841556,84.55952,85.72672148412255,84.55952
2026-07-18 08:00:00,83.64815302893415,108.43556,121.8442826136089,108.43556
2026-07-18 08:15:00,98.46688321380212,102.32821,97.71499891574132,102.32821
2026-07-18 08:30:00,89.24800379230811,108.69399,103.20814711068283,108.69399
2026-07-18 08:45:00,81.14255860994042,104.54238,101.16077481321688,104.54238
2026-07-18 09:00:00,110.7194246011736,103.56414,103.38990615860845,103.56414
2026-07-18 09:15:00,82.60583302263478,93.22702,104.92767849745472,93.22702
2026-07-18 09:30:00,87.42882472517206,91.25005,85.31823351833077,91.25005
2026-07-18 09:45:00,70.74059781407985,91.489006,103.75153916213927,91.489006
2026-07-18 10:00:00,55.60655775540015,65.50298,67.14319023368977,65.50298
2026-07-18 10:15:00,70.99370392911743,64.723915,64.39246825816161,64.723915
2026-07-18 10:30:00,59.69709287634369,64.299934,64.2320871488728,64.299934
2026-07-18 10:45:00,69.89611487656802,62.58609,64.42849969099314,62.58609
2026-07-18 11:00:00,62.62486476543484,61.99466,62.58054894081553,61.99466
2026-07-18 11:15:00,61.53011873379344,62.626446,64.17255572344311,62.626446
2026-07-18 11:30:00,77.14547722375679,62.584095,63.26001725320007,62.584095
2026-07-18 11:45:00,68.23438712714287,63.487,68.34799840205399,63.487
2026-07-18 12:00:00,72.89614846332456,64.23603,64.1239485800627,64.23603
2026-07-18 12:15:00,56.362648993684914,63.906506,63.93274594717347,63.906506
2026-07-18 12:30:00,68.92994331074239,65.41871,65.13335473809218,65.41871
2026-07-18 12:45:00,55.20169774559817,64.8658,64.5760485769589,64.8658
2026-07-18 13:00:00,65.1038998853653,65.31104,64.34821576089502,65.31104
2026-07-18 13:15:00,64.33820872788755,63.945156,63.30749303996731,63.945156
2026-07-18 13:30:00,65.97468791531148,64.82652,63.87247940039973,64.82652
2026-07-18 13:45:00,65.20369423640486,67.63567,66.31597982064292,67.63567
2026-07-18 14:00:00,56.64686426975037,67.4314,66.50784475669663,67.4314
2026-07-18 14:15:00,79.71632403955395,68.74925,68.15466173586462,68.74925
2026-07-18 14:30:00,62.739851202002505,68.31952,67.12731840812755,68.31952
2026-07-18 14:45:00,45.10710642468373,69.41559,67.49256005454887,69.41559
2026-07-18 15:00:00,62.4710329946234,64.90881,64.93959321635381,64.90881
2026-07-18 15:15:00,66.83784460072681,66.53118,65.77755272538089,66.53118
2026-07-18 15:30:00,66.17090709914103,66.62838,65.05070447073703,66.62838
2026-07-18 15:45:00,73.78269519088664,66.79657,67.07165454316996,66.79657
2026-07-18 16:00:00,66.38252814581227,65.400604,64.0018805593237,65.400604
2026-07-18 16:15:00,61.5420538250407,65.36274,65.24480397864093,65.36274
2026-07-18 16:30:00,59.0222332149353,66.39518,66.45173560897504,66.39518
2026-07-18 16:45:00,63.58713658348431,68.13224,73.52813503895705,68.13224
2026-07-18 17:00:00,73.10946088879224,67.13936,67.23012812540676,67.13936
2026-07-18 17:15:00,56.3137931363318,65.828156,64.62919142871625,65.828156
2026-07-18 17:30:00,55.70709550790036,65.224144,64.74338477990203,65.224144
2026-07-18 17:45:00,69.13291874243887,61.82773,61.90172018514158,61.82773
2026-07-18 18:00:00,150.0897292823276,136.31223,132.4774292987781,136.31223
2026-07-18 18:15:00,139.6723829097872,128.8152,129.4176936218881,128.8152
2026-07-18 18:30:00,150.9984006843597,129.47287,131.14984892653464,129.47287
2026-07-18 18:45:00,144.33582166721737,136.1273,134.0244605313006,136.1273
2026-07-18 19:00:00,139.2629946550073,139.15375,139.21176353156017,139.15375
2026-07-18 19:15:00,134.9895042838927,138.36188,138.30796009099683,138.36188
2026-07-18 19:30:00,133.7297838837096,136.9234,136.88507276388466,136.9234
2026-07-18 19:45:00,134.22747288594786,139.35063,137.62440305361616,139.35063
2026-07-18 20:00:00,124.12251884637703,135.66232,136.47518060836927,135.66232
2026-07-18 20:15:00,145.14226398845423,138.5309,137.28246682859148,138.5309
2026-07-18 20:30:00,160.74397139368062,140.32176,139.92162129806616,140.32176
2026-07-18 20:45:00,146.73403572035653,136.24892,137.44817034875533,136.24892
2026-07-18 21:00:00,123.48147036708616,140.53734,140.46272799923136,140.53734
2026-07-18 21:15:00,133.35136757464,139.07188,139.42465035768646,139.07188
2026-07-18 21:30:00,148.3631101464718,138.08395,139.51878905887227,138.08395
2026-07-18 21:45:00,134.08874201614876,139.17314,139.3852883306574,139.17314
2026-07-18 22:00:00,143.59850573579357,148.12415,143.87020875568817,148.12415
2026-07-18 22:15:00,150.40944046633405,140.38371,140.58317754445912,140.38371
2026-07-18 22:30:00,150.0313194013284,140.63463,140.16839840372725,140.63463
2026-07-18 22:45:00,155.2425894865333,140.46323,140.66240297425966,140.46323
2026-07-18 23:00:00,151.226866536994,140.33499,139.97328078464736,140.33499
2026-07-18 23:15:00,148.3898086577912,138.88919,139.64667695835067,138.88919
2026-07-18 23:30:00,138.12044856377827,140.37778,140.51346731577704,140.37778
2026-07-18 23:45:00,130.95044612397774,138.89726,140.27792294904424,138.89726
2026-07-19 00:00:00,83.08422226394768,65.41491,65.62363995932962,65.41491
2026-07-19 00:15:00,58.83474971366621,64.9875,64.66472843912068,64.9875
2026-07-19 00:30:00,48.45769669023901,63.943867,65.8438635678957,63.943867
2026-07-19 00:45:00,69.59709502106449,63.9847,65.52432557394735,63.9847
2026-07-19 01:00:00,55.3824897963238,64.850975,65.91982853807929,64.850975
2026-07-19 01:15:00,59.5611947432537,63.726597,64.18551696839488,63.726597
2026-07-19 01:30:00,51.826316928852805,65.92393,65.55969036067245,65.92393
2026-07-19 01:45:00,49.18027670265033,66.65278,66.7996012762954,66.65278
2026-07-19 02:00:00,55.74295045534869,63.69929,63.26246351001206,63.69929
2026-07-19 02:15:00,74.08262346665066,63.109146,63.57289597716027,63.109146
2026-07-19 02:30:00,62.6402682139147,63.359947,65.34103331895308,63.359947
2026-07-19 02:45:00,58.339355290560015,67.11393,64.92750778147247,67.11393
2026-07-19 03:00:00,62.05278760760623,66.97063,65.86830407668323,66.97063
2026-07-19 03:15:00,69.67596115663855,65.8987,66.80541390218616,65.8987
2026-07-19 03:30:00,43.19758605431976,64.80782,64.91954585715702,64.80782
2026-07-19 03:45:00,62.76134868837525,63.28078,63.180385043048645,63.28078
2026-07-19 04:00:00,54.59338845881754,65.84433,65.67286297230265,65.84433
2026-07-19 04:15:00,79.19540078984767,64.23394,60.224663084984265,64.23394
2026-07-19 04:30:00,71.13751639152804,63.730152,62.349323408960046,63.730152
2026-07-19 04:45:00,67.67886465091736,66.18246,64.83512883676508,66.18246
2026-07-19 05:00:00,61.41876268109236,65.107086,65.09019670137779,65.107086
2026-07-19 05:15:00,56.83170571037682,66.75008,65.66239461609554,66.75008
2026-07-19 05:30:00,67.95991287536361,66.10925,63.703825588424074,66.10925
2026-07-19 05:45:00,50.20715032371125,65.6068,64.27851063597491,65.6068
2026-07-19 06:00:00,105.45337478752562,117.426544,114.6066764446499,117.426544
2026-07-19 06:15:00,120.04199181663208,132.26794,125.1102167644243,132.26794
2026-07-19 06:30:00,111.31633146576718,113.846954,112.84344557066353,113.846954
2026-07-19 06:45:00,124.46700569893028,114.8322,112.85256743286722,114.8322
2026-07-19 07:00:00,97.44978840518031,73.77711,82.45220222416474,73.77711
2026-07-19 07:15:00,94.7120302217488,105.028595,105.75560186311813,105.028595
2026-07-19 07:30:00,105.06360618222976,102.64807,104.52711426573308,102.64807
2026-07-19 07:45:00,106.35826732510834,113.47367,115.81516891840873,113.47367
2026-07-19 08:00:00,102.62730213853706,75.56577,75.13380190612905,75.56577
2026-07-19 08:15:00,102.57034185531508,116.0263,122.74139693208622,116.0263
2026-07-19 08:30:00,118.08503425753608,78.41296,76.97618368165945,78.41296
2026-07-19 08:45:00,81.5165201853823,76.32033,77.29944600273882,76.32033
2026-07-19 09:00:00,81.64914712486706,109.49004,100.75593333262935,109.49004
2026-07-19 09:15:00,100.71317656655708,75.12715,73.17194007662793,75.12715
2026-07-19 09:30:00,92.1411670891432,78.36271,80.02562203639258,78.36271
2026-07-19 09:45:00,65.37626027735453,70.06025,67.76845632965846,70.06025
2026-07-19 10:00:00,68.53919324549929,64.44105,64.37112076743601,64.44105
2026-07-19 10:15:00,62.129882214401576,66.84521,66.78167455798206,66.84521
2026-07-19 10:30:00,60.71088085255603,66.15405,67.64123900287096,66.15405
2026-07-19 10:45:00,77.42880303326739,64.22126,65.37083510776745,64.22126
2026-07-19 11:00:00,66.27454182223967,64.748344,63.99848371487975,64.748344
2026-07-19 11:15:00,58.218583780470254,65.39962,64.73123966732761,65.39962
2026-07-19 11:30:00,68.71065461490413,64.892235,65.18179775810916,64.892235
2026-07-19 11:45:00,53.75645597472474,66.06374,66.18620226066399,66.06374
2026-07-19 12:00:00,76.71991241589727,65.35169,66.47430476780086,65.35169
2026-07-19 12:15:00,55.41215680952436,64.54266,63.42961779378795,64.54266
2026-07-19 12:30:00,64.56904284950586,66.02303,65.28050998675515,66.02303
2026-07-19 12:45:00,57.17764562695563,64.01425,63.725276660323054,64.01425
2026-07-19 13:00:00,64.03280434054027,64.90119,65.30497171432684,64.90119
2026-07-19 13:15:00,57.34303502099334,64.97377,64.59698544681467,64.97377
2026-07-19 13:30:00,49.16334336910245,65.01425,64.80051436688449,65.01425
2026-07-19 13:45:00,65.74877442319999,65.309135,64.44772256898865,65.309135
2026-07-19 14:00:00,44.06689823317207,59.17843,61.88555165132683,59.17843
2026-07-19 14:15:00,55.45762429294128,64.670616,65.91627643574158,64.670616
2026-07-19 14:30:00,71.02524725764438,64.066315,64.16333312666474,64.066315
2026-07-19 14:45:00,58.391782764504576,65.10163,64.4396730231576,65.10163
2026-07-19 15:00:00,58.21757939955424,63.314693,64.82396939356205,63.314693
2026-07-19 15:15:00,46.279930608304674,63.631847,62.25193487806705,63.631847
2026-07-19 15:30:00,53.01799637281789,65.017395,62.174414224493226,65.017395
2026-07-19 15:45:00,65.51233927397449,63.19365,62.78235603042538,63.19365
2026-07-19 16:00:00,76.91138396819403,63.69747,61.91006529847257,63.69747
2026-07-19 16:15:00,73.92248942626969,65.88277,63.008851812342385,65.88277
2026-07-19 16:30:00,70.73258380145774,64.680214,61.177091760534935,64.680214
2026-07-19 16:45:00,44.14602366050124,64.39657,64.53682972965296,64.39657
2026-07-19 17:00:00,55.11122355995394,65.01861,62.842155412149445,65.01861
2026-07-19 17:15:00,42.42554548186018,64.37101,62.39202471003521,64.37101
2026-07-19 17:30:00,56.66739291303892,65.180725,62.17358448203766,65.180725
2026-07-19 17:45:00,73.65149636765032,64.061356,62.35224595289039,64.061356
2026-07-19 18:00:00,141.98574354603497,130.97502,125.33808845745644,130.97502
2026-07-19 18:15:00,128.3752634591878,113.06143,121.63364610839966,113.06143
2026-07-19 18:30:00,140.46759327406556,130.90054,129.28796239395885,130.90054
2026-07-19 18:45:00,159.80272317549378,118.43211,121.8647555488871,118.43211
2026-07-19 19:00:00,154.55182262185352,136.36691,137.58762922601844,136.36691
2026-07-19 19:15:00,135.94883913210907,134.67084,137.56478457036607,134.67084
2026-07-19 19:30:00,145.6514933213877,133.35602,131.0881183695982,133.35602
2026-07-19 19:45:00,129.91981769652702,139.34653,139.96297359543703,139.34653
2026-07-19 20:00:00,145.03457956214936,135.16545,134.52843297588615,135.16545
2026-07-19 20:15:00,150.6359926273223,124.57346,126.45003275038258,124.57346
2026-07-19 20:30:00,141.11503845500138,140.4094,140.70648448635532,140.4094
2026-07-19 20:45:00,143.4805917682814,134.28944,136.23889532632188,134.28944
2026-07-19 21:00:00,151.51093525561365,141.25288,139.17597976289812,141.25288
2026-07-19 21:15:00,149.8167712329305,138.83278,138.8704717339889,138.83278
2026-07-19 21:30:00,128.56046938612607,139.82379,139.49343187697443,139.82379
2026-07-19 21:45:00,140.22047544477832,138.49109,139.1747134978456,138.49109
2026-07-19 22:00:00,162.72038628975298,140.59564,139.89737413658767,140.59564
2026-07-19 22:15:00,130.35898766273883,141.14233,140.89743507882955,141.14233
2026-07-19 22:30:00,139.29976189872778,142.01305,141.18435863260754,142.01305
2026-07-19 22:45:00,126.48001318007368,137.75354,137.99480679073014,137.75354
2026-07-19 23:00:00,128.7544018404618,141.30232,140.84899875556565,141.30232
2026-07-19 23:15:00,121.21980281686938,141.73798,140.8760915971406,141.73798
2026-07-19 23:30:00,145.7937473442084,139.99065,140.05272414759568,139.99065
2026-07-19 23:45:00,130.77834864261965,140.05165,139.93576692454246,140.05165
2026-07-20 00:00:00,60.973178552531685,69.044174,70.70215204474317,69.044174
2026-07-20 00:15:00,57.40858786927102,66.7635,67.0281857331103,66.7635
2026-07-20 00:30:00,57.164228961795445,67.107765,65.77176939685582,67.107765
2026-07-20 00:45:00,69.49548887538461,64.78548,66.00335914823825,64.78548
2026-07-20 01:00:00,65.35522029015057,65.09221,66.36287592398428,65.09221
2026-07-20 01:15:00,75.11214025796056,66.20534,66.5227002158621,66.20534
2026-07-20 01:30:00,76.37389549889168,65.390045,65.22342113772518,65.390045
2026-07-20 01:45:00,68.25364815204202,65.23927,70.47122344252232,65.23927
2026-07-20 02:00:00,65.01435119551887,64.5096,63.92840577294552,64.5096
2026-07-20 02:15:00,67.07073103520537,64.57258,65.5114373601224,64.57258
2026-07-20 02:30:00,57.47806390400208,64.37589,65.12434354677877,64.37589
2026-07-20 02:45:00,52.03593936018169,66.05119,65.00325595672366,66.05119
2026-07-20 03:00:00,60.8504735454718,65.619965,65.09876023486207,65.619965
2026-07-20 03:15:00,49.60287532397508,65.192696,64.85852353051715,65.192696
2026-07-20 03:30:00,69.74906456543457,64.9064,64.53805489172898,64.9064
2026-07-20 03:45:00,63.69702302152152,64.34936,65.62185192749997,64.34936
2026-07-20 04:00:00,75.01639649423012,65.76261,66.16064715064273,65.76261
2026-07-20 04:15:00,63.59457730235789,66.695885,66.7633501564119,66.695885
2026-07-20 04:30:00,73.18446989493332,64.65191,64.470868607869,64.65191
2026-07-20 04:45:00,78.7453947404185,65.42731,64.38782624278352,65.42731
2026-07-20 05:00:00,79.84265714165223,66.81998,66.93183348173235,66.81998
2026-07-20 05:15:00,47.785528825359165,64.422676,66.12557645731061,64.422676
2026-07-20 05:30:00,71.97037045295767,66.28655,66.30273369357626,66.28655
2026-07-20 05:45:00,47.86708354039144,68.463646,66.80055420498267,68.463646
2026-07-20 06:00:00,124.88067441820536,113.37206,120.34953271546559,113.37206
2026-07-20 06:15:00,105.1865460239216,123.397125,123.75506936494341,123.397125
2026-07-20 06:30:00,125.36961639975384,128.33371,123.08354678031978,128.33371
2026-07-20 06:45:00,134.37493053611354,135.89494,138.7881074046541,135.89494
2026-07-20 07:00:00,148.8767786890266,122.35591,139.52785948862234,122.35591
2026-07-20 07:15:00,81.29555298892926,115.62435,83.70284001370126,115.62435
2026-07-20 07:30:00,127.99354436611355,115.35985,129.11979883813896,115.35985
2026-07-20 07:45:00,121.453494912699,118.962166,129.1020254094187,118.962166
2026-07-20 08:00:00,325.53070360434606,210.16147,198.7366201834218,210.16147
2026-07-20 08:15:00,334.8886004172929,215.88205,247.09121464476658,215.88205
2026-07-20 08:30:00,332.79071009083003,308.19235,355.7324919741093,308.19235
2026-07-20 08:45:00,322.8481864731181,256.46716,143.65515652503956,256.46716
2026-07-20 09:00:00,330.0093612478533,328.5889,342.0970590543226,328.5889
2026-07-20 09:15:00,342.0859334264695,335.89624,345.1687357572044,335.89624
2026-07-20 09:30:00,345.84714589609774,331.9867,338.58771735876155,331.9867
2026-07-20 09:45:00,327.6252931220042,341.49664,340.82307056188927,341.49664
2026-07-20 10:00:00,300.83654115092,302.18808,305.06065310154145,302.18808
2026-07-20 10:15:00,334.4066846990616,306.08838,306.17096013264444,306.08838
2026-07-20 10:30:00,306.02862847372427,302.01205,305.27260223931876,302.01205
2026-07-20 10:45:00,305.18088670548104,302.95078,300.6735699640054,302.95078
2026-07-20 11:00:00,288.31607225393515,299.2723,298.9473471985618,299.2723
2026-07-20 11:15:00,302.5830389875721,305.04224,304.6946715521226,305.04224
2026-07-20 11:30:00,300.91111418071193,307.62225,304.8109473817526,307.62225
2026-07-20 11:45:00,317.52716001224616,302.92792,301.70708800411234,302.92792
2026-07-20 12:00:00,302.6581174360306,299.68872,300.7936131870005,299.68872
2026-07-20 12:15:00,316.8091544099317,298.7923,301.30927142977555,298.7923
2026-07-20 12:30:00,297.3592067728913,299.16385,301.36881831197286,299.16385
2026-07-20 12:45:00,313.2353871067247,297.14847,298.8560736038248,297.14847
2026-07-20 13:00:00,280.24700149896194,300.9998,302.52841355290417,300.9998
2026-07-20 13:15:00,311.0490155392381,300.52158,299.98546048093436,300.52158
2026-07-20 13:30:00,294.6222079142065,302.38525,301.1888516056334,302.38525
2026-07-20 13:45:00,322.0784808402995,299.7155,299.168487325447,299.7155
2026-07-20 14:00:00,302.73071348288954,296.27435,294.7639093519519,296.27435
2026-07-20 14:15:00,293.4078192397763,294.72397,293.4272909700402,294.72397
2026-07-20 14:30:00,301.8730247308836,303.30365,301.1889964508728,303.30365
2026-07-20 14:45:00,282.99418705212656,296.22934,295.42268535939405,296.22934
2026-07-20 15:00:00,296.9778390089044,305.23962,302.33643844232483,305.23962
2026-07-20 15:15:00,304.23995167552266,291.34836,291.7574054017652,291.34836
2026-07-20 15:30:00,292.8043978255931,301.94974,301.14980833402603,301.94974
2026-07-20 15:45:00,309.90226679131376,299.96503,299.6204332551102,299.96503
2026-07-20 16:00:00,300.5539149410715,300.0722,299.13664961474683,300.0722
2026-07-20 16:15:00,314.7196459183164,295.7418,296.39243073430555,295.7418
2026-07-20 16:30:00,296.300573984689,299.69162,299.5681316182969,299.69162
2026-07-20 16:45:00,294.8864909809121,301.57977,298.22355679237484,301.57977
2026-07-20 17:00:00,276.54208106482906,289.1525,289.0005132536708,289.1525
2026-07-20 17:15:00,286.38778007325607,288.38852,286.2425393070933,288.38852
2026-07-20 17:30:00,297.78045997177395,297.9971,294.10764810659276,297.9971
2026-07-20 17:45:00,280.215539891056,290.39413,289.4990203066604,290.39413
2026-07-20 18:00:00,137.73208031244286,149.73222,148.50744814901117,149.73222
2026-07-20 18:15:00,136.62620969621548,140.54909,148.01171132060688,140.54909
2026-07-20 18:30:00,116.87488214503438,143.00574,145.1372496743215,143.00574
2026-07-20 18:45:00,163.17633469499705,152.167,160.28670823948332,152.167
2026-07-20 19:00:00,156.31387208516418,139.3218,134.54869595098387,139.3218
2026-07-20 19:15:00,120.9551158234905,138.24767,139.43232523425866,138.24767
2026-07-20 19:30:00,155.07403529114703,137.8597,139.55275078639832,137.8597
2026-07-20 19:45:00,139.03904274021446,141.85068,135.07462117852018,141.85068
2026-07-20 20:00:00,129.47868344497607,139.55516,136.51564094798755,139.55516
2026-07-20 20:15:00,131.09264953714546,141.68282,137.6648294160418,141.68282
2026-07-20 20:30:00,138.6357640100887,139.94627,141.48697440298005,139.94627
2026-07-20 20:45:00,141.5147644641161,141.02669,140.10740860249993,141.02669
2026-07-20 21:00:00,137.43213930234515,141.06076,140.69321583385474,141.06076
2026-07-20 21:15:00,140.372217911198,141.90106,141.24260119169097,141.90106
2026-07-20 21:30:00,147.05121012288325,140.74297,140.74767830399145,140.74297
2026-07-20 21:45:00,155.0776623049671,140.90332,140.7895968395191,140.90332
2026-07-20 22:00:00,136.64919394135936,139.82019,140.4431597776357,139.82019
2026-07-20 22:15:00,141.50117040530853,136.83142,139.9553522836969,136.83142
2026-07-20 22:30:00,136.6977132973003,140.68243,140.98242033587448,140.68243
2026-07-20 22:45:00,120.41088451366797,140.36899,141.01055069518785,140.36899
2026-07-20 23:00:00,135.65105357451972,140.31071,140.29362187399067,140.31071
2026-07-20 23:15:00,130.03925324996993,140.20377,140.81078612943483,140.20377
2026-07-20 23:30:00,134.50319633571863,142.2015,141.41190875134973,142.2015
2026-07-20 23:45:00,134.41886063536165,141.0446,144.20139804651706,141.0446
2026-07-21 00:00:00,63.86998706447813,66.26197,65.92260525922013,66.26197
2026-07-21 00:15:00,70.48565546680102,65.239655,65.70219582223132,65.239655
2026-07-21 00:30:00,60.76140952733097,66.16573,65.47624734159598,66.16573
2026-07-21 00:45:00,55.40285095308955,68.14185,66.94731902854639,68.14185
2026-07-21 01:00:00,60.18314065800167,65.47594,64.16187313848474,65.47594
2026-07-21 01:15:00,72.04596442548508,65.316505,66.9954273972618,65.316505
2026-07-21 01:30:00,69.4480627388708,65.46604,65.5259222039461,65.46604
2026-07-21 01:45:00,54.8961056291669,65.53885,69.440728729932,65.53885
2026-07-21 02:00:00,64.08234884442174,65.248665,65.04596885380562,65.248665
2026-07-21 02:15:00,74.03441804692049,64.9794,64.59482963152495,64.9794
2026-07-21 02:30:00,71.07122334255604,65.02711,65.07746560836374,65.02711
2026-07-21 02:45:00,66.61656001014671,66.41406,66.15324041643676,66.41406
2026-07-21 03:00:00,61.17219488550326,65.94147,65.58028099930547,65.94147
2026-07-21 03:15:00,41.2128781157654,65.94101,66.13641011703469,65.94101
2026-07-21 03:30:00,65.93693031507829,65.04338,65.49368292005623,65.04338
2026-07-21 03:45:00,79.13506059310178,65.06464,65.12573819593446,65.06464
2026-07-21 04:00:00,76.95681825185937,65.44811,65.97556147987827,65.44811
2026-07-21 04:15:00,66.13063122488711,64.7998,65.85462952874687,64.7998
2026-07-21 04:30:00,68.03569938512547,65.24866,64.84419734471929,65.24866
2026-07-21 04:45:00,63.26065651419451,65.264824,65.85231741155495,65.264824
2026-07-21 05:00:00,49.48913402932618,65.71926,66.63963673364235,65.71926
2026-07-21 05:15:00,66.16840779016849,63.843903,65.07178768610463,63.843903
2026-07-21 05:30:00,79.78942583420712,65.102844,66.33109413841683,65.102844
2026-07-21 05:45:00,75.55500408820322,64.92335,64.60128460416233,64.92335
2026-07-21 06:00:00,134.63314037916223,132.68837,132.5605088753242,132.68837
2026-07-21 06:15:00,114.01133825390504,110.59022,114.86169410795084,110.59022
2026-07-21 06:30:00,124.14677645644326,123.780205,121.70678796602311,123.780205
2026-07-21 06:45:00,106.38123881777894,116.61747,107.48691987202989,116.61747
2026-07-21 07:00:00,101.37883660918472,111.812195,104.92347510927237,111.812195
2026-07-21 07:15:00,98.53458496019483,80.37145,73.34109518276105,80.37145
2026-07-21 07:30:00,101.06164610812304,115.84096,120.48460902209523,115.84096
2026-07-21 07:45:00,140.20312321345978,136.60855,138.39182793361212,136.60855
2026-07-21 08:00:00,322.532855196472,313.474,236.05209440351805,313.474
2026-07-21 08:15:00,308.57406554844243,332.44675,314.53000213274913,332.44675
2026-07-21 08:30:00,322.62693492500665,335.86237,327.30556906487055,335.86237
2026-07-21 08:45:00,344.29668823355814,321.85736,313.8080129055452,321.85736
2026-07-21 09:00:00,344.56289330009344,338.3176,326.3300473421322,338.3176
2026-07-21 09:15:00,314.25647916284515,325.50156,325.94645827458027,325.50156
2026-07-21 09:30:00,292.59771168377205,323.0888,326.4078185492169,323.0888
2026-07-21 09:45:00,329.1532863088086,332.04572,334.527741076279,332.04572
2026-07-21 10:00:00,318.23154448476583,297.35147,299.6826125431559,297.35147
2026-07-21 10:15:00,306.7762072601361,315.31485,334.8574220677635,315.31485
2026-07-21 10:30:00,302.06264472312444,297.3323,298.01982227320207,297.3323
2026-07-21 10:45:00,308.6827751171674,303.15198,304.2360986685724,303.15198
2026-07-21 11:00:00,304.1854828344974,304.2621,304.3341461612317,304.2621
2026-07-21 11:15:00,328.5583942158498,303.614,304.1100592757115,303.614
2026-07-21 11:30:00,299.8688485872533,304.40106,302.4331027796741,304.40106
2026-07-21 11:45:00,305.2925186557305,302.37482,303.94203420622074,302.37482
2026-07-21 12:00:00,290.123820879947,301.5435,298.57417753184956,301.5435
2026-07-21 12:15:00,290.4710244879094,297.60745,301.1347872857135,297.60745
2026-07-21 12:30:00,315.6161576918698,298.20703,302.46268847714003,298.20703
2026-07-21 12:45:00,309.8488128902192,299.7247,301.10859073021504,299.7247
2026-07-21 13:00:00,292.7947549197194,306.64838,303.0442554994517,306.64838
2026-07-21 13:15:00,304.68946537256966,298.8957,299.75286350911864,298.8957
2026-07-21 13:30:00,299.0703810550784,298.9752,299.2980738123401,298.9752
2026-07-21 13:45:00,305.4521984328406,301.1327,302.00982642724705,301.1327
2026-07-21 14:00:00,293.2381012050893,303.21045,304.11538838886173,303.21045
2026-07-21 14:15:00,305.1556225431551,302.89566,304.01971412927423,302.89566
2026-07-21 14:30:00,335.32940288421025,302.08002,302.8981564595277,302.08002
2026-07-21 14:45:00,302.1095211237986,299.70728,302.2956057998663,299.70728
2026-07-21 15:00:00,287.91477706668434,300.988,301.5623786233296,300.988
2026-07-21 15:15:00,304.314322773064,299.1281,302.0077087103551,299.1281
2026-07-21 15:30:00,302.27886148919777,304.18036,304.3621254603451,304.18036
2026-07-21 15:45:00,296.8626602908868,301.39746,301.1641294886876,301.39746
2026-07-21 16:00:00,279.8020421176102,298.79938,299.1836961551284,298.79938
2026-07-21 16:15:00,286.45684514536464,296.72955,297.7761761508817,296.72955
2026-07-21 16:30:00,322.18588843238734,297.91223,299.0778883166377,297.91223
2026-07-21 16:45:00,300.6876161034206,295.8765,297.48075970418796,295.8765
2026-07-21 17:00:00,289.4161543666954,298.15485,296.335123553683,298.15485
2026-07-21 17:15:00,259.02389651580785,287.58917,287.25486067643743,287.58917
2026-07-21 17:30:00,289.19581159174174,292.0418,292.71913452788704,292.0418
2026-07-21 17:45:00,273.469827966821,287.6776,286.9710290944204,287.6776
2026-07-21 18:00:00,146.7690417853182,146.03368,152.10786216612968,146.03368
2026-07-21 18:15:00,131.06833126437522,145.93878,149.47559694988354,145.93878
2026-07-21 18:30:00,131.4353967686168,133.59598,144.60744419462932,133.59598
2026-07-21 18:45:00,137.40821796100877,146.25357,142.38941677551048,146.25357
2026-07-21 19:00:00,142.86727584615485,135.1683,135.81719713963665,135.1683
2026-07-21 19:15:00,135.74370428292968,137.2236,135.40999466080808,137.2236
2026-07-21 19:30:00,148.23289937879065,138.74498,135.32731844658844,138.74498
2026-07-21 19:45:00,151.6151054461687,132.68996,129.12815651024076,132.68996
2026-07-21 20:00:00,142.00915260564923,139.97917,139.51372608655836,139.97917
2026-07-21 20:15:00,137.51116990496723,138.8929,138.81086230690946,138.8929
2026-07-21 20:30:00,142.32309692563277,140.48604,139.66903089419012,140.48604
2026-07-21 20:45:00,132.5247243558802,139.88849,139.73146604819183,139.88849
2026-07-21 21:00:00,126.39956803476058,140.35919,141.94029633260308,140.35919
2026-07-21 21:15:00,144.1635345503634,139.4074,139.40193828868667,139.4074
2026-07-21 21:30:00,158.18307120493586,141.48584,142.20929906787921,141.48584
2026-07-21 21:45:00,157.34710954765336,139.09438,138.64240623481223,139.09438
2026-07-21 22:00:00,122.76397868993443,141.3448,141.64887372649193,141.3448
2026-07-21 22:15:00,155.4656853487791,140.95615,141.21630008814924,140.95615
2026-07-21 22:30:00,148.19201083974957,141.15831,142.3774710651057,141.15831
2026-07-21 22:45:00,141.13861950117354,138.96005,139.09287973954082,138.96005
2026-07-21 23:00:00,129.13195731703715,141.05869,140.51313456491505,141.05869
2026-07-21 23:15:00,142.99033528598977,140.95605,141.55151379296134,140.95605
2026-07-21 23:30:00,139.37485438531834,140.42316,140.9723785519335,140.42316
2026-07-21 23:45:00,118.6517162726255,141.08081,141.24832072062847,141.08081
2026-07-22 00:00:00,64.61461511128655,67.135796,66.40726418697831,67.135796
2026-07-22 00:15:00,54.36380691319293,65.51543,66.5970149979066,65.51543
2026-07-22 00:30:00,67.77484286558972,65.879486,65.94434390403462,65.879486
2026-07-22 00:45:00,73.32840296918158,64.6338,63.3989382132893,64.6338
2026-07-22 01:00:00,52.64391438394446,64.13288,65.00010111290507,64.13288
2026-07-22 01:15:00,58.816124415386966,63.98668,66.076786532884,63.98668
2026-07-22 01:30:00,79.36699128805586,66.70633,68.28849985363415,66.70633
2026-07-22 01:45:00,57.91495013680856,65.8031,67.84783209761038,65.8031
2026-07-22 02:00:00,70.04021911514977,63.78409,64.39114438014758,63.78409
2026-07-22 02:15:00,59.28392902273436,64.483,65.21202381582782,64.483
2026-07-22 02:30:00,62.28583685228768,65.9479,65.42331905865181,65.9479
2026-07-22 02:45:00,84.62844338064559,65.76162,65.51516435389134,65.76162
2026-07-22 03:00:00,65.1759278698897,64.68071,65.37062539735268,64.68071
2026-07-22 03:15:00,71.73623954577562,65.411705,63.14713068107972,65.411705
2026-07-22 03:30:00,58.24456251218691,65.93881,65.62577486634764,65.93881
2026-07-22 03:45:00,68.7221145750014,65.88679,65.29080625098476,65.88679
2026-07-22 04:00:00,68.05803512231701,65.23065,65.3135105002747,65.23065
2026-07-22 04:15:00,67.61296780012685,65.10132,65.25501783282546,65.10132
2026-07-22 04:30:00,58.311055742724,64.4935,64.4503292344888,64.4935
2026-07-22 04:45:00,53.51203620059403,65.772224,67.25757198880369,65.772224
2026-07-22 05:00:00,55.43209561222368,65.56701,66.04528594552795,65.56701
2026-07-22 05:15:00,57.56116125165214,64.78027,66.18401686509618,64.78027
2026-07-22 05:30:00,72.0132043865185,66.97598,65.8488216164555,66.97598
2026-07-22 05:45:00,71.40496394664939,65.606285,65.17818692256621,65.606285
2026-07-22 06:00:00,140.83353306207917,126.95437,129.1431592036346,126.95437
2026-07-22 06:15:00,117.4541545852486,119.33189,113.63288077808832,119.33189
2026-07-22 06:30:00,166.64124134809117,143.06082,141.35695678284958,143.06082
2026-07-22 06:45:00,131.7034349395921,116.68727,118.69168350592591,116.68727
2026-07-22 07:00:00,81.05810706186607,109.59429,115.72820281757679,109.59429
2026-07-22 07:15:00,112.9806207087394,114.370705,126.24198265226242,114.370705
2026-07-22 07:30:00,99.71149308991922,114.97728,115.98355680544654,114.97728
2026-07-22 07:45:00,101.39426314466894,109.40732,108.04244848914038,109.40732
2026-07-22 08:00:00,311.825624022925,299.74963,234.17532605151715,299.74963
2026-07-22 08:15:00,322.8359088930988,312.03888,231.52776301899922,312.03888
2026-07-22 08:30:00,330.9943068653393,353.58878,276.0548750095284,353.58878
2026-07-22 08:45:00,336.31491990740415,339.9899,336.06001829823373,339.9899
2026-07-22 09:00:00,341.1369441609335,329.61755,328.2546135652172,329.61755
2026-07-22 09:15:00,315.5120781399425,324.39786,335.32909585827093,324.39786
2026-07-22 09:30:00,329.8366361953937,326.7749,331.10933467565457,326.7749
2026-07-22 09:45:00,333.20799784863914,336.77982,329.055773515704,336.77982
2026-07-22 10:00:00,307.45832258054526,295.02118,299.09665330462576,295.02118
2026-07-22 10:15:00,305.1498918098639,293.11713,292.9633759373935,293.11713
2026-07-22 10:30:00,295.5657179528533,303.80707,303.7622426194542,303.80707
2026-07-22 10:45:00,299.0344670209526,304.16608,305.0388254978646,304.16608
2026-07-22 11:00:00,301.05559208500006,303.6834,303.7098926082027,303.6834
2026-07-22 11:15:00,296.5940050848417,303.4898,337.55316574723554,303.4898
2026-07-22 11:30:00,282.40893632687704,297.68256,299.0755767172375,297.68256
2026-07-22 11:45:00,321.2046074957861,302.16833,302.4678055460815,302.16833
2026-07-22 12:00:00,292.6362006148529,300.89148,301.47629404815353,300.89148
2026-07-22 12:15:00,306.7833318638783,301.45514,299.0780559491106,301.45514
2026-07-22 12:30:00,305.0356796302489,303.26956,301.3994777643902,303.26956
2026-07-22 12:45:00,309.73700066947305,303.84494,304.07132718331064,303.84494
2026-07-22 13:00:00,303.96295036009803,306.5144,302.32872820193654,306.5144
2026-07-22 13:15:00,289.31657496720766,304.29767,305.01593762146297,304.29767
2026-07-22 13:30:00,294.94498546054893,301.71634,303.30980389342983,301.71634
2026-07-22 13:45:00,291.09083690872933,301.2686,302.5398994755914,301.2686
2026-07-22 14:00:00,314.95279800078896,298.3267,298.4452159922805,298.3267
2026-07-22 14:15:00,291.19977691029186,299.18774,299.03281761429395,299.18774
2026-07-22 14:30:00,305.1473460249963,317.44443,332.7783113211595,317.44443
2026-07-22 14:45:00,309.3985600545816,303.09436,303.0809762575781,303.09436
2026-07-22 15:00:00,304.80904053151204,303.4359,303.3208570034968,303.4359
2026-07-22 15:15:00,299.8521440841806,298.59955,299.75960944051525,298.59955
2026-07-22 15:30:00,291.9499038265215,299.89246,300.29682794543146,299.89246
2026-07-22 15:45:00,300.21967500233575,297.87097,298.11919590590463,297.87097
2026-07-22 16:00:00,307.6087886787675,292.16614,290.531636057579,292.16614
2026-07-22 16:15:00,290.50368810551146,294.20178,293.9028959612852,294.20178
2026-07-22 16:30:00,312.09014289386874,300.66806,299.6561574282107,300.66806
2026-07-22 16:45:00,295.5202875230888,303.0147,304.6022437341616,303.0147
2026-07-22 17:00:00,287.5052981155774,288.61002,287.17700076344875,288.61002
2026-07-22 17:15:00,289.97373598036376,288.27246,287.27492163884466,288.27246
2026-07-22 17:30:00,308.3274010837112,287.4463,286.58846143364286,287.4463
2026-07-22 17:45:00,295.0444163113039,291.16583,291.0789165168374,291.16583
2026-07-22 18:00:00,122.19234020830146,138.03459,140.32775113998386,138.03459
2026-07-22 18:15:00,118.64788384433784,142.06934,143.60987256788434,142.06934
2026-07-22 18:30:00,155.4971208832542,132.6768,133.01840153969658,132.6768
2026-07-22 18:45:00,126.83158345303822,148.31885,146.3379401666639,148.31885
2026-07-22 19:00:00,145.25877726460973,132.38474,129.30554976285075,132.38474
2026-07-22 19:15:00,135.46128918980247,132.20222,129.79125895646288,132.20222
2026-07-22 19:30:00,149.58166963600954,137.33476,155.8218024852821,137.33476
2026-07-22 19:45:00,153.54290910215883,139.70981,149.64725638453373,139.70981
2026-07-22 20:00:00,138.73004357799766,137.88713,156.0596457595997,137.88713
2026-07-22 20:15:00,141.29350070586588,140.8684,138.64518568450296,140.8684
2026-07-22 20:30:00,124.28735702782946,140.79237,137.29608489955157,140.79237
2026-07-22 20:45:00,149.77113534361354,138.53032,138.6489186546087,138.53032
2026-07-22 21:00:00,152.04541926691635,139.78114,139.58389474680152,139.78114
2026-07-22 21:15:00,139.4861646033143,139.28935,141.5102406707235,139.28935
2026-07-22 21:30:00,128.049345888479,142.01762,141.0999301496989,142.01762
2026-07-22 21:45:00,147.07265549634877,141.0078,140.50822366338687,141.0078
2026-07-22 22:00:00,132.79828626091697,141.2513,140.92634910892926,141.2513
2026-07-22 22:15:00,158.68918592132755,140.87584,139.22408946316182,140.87584
2026-07-22 22:30:00,141.3091303529044,142.09036,141.18449932687597,142.09036
2026-07-22 22:45:00,144.19408872184408,141.4517,141.84985438430792,141.4517
2026-07-22 23:00:00,152.6277730089536,141.64238,140.5155713244097,141.64238
2026-07-22 23:15:00,148.8885612480477,141.19241,141.72076889510353,141.19241
2026-07-22 23:30:00,126.41616757111842,139.96611,139.8423279798679,139.96611
2026-07-22 23:45:00,143.3457899113377,140.32101,140.76542752797738,140.32101
2026-07-23 00:00:00,45.98909036029409,69.4917,66.22072312471907,69.4917
2026-07-23 00:15:00,62.21651612518865,67.96043,68.84600318612016,67.96043
2026-07-23 00:30:00,63.081123392366095,65.73242,65.90062846383596,65.73242
2026-07-23 00:45:00,66.56028540226563,66.0081,66.14193712401254,66.0081
2026-07-23 01:00:00,67.2786649066172,63.776775,64.57790580888845,63.776775
2026-07-23 01:15:00,70.03165080105596,64.307335,65.12879447893683,64.307335
2026-07-23 01:30:00,62.41684795611747,66.07503,65.88080106198038,66.07503
2026-07-23 01:45:00,73.1084921720973,64.84561,65.48782614101248,64.84561
2026-07-23 02:00:00,53.421396361836095,61.701244,64.04714423745301,61.701244
2026-07-23 02:15:00,61.73286026843253,65.02635,65.4488341632792,65.02635
2026-07-23 02:30:00,55.65020506301595,63.77421,64.52523700099933,63.77421
2026-07-23 02:45:00,54.71029518865376,65.52502,66.41226757410999,65.52502
2026-07-23 03:00:00,67.00861177706261,66.43791,66.19757338576012,66.43791
2026-07-23 03:15:00,52.59220796132901,65.49237,65.74891226281463,65.49237
2026-07-23 03:30:00,77.29746660053539,64.68441,65.25022260871117,64.68441
2026-07-23 03:45:00,60.54726087138732,65.04062,64.62302832088638,65.04062
2026-07-23 04:00:00,59.95409653058829,65.00899,64.29305879129585,65.00899
2026-07-23 04:15:00,85.5452005696842,64.4233,63.798209346077385,64.4233
2026-07-23 04:30:00,63.83169201467411,66.10097,65.20147014148803,66.10097
2026-07-23 04:45:00,62.560639757850325,65.39034,64.68344357098236,65.39034
2026-07-23 05:00:00,59.40654476205381,66.53114,65.94922893869277,66.53114
2026-07-23 05:15:00,60.76713574899193,68.07694,66.08660630870753,68.07694
2026-07-23 05:30:00,69.76311450501842,62.710064,62.6154451363898,62.710064
2026-07-23 05:45:00,65.17182153000795,64.688034,64.46470832094049,64.688034
2026-07-23 06:00:00,147.49594268984433,145.28699,145.80709883092356,145.28699
2026-07-23 06:15:00,138.10566857531313,136.87262,130.40437670455535,136.87262
2026-07-23 06:30:00,95.94709430467714,122.47555,111.81401673567214,122.47555
2026-07-23 06:45:00,109.19548007284683,121.61183,121.73507627492124,121.61183
2026-07-23 07:00:00,133.76566797650372,91.242966,82.14729078175795,91.242966
2026-07-23 07:15:00,89.76726947987393,116.46901,113.98271244494238,116.46901
2026-07-23 07:30:00,83.18164892018962,106.723885,108.7628156554802,106.723885
2026-07-23 07:45:00,138.24834483570663,119.17472,130.54158442955588,119.17472
2026-07-23 08:00:00,305.94190415961293,299.5051,221.2957982728748,299.5051
2026-07-23 08:15:00,346.8227312151062,310.53604,238.8233455802626,310.53604
2026-07-23 08:30:00,326.7469047539779,302.2594,298.70764874008756,302.2594
2026-07-23 08:45:00,324.5615842885822,313.9029,329.28418572788536,313.9029
2026-07-23 09:00:00,324.3574450520756,327.694,326.19836700818246,327.694
2026-07-23 09:15:00,316.1722575829542,324.86893,333.96105859941196,324.86893
2026-07-23 09:30:00,331.87154042514146,334.36118,327.83617190569913,334.36118
2026-07-23 09:45:00,335.5431745384442,331.30048,329.71906962817195,331.30048
2026-07-23 10:00:00,289.30141212755416,295.6933,303.6407859384478,295.6933
2026-07-23 10:15:00,284.38700793960567,300.1674,301.8836589806618,300.1674
2026-07-23 10:30:00,298.7691570142477,302.2835,300.87477328684463,302.2835
2026-07-23 10:45:00,301.18830100519574,292.5987,293.0467744847905,292.5987
2026-07-23 11:00:00,320.162344033299,301.63736,302.34438123776556,301.63736
2026-07-23 11:15:00,303.8961302329574,301.46164,301.5875101558794,301.46164
2026-07-23 11:30:00,295.66423114857173,304.03555,304.3396299320276,304.03555
2026-07-23 11:45:00,321.2494476659044,302.8631,302.1281270061995,302.8631
2026-07-23 12:00:00,297.13464010969165,303.8677,303.73844599338753,303.8677
2026-07-23 12:15:00,315.18397444554404,305.75836,304.7443257320453,305.75836
2026-07-23 12:30:00,313.3655511633898,307.8435,304.1494628856429,307.8435
2026-07-23 12:45:00,288.3290609691991,304.33597,302.03104940419314,304.33597
2026-07-23 13:00:00,306.5180530122444,305.9143,303.3788321000679,305.9143
2026-07-23 13:15:00,298.5787329414159,300.76117,301.72197725085846,300.76117
2026-07-23 13:30:00,296.8448118897699,302.86575,302.47234563736174,302.86575
2026-07-23 13:45:00,296.520925978544,300.82925,301.68424535798727,300.82925
2026-07-23 14:00:00,312.258754412051,304.75937,304.2955132956954,304.75937
2026-07-23 14:15:00,310.56507073395187,299.79556,300.8435899218735,299.79556
2026-07-23 14:30:00,307.9687341608176,301.14932,302.2534441202496,301.14932
2026-07-23 14:45:00,300.5903544153689,303.1103,302.6212385142879,303.1103
2026-07-23 15:00:00,286.1879563623303,294.7573,295.72744951171376,294.7573
2026-07-23 15:15:00,302.6420463260254,300.38202,299.63494836051007,300.38202
2026-07-23 15:30:00,318.72163474086454,302.47092,302.20399136832594,302.47092
2026-07-23 15:45:00,301.1144975141782,305.02167,304.8531566825043,305.02167
2026-07-23 16:00:00,281.1641227529549,294.18817,293.78423163835635,294.18817
2026-07-23 16:15:00,295.6628907511769,297.41644,296.78418042254924,297.41644
2026-07-23 16:30:00,290.9437891586283,290.90457,293.0557057298991,290.90457
2026-07-23 16:45:00,291.9784190927641,297.57794,296.9273664476744,297.57794
2026-07-23 17:00:00,281.5504220995606,288.1756,288.76158647126334,288.1756
2026-07-23 17:15:00,311.9584187822299,297.70102,297.6531436785109,297.70102
2026-07-23 17:30:00,282.47041564858125,297.89606,296.610391592,297.89606
2026-07-23 17:45:00,292.6827842645864,291.92334,292.7948551273632,291.92334
2026-07-23 18:00:00,133.09318523636497,143.96936,147.73308617841937,143.96936
2026-07-23 18:15:00,135.01163808377925,130.66403,143.39479370300813,130.66403
2026-07-23 18:30:00,137.53602258125778,144.49089,148.4652968603291,144.49089
2026-07-23 18:45:00,129.65260721111656,142.5769,140.64962157206287,142.5769
2026-07-23 19:00:00,146.1902408690665,138.26723,139.24278005816333,138.26723
2026-07-23 19:15:00,148.36736477173577,133.42603,134.68058234093033,133.42603
2026-07-23 19:30:00,153.02055620734325,138.83012,137.1173853867924,138.83012
2026-07-23 19:45:00,139.71919456604024,139.21266,136.57721482917304,139.21266
2026-07-23 20:00:00,132.89636295985082,137.23236,137.38741469220716,137.23236
2026-07-23 20:15:00,123.99163452444536,140.2114,140.3425580849351,140.2114
2026-07-23 20:30:00,139.55412004928837,137.98402,136.2934383834449,137.98402
2026-07-23 20:45:00,137.92229449272529,139.0311,138.44439634256153,139.0311
2026-07-23 21:00:00,119.37420126648678,139.88458,139.36395746643663,139.88458
2026-07-23 21:15:00,128.2064257308665,140.2691,139.65063051558965,140.2691
2026-07-23 21:30:00,141.09228439042218,140.37607,141.01772327681473,140.37607
2026-07-23 21:45:00,152.0829244448824,140.78694,140.0492999297243,140.78694
2026-07-23 22:00:00,154.295182350166,140.48146,140.43694132822586,140.48146
2026-07-23 22:15:00,135.5243358590021,142.58331,141.2139084782948,142.58331
2026-07-23 22:30:00,134.83475999256302,141.86624,141.3032511807128,141.86624
2026-07-23 22:45:00,147.98971272289648,137.94057,138.53576309589275,137.94057
2026-07-23 23:00:00,140.53996212493428,140.7624,141.84895212928222,140.7624
2026-07-23 23:15:00,131.50571342820842,140.99106,140.9705504042299,140.99106
2026-07-23 23:30:00,128.87444595471763,140.4057,140.5522962910319,140.4057
2026-07-23 23:45:00,124.75190934037008,141.41771,141.57740868129616,141.41771
2026-07-24 00:00:00,85.47581441815552,67.40277,66.95522380245667,67.40277
2026-07-24 00:15:00,73.33911709175442,65.81507,66.20523710886438,65.81507
2026-07-24 00:30:00,60.31625043860804,65.8652,66.00436654379612,65.8652
2026-07-24 00:45:00,63.23961491981603,66.276276,66.2258909288461,66.276276
2026-07-24 01:00:00,53.99252904736673,64.89701,65.28643011123228,64.89701
2026-07-24 01:15:00,74.81067198929463,64.551476,66.15591309631866,64.551476
2026-07-24 01:30:00,59.10679605313468,65.0718,65.41048973513766,65.0718
2026-07-24 01:45:00,72.5361685604182,65.16207,65.64647723652477,65.16207
2026-07-24 02:00:00,79.7503373825048,65.589355,65.57923848316611,65.589355
2026-07-24 02:15:00,77.28902378255763,65.01031,65.47422917390413,65.01031
2026-07-24 02:30:00,77.89591527828534,64.50793,64.57053620070532,64.50793
2026-07-24 02:45:00,56.35320919659768,65.63684,64.88234904735111,65.63684
2026-07-24 03:00:00,54.24433039015508,65.62238,65.83033153137646,65.62238
2026-07-24 03:15:00,63.89780368938664,65.05292,65.84696869527278,65.05292
2026-07-24 03:30:00,50.47187536478381,65.34031,65.34680330575841,65.34031
2026-07-24 03:45:00,65.69078892436765,64.26236,64.3968791072956,64.26236
2026-07-24 04:00:00,59.24196396631253,64.72742,65.31290912944156,64.72742
2026-07-24 04:15:00,58.244695753133456,68.16637,68.11238549924428,68.16637
2026-07-24 04:30:00,61.73801156719982,64.65476,64.59119966569531,64.65476
2026-07-24 04:45:00,52.9063536561786,65.06482,64.50401848569417,65.06482
2026-07-24 05:00:00,58.29303501484903,65.995766,64.69174918209661,65.995766
2026-07-24 05:15:00,76.33546435939694,64.78361,65.20950372086484,64.78361
2026-07-24 05:30:00,50.53578048797404,65.51735,66.21963960688669,65.51735
2026-07-24 05:45:00,71.47302291748159,65.022675,65.20592091041192,65.022675
2026-07-24 06:00:00,146.97966519518218,138.04259,138.80839564755988,138.04259
2026-07-24 06:15:00,128.34610716530042,124.026436,122.15344569671706,124.026436
2026-07-24 06:30:00,136.2447427226401,110.96916,115.04076068867258,110.96916
2026-07-24 06:45:00,127.10224213126462,132.94247,121.88463647050165,132.94247
2026-07-24 07:00:00,99.63637113465776,110.209625,114.4393639783028,110.209625
2026-07-24 07:15:00,108.79823484501117,76.26095,88.02565860036054,76.26095
2026-07-24 07:30:00,97.29843883824496,76.68523,75.31671869112954,76.68523
2026-07-24 07:45:00,101.07942703339492,111.291595,113.37545138302107,111.291595
2026-07-24 08:00:00,310.05408693403774,295.5917,218.0632060796815,295.5917
2026-07-24 08:15:00,305.3964884910726,330.01678,337.60069492906297,330.01678
2026-07-24 08:30:00,326.4483294812635,331.0367,248.34839136156745,331.0367
2026-07-24 08:45:00,324.948239958841,339.19266,302.885157193733,339.19266
2026-07-24 09:00:00,323.5971219574861,328.78146,336.1986123196932,328.78146
2026-07-24 09:15:00,313.88505412035204,333.11707,334.02229525675864,333.11707
2026-07-24 09:30:00,312.3023019715128,319.95956,324.83253214575876,319.95956
2026-07-24 09:45:00,313.091918010584,321.88742,324.7284454637688,321.88742
2026-07-24 10:00:00,304.8730012288891,293.89255,297.2745090330564,293.89255
2026-07-24 10:15:00,298.01993201589994,297.75345,304.7686616410082,297.75345
2026-07-24 10:30:00,318.1350127970979,299.8525,300.2404162782393,299.8525
2026-07-24 10:45:00,308.60558288088095,303.11725,302.7871302873347,303.11725
2026-07-24 11:00:00,309.2531028255794,302.50296,302.7939172538096,302.50296
2026-07-24 11:15:00,306.33461976128643,300.62802,300.4869974663586,300.62802
2026-07-24 11:30:00,303.95147661014005,301.36115,302.15109605643323,301.36115
2026-07-24 11:45:00,301.33374872038326,301.14084,301.9320268324345,301.14084
2026-07-24 12:00:00,325.19217546251826,305.8159,301.41894463863,305.8159
2026-07-24 12:15:00,307.9797387952321,305.1274,299.973203289356,305.1274
2026-07-24 12:30:00,306.1518079382398,301.25494,299.4299007528041,301.25494
2026-07-24 12:45:00,319.2117955587238,308.45,303.03670607349335,308.45
2026-07-24 13:00:00,300.81349005160206,308.80133,303.0854043599817,308.80133
2026-07-24 13:15:00,305.1802692092596,301.28357,301.3794013645683,301.28357
2026-07-24 13:30:00,292.8412628360172,304.0707,299.79601421548256,304.0707
2026-07-24 13:45:00,313.80625823821373,301.41446,301.7923877879662,301.41446
2026-07-24 14:00:00,304.14208112574863,303.01056,302.8118879720527,303.01056
2026-07-24 14:15:00,289.5693071646796,300.36008,300.986201550083,300.36008
2026-07-24 14:30:00,296.3535242303246,297.2531,299.37273654893124,297.2531
2026-07-24 14:45:00,292.516796517481,301.2728,302.6246819480174,301.2728
2026-07-24 15:00:00,295.4958290381622,297.6194,298.11230176291565,297.6194
2026-07-24 15:15:00,301.689796207938,299.05548,300.89156940813626,299.05548
2026-07-24 15:30:00,301.98378787235595,297.65115,296.3384552126225,297.65115
2026-07-24 15:45:00,290.641666897582,297.7301,297.2315483225847,297.7301
2026-07-24 16:00:00,303.7098126307151,297.09753,298.2612483860464,297.09753
2026-07-24 16:15:00,297.1962938357385,291.2111,290.41335520772924,291.2111
2026-07-24 16:30:00,301.3833118242447,298.75082,298.7549366957045,298.75082
2026-07-24 16:45:00,303.57349921441016,299.21674,299.66692161742986,299.21674
2026-07-24 17:00:00,298.8924232362788,296.63928,297.18515264498416,296.63928
2026-07-24 17:15:00,296.89543104240335,290.57086,293.02631292371603,290.57086
2026-07-24 17:30:00,294.73256822941755,287.299,287.4649412825641,287.299
2026-07-24 17:45:00,288.51387949323794,296.2888,295.9948864386614,296.2888
2026-07-24 18:00:00,140.60836043550705,139.45859,143.40504102873268,139.45859
2026-07-24 18:15:00,148.72147756737598,143.41139,146.52190187569,143.41139
2026-07-24 18:30:00,128.76616293512978,140.73572,140.86007028630067,140.73572
2026-07-24 18:45:00,127.980781039306,138.92693,139.55906730684347,138.92693
2026-07-24 19:00:00,127.70891489878288,138.73636,137.5604455906653,138.73636
2026-07-24 19:15:00,129.55511418355474,138.83424,134.7914934973389,138.83424
2026-07-24 19:30:00,135.8650753313816,139.26056,132.88424865530123,139.26056
2026-07-24 19:45:00,157.94292625800074,139.47102,157.04686551138406,139.47102
2026-07-24 20:00:00,144.89398099599302,139.06464,153.57893667469216,139.06464
2026-07-24 20:15:00,136.1385626238427,138.84923,131.85006979753342,138.84923
2026-07-24 20:30:00,129.92380136834788,130.87088,125.63719880483663,130.87088
2026-07-24 20:45:00,156.71032147802254,135.44391,134.4411411268568,135.44391
2026-07-24 21:00:00,156.51995022791226,141.22377,139.8466993928721,141.22377
2026-07-24 21:15:00,160.50710412002078,139.22098,139.44840699352358,139.22098
2026-07-24 21:30:00,149.78969615856647,137.79396,138.14823685381,137.79396
2026-07-24 21:45:00,143.7189674964847,140.7099,140.80622243348498,140.7099
2026-07-24 22:00:00,152.3940797024473,139.64075,139.75210502805777,139.64075
2026-07-24 22:15:00,141.80616597766755,139.0287,138.95367996440189,139.0287
2026-07-24 22:30:00,143.07228406129548,141.0452,140.6588834759506,141.0452
2026-07-24 22:45:00,142.96894771218334,140.9207,142.06180692723507,140.9207
2026-07-24 23:00:00,140.87170509608677,140.34146,141.9520125158732,140.34146
2026-07-24 23:15:00,170.23930673160697,139.23999,140.89994962843994,139.23999
2026-07-24 23:30:00,152.86017542098034,141.32187,141.2248088203282,141.32187
2026-07-24 23:45:00,154.3760671921303,141.3308,140.8187107896861,141.3308
2026-07-25 00:00:00,57.98663671930912,76.134315,68.26576858736871,76.134315
2026-07-25 00:15:00,49.299100825633545,88.18386,96.6498910351915,88.18386
2026-07-25 00:30:00,64.33699086529845,64.55253,64.78715378421653,64.55253
2026-07-25 00:45:00,71.64452439644602,65.95941,67.58286262520748,65.95941
2026-07-25 01:00:00,77.68199583856176,64.513016,65.50159562396787,64.513016
2026-07-25 01:15:00,60.44366312293927,67.75095,65.06003859026738,67.75095
2026-07-25 01:30:00,59.89510323232816,65.21995,65.65972650988671,65.21995
2026-07-25 01:45:00,64.22829962987285,65.82096,63.97150580281934,65.82096
2026-07-25 02:00:00,69.80579351330647,65.61492,65.6063957817212,65.61492
2026-07-25 02:15:00,84.123848102663,62.439335,62.1723195639879,62.439335
2026-07-25 02:30:00,64.50851066665145,64.70242,65.53396872246329,64.70242
2026-07-25 02:45:00,62.3945967026022,63.543156,64.82051173979418,63.543156
2026-07-25 03:00:00,59.53533869328598,64.09708,64.37188500605303,64.09708
2026-07-25 03:15:00,58.99885178623804,66.18618,66.14661370471075,66.18618
2026-07-25 03:30:00,61.57462934989852,66.19801,65.99933277702944,66.19801
2026-07-25 03:45:00,69.25292447189827,64.75038,65.12065857807046,64.75038
2026-07-25 04:00:00,70.22101654165294,65.73611,64.40437438743109,65.73611
2026-07-25 04:15:00,75.5043212365294,66.29812,66.06070467940508,66.29812
2026-07-25 04:30:00,75.18710766162272,65.58847,65.01932914708986,65.58847
2026-07-25 04:45:00,67.79083494617065,65.365746,64.78822052961111,65.365746
2026-07-25 05:00:00,49.93016303494376,64.79037,65.07195096943353,64.79037
2026-07-25 05:15:00,66.60870331739079,65.10932,65.93430039506768,65.10932
2026-07-25 05:30:00,49.414384737261344,65.77972,65.74207575534014,65.77972
2026-07-25 05:45:00,76.56777590144227,64.988815,65.35288879163576,64.988815
2026-07-25 06:00:00,124.03349314948332,123.27799,123.18850343295819,123.27799
2026-07-25 06:15:00,106.19719124274246,122.96271,123.25097679183929,122.96271
2026-07-25 06:30:00,124.21922890301974,116.51818,119.94099936466064,116.51818
2026-07-25 06:45:00,125.10000868357632,136.61,134.80908267818324,136.61
2026-07-25 07:00:00,115.75745780414503,108.52103,115.13605425286835,108.52103
2026-07-25 07:15:00,121.91068125137332,125.23502,122.97811014450407,125.23502
2026-07-25 07:30:00,128.79167292612118,105.65544,115.42106337169074,105.65544
2026-07-25 07:45:00,107.23437756504816,106.32451,118.0247760914549,106.32451
2026-07-25 08:00:00,128.58689907759864,121.3701,128.46786531315428,121.3701
2026-07-25 08:15:00,89.28631599610524,110.48407,113.41347869900261,110.48407
2026-07-25 08:30:00,79.82263889539549,106.603485,124.84557774530552,106.603485
2026-07-25 08:45:00,110.5310223217495,113.33248,127.39244606624831,113.33248
2026-07-25 09:00:00,91.50904190913673,93.93636,108.18346660986451,93.93636
2026-07-25 09:15:00,77.48844095314091,99.44986,97.79114106476011,99.44986
2026-07-25 09:30:00,74.72958398833642,98.4065,96.95307876071674,98.4065
2026-07-25 09:45:00,101.1204838010084,100.0885,102.53817534811255,100.0885
2026-07-25 10:00:00,74.28529952342139,63.30213,65.93382948959994,63.30213
2026-07-25 10:15:00,83.29757690156524,62.589867,64.5449525280199,62.589867
2026-07-25 10:30:00,73.33848281013474,63.48001,68.60805801469044,63.48001
2026-07-25 10:45:00,55.766280984274935,66.22372,65.5986901483249,66.22372
2026-07-25 11:00:00,67.04185151427029,64.85188,63.697912443851045,64.85188
2026-07-25 11:15:00,60.17956701110018,62.497807,63.556833050178085,62.497807
2026-07-25 11:30:00,69.32297404170828,63.34718,63.73252530384493,63.34718
2026-07-25 11:45:00,74.89297511425073,62.027138,62.89709875659461,62.027138
2026-07-25 12:00:00,82.39956785343539,62.716316,68.46832014781451,62.716316
2026-07-25 12:15:00,63.3655688694182,62.996094,63.16067789334568,62.996094
2026-07-25 12:30:00,62.20190868598267,64.10907,64.13346392356617,64.10907
2026-07-25 12:45:00,74.73781461991621,64.06283,68.9467040960762,64.06283
2026-07-25 13:00:00,46.38191778413871,65.50347,66.66496598725332,65.50347
2026-07-25 13:15:00,55.80535347993046,64.301994,65.42461690198643,64.301994
2026-07-25 13:30:00,50.48744392314047,64.58748,64.6377533661693,64.58748
2026-07-25 13:45:00,55.32868553706105,64.07765,62.870267094667945,64.07765
2026-07-25 14:00:00,67.70177141713982,64.166145,64.02063815961732,64.166145
2026-07-25 14:15:00,72.10744458580342,64.63151,65.24265432876355,64.63151
2026-07-25 14:30:00,51.27594748184809,64.569534,65.11449784877766,64.569534
2026-07-25 14:45:00,79.54427580634797,61.563587,61.81492115999804,61.563587
2026-07-25 15:00:00,56.38309994430239,66.81829,65.33065224739278,66.81829
2026-07-25 15:15:00,61.94949930014291,66.058655,65.92965953323302,66.058655
2026-07-25 15:30:00,57.07439503137296,66.01475,65.98049486132936,66.01475
2026-07-25 15:45:00,52.122550663349806,66.13205,65.28890713066978,66.13205
2026-07-25 16:00:00,67.24230796804478,63.321915,63.471019380740664,63.321915
2026-07-25 16:15:00,63.635830071805486,63.056976,64.1512955525113,63.056976
2026-07-25 16:30:00,48.39278638309364,65.74456,65.7602912058831,65.74456
2026-07-25 16:45:00,76.64732987849845,61.159435,60.443813186963766,61.159435
2026-07-25 17:00:00,61.58686716596053,63.592434,64.34254421903687,63.592434
2026-07-25 17:15:00,78.57576961926902,63.01692,64.10397675890793,63.01692
2026-07-25 17:30:00,64.3057909843482,63.988647,64.19057264387837,63.988647
2026-07-25 17:45:00,71.36413868522703,65.437836,65.58908451660916,65.437836
2026-07-25 18:00:00,148.32931016161876,138.25232,136.78235260435233,138.25232
2026-07-25 18:15:00,158.3711318156543,133.73312,129.97652243214327,133.73312
2026-07-25 18:30:00,126.621853104791,137.375,137.90003071660897,137.375
2026-07-25 18:45:00,126.6009391950284,135.73785,134.97837905032313,135.73785
2026-07-25 19:00:00,160.123405373054,136.63744,137.5462920016004,136.63744
2026-07-25 19:15:00,145.36806497216884,130.1419,128.62926803246657,130.1419
2026-07-25 19:30:00,153.39646907798792,136.52548,137.23171327857523,136.52548
2026-07-25 19:45:00,125.4035408061367,135.89743,135.24771747221553,135.89743
2026-07-25 20:00:00,147.98803927436805,140.26686,140.22667337552983,140.26686
2026-07-25 20:15:00,149.6068531730332,141.05313,141.9213654934525,141.05313
2026-07-25 20:30:00,146.91454670530896,139.95409,140.11365631520172,139.95409
2026-07-25 20:45:00,132.97970337168277,134.03128,132.6005014556168,134.03128
2026-07-25 21:00:00,122.75490155404134,141.47272,140.18087875796567,141.47272
2026-07-25 21:15:00,152.49677932340936,139.66261,139.23508350719172,139.66261
2026-07-25 21:30:00,141.75904864311053,140.8098,139.8052296055143,140.8098
2026-07-25 21:45:00,135.5939957194292,139.09038,139.76463592257477,139.09038
2026-07-25 22:00:00,136.8349632558549,142.67126,141.67924033320213,142.67126
2026-07-25 22:15:00,146.23780044504227,140.0038,140.79625505818015,140.0038
2026-07-25 22:30:00,134.26259004703016,141.55176,141.39992120832275,141.55176
2026-07-25 22:45:00,132.43036879434425,141.23613,140.12023193643142,141.23613
2026-07-25 23:00:00,142.81566443334393,140.3508,140.43960428490178,140.3508
2026-07-25 23:15:00,130.87148764925195,143.69504,141.04457948691078,143.69504
2026-07-25 23:30:00,135.5994964841927,139.81741,140.2745475957499,139.81741
2026-07-25 23:45:00,127.08346905942506,141.11058,142.73387135100464,141.11058
2026-07-26 00:00:00,68.10196326612322,65.97931,66.28300780527356,65.97931
2026-07-26 00:15:00,58.511052484265896,63.79999,65.52801942328253,63.79999
2026-07-26 00:30:00,72.81279652861684,64.18612,66.04804144020443,64.18612
2026-07-26 00:45:00,71.71682598076085,66.30733,67.03666080353973,66.30733
2026-07-26 01:00:00,54.78790618175508,64.57634,64.23003761226708,64.57634
2026-07-26 01:15:00,72.7982043054102,65.92803,65.34620666374884,65.92803
2026-07-26 01:30:00,63.93489384568994,65.38156,65.73795277673939,65.38156
2026-07-26 01:45:00,65.1986331997095,65.60505,65.202485027569,65.60505
2026-07-26 02:00:00,64.16341485785331,64.73132,64.6695483733032,64.73132
2026-07-26 02:15:00,56.88175429968739,67.18846,66.10854088719456,67.18846
2026-07-26 02:30:00,42.466802976534,65.08309,65.03988604886466,65.08309
2026-07-26 02:45:00,58.216133376040936,66.48998,65.96975309915923,66.48998
2026-07-26 03:00:00,60.63466463279688,66.35299,66.19762732136745,66.35299
2026-07-26 03:15:00,76.08049291765427,65.2816,65.54775934263286,65.2816
2026-07-26 03:30:00,70.41121705771884,66.06393,66.44162683701029,66.06393
2026-07-26 03:45:00,75.1733463217968,64.90488,64.45094378667783,64.90488
2026-07-26 04:00:00,55.08661039198259,64.99397,64.28686528550345,64.99397
2026-07-26 04:15:00,63.741148208716574,67.87571,64.45561531880197,67.87571
2026-07-26 04:30:00,71.31020301762612,64.27041,64.0059292973853,64.27041
2026-07-26 04:45:00,77.20768751631167,64.9323,65.12229250509453,64.9323
2026-07-26 05:00:00,61.59196413552844,66.64366,64.99968961047303,66.64366
2026-07-26 05:15:00,49.8933667732243,65.74081,63.96894267581902,65.74081
2026-07-26 05:30:00,61.95262132165655,65.10342,63.979605057235496,65.10342
2026-07-26 05:45:00,64.66263182007324,61.991806,63.58678027108106,61.991806
2026-07-26 06:00:00,132.1648094495584,132.69046,130.99232275910134,132.69046
2026-07-26 06:15:00,91.62184725458953,108.30882,100.81742673664952,108.30882
2026-07-26 06:30:00,133.5925092757865,116.97171,118.46008063912709,116.97171
2026-07-26 06:45:00,112.0736557548821,112.52109,111.26487661484789,112.52109
2026-07-26 07:00:00,124.95003677856396,110.32215,108.67839457569356,110.32215
2026-07-26 07:15:00,112.19504198251737,113.19853,110.92330155028884,113.19853
2026-07-26 07:30:00,120.74886034134688,108.67655,111.12755820229516,108.67655
2026-07-26 07:45:00,114.25487326827822,110.92104,117.48294609152043,110.92104
2026-07-26 08:00:00,94.76422248249692,119.06753,111.1710562837734,119.06753
2026-07-26 08:15:00,96.00036709742426,78.14897,78.61251381521693,78.14897
2026-07-26 08:30:00,125.54596403692736,83.30687,83.04128836782715,83.30687
2026-07-26 08:45:00,105.82637539896628,118.49822,106.72070680240357,118.49822
2026-07-26 09:00:00,111.7031441187972,105.856636,80.85026147906291,105.856636
2026-07-26 09:15:00,67.22358877162763,73.01326,69.83368693570308,73.01326
2026-07-26 09:30:00,82.0342174516131,74.73508,74.23586325131998,74.73508
2026-07-26 09:45:00,81.79633767037504,101.661415,106.35517653454448,101.661415
2026-07-26 10:00:00,59.52228376069175,67.45872,68.93621652349863,67.45872
2026-07-26 10:15:00,52.50415229910422,66.5964,68.88436447443743,66.5964
2026-07-26 10:30:00,71.4210717322265,65.139336,67.18240650492316,65.139336
2026-07-26 10:45:00,71.68738358002105,64.866135,64.14474955307772,64.866135
2026-07-26 11:00:00,59.82233390572851,63.880466,64.81065203984846,63.880466
2026-07-26 11:15:00,54.10451450634247,64.30408,63.31859996582241,64.30408
2026-07-26 11:30:00,54.12749823561639,65.23749,65.87695402909357,65.23749
2026-07-26 11:45:00,60.88998201823749,65.35151,66.49993329966723,65.35151
2026-07-26 12:00:00,60.39202095722726,66.49538,70.38218310143188,66.49538
2026-07-26 12:15:00,69.45761602623787,64.10858,64.47260486654763,64.10858
2026-07-26 12:30:00,71.92583294828155,64.66865,63.8901941757341,64.66865
2026-07-26 12:45:00,77.04539758376477,65.92776,65.85454154917926,65.92776
2026-07-26 13:00:00,77.26010131593179,64.416,64.33271560631916,64.416
2026-07-26 13:15:00,56.31041594422928,65.80485,64.01116182992324,65.80485
2026-07-26 13:30:00,72.62443316931845,65.541405,64.4168167946707,65.541405
2026-07-26 13:45:00,49.82108692889841,65.065895,65.62157988067842,65.065895
2026-07-26 14:00:00,64.98987019225154,65.70076,66.07322882838008,65.70076
2026-07-26 14:15:00,63.57269058592023,65.63743,66.61474033924553,65.63743
2026-07-26 14:30:00,60.57955774102845,65.26527,64.64246256587656,65.26527
2026-07-26 14:45:00,71.91241837467996,64.106186,65.74877451888766,64.106186
2026-07-26 15:00:00,73.40666451902274,64.32014,64.77496801488566,64.32014
2026-07-26 15:15:00,72.59418991980237,66.16527,65.0189056921599,66.16527
2026-07-26 15:30:00,43.57315191684706,64.0542,64.22519744045142,64.0542
2026-07-26 15:45:00,85.09976956705619,65.958305,65.5550040820828,65.958305
2026-07-26 16:00:00,52.97991421855587,64.65094,66.02590574555677,64.65094
2026-07-26 16:15:00,73.0886895246959,65.07273,65.98291463630649,65.07273
2026-07-26 16:30:00,65.24502485608211,64.2752,66.01454599603434,64.2752
2026-07-26 16:45:00,59.560715897711184,65.16973,65.83352536980824,65.16973
2026-07-26 17:00:00,54.19288239469398,65.41504,65.6256812959755,65.41504
2026-07-26 17:15:00,57.11353533192758,65.4688,64.53749537219578,65.4688
2026-07-26 17:30:00,78.31162689691118,62.661945,64.6693420153386,62.661945
2026-07-26 17:45:00,68.84807178243241,65.07669,66.75489540852966,65.07669
2026-07-26 18:00:00,131.31965323257563,126.42749,123.10565933085245,126.42749
2026-07-26 18:15:00,142.31879193987584,135.45393,133.28909651642925,135.45393
2026-07-26 18:30:00,137.52066064487164,139.82579,140.56241346250502,139.82579
2026-07-26 18:45:00,140.07869313780927,127.97092,127.15629295912119,127.97092
2026-07-26 19:00:00,159.01768575224497,137.485,137.4364617434573,137.485
2026-07-26 19:15:00,150.05711299517054,137.12505,136.40505676817608,137.12505
2026-07-26 19:30:00,155.90333860626114,123.10654,121.63153437983749,123.10654
2026-07-26 19:45:00,131.427720850243,136.54903,136.08770608171443,136.54903
2026-07-26 20:00:00,141.6030949667968,142.42441,139.95825121173667,142.42441
2026-07-26 20:15:00,151.51997025326375,140.73502,141.05931211665168,140.73502
2026-07-26 20:30:00,152.96889397828195,140.96527,140.86077459606747,140.96527
2026-07-26 20:45:00,158.91068138214615,140.88737,140.58191110598517,140.88737
2026-07-26 21:00:00,148.97696253912693,142.91089,141.52107318545262,142.91089
2026-07-26 21:15:00,127.87412021654676,136.36359,136.8313094900537,136.36359
2026-07-26 21:30:00,159.3344796135604,139.0208,140.20342846458533,139.0208
2026-07-26 21:45:00,148.6961259941198,138.36888,139.0271479605934,138.36888
2026-07-26 22:00:00,147.27034413294672,140.33998,140.84292985171234,140.33998
2026-07-26 22:15:00,139.0280183671219,141.13533,140.68059495628268,141.13533
2026-07-26 22:30:00,161.51211497174117,140.13867,140.61680103550043,140.13867
2026-07-26 22:45:00,146.66110789207607,138.63315,140.19347759290105,138.63315
2026-07-26 23:00:00,137.75190122829645,141.39594,140.63575103299354,141.39594
2026-07-26 23:15:00,134.36391403349336,139.59836,140.05581055468076,139.59836
2026-07-26 23:30:00,144.19402296911824,139.28642,141.1093170960483,139.28642
2026-07-26 23:45:00,142.18072650863255,141.8969,140.45434410431446,141.8969
2026-07-27 00:00:00,76.04713432188674,64.68222,63.082310635587234,64.68222
2026-07-27 00:15:00,63.41246442751308,66.86221,65.20555741080521,66.86221
2026-07-27 00:30:00,61.12649368558452,65.564644,70.10557435772215,65.564644
2026-07-27 00:45:00,64.76063554150262,66.42986,65.56239413521783,66.42986
2026-07-27 01:00:00,60.25123566253629,63.979515,65.57801741621007,63.979515
2026-07-27 01:15:00,61.86328076526648,66.25717,66.27028380204175,66.25717
2026-07-27 01:30:00,67.28604502851698,65.7344,64.16992164342922,65.7344
2026-07-27 01:45:00,71.29697371712629,66.97361,65.22150879360451,66.97361
2026-07-27 02:00:00,65.42875649674266,63.012367,64.13562392963414,63.012367
2026-07-27 02:15:00,56.20291298426178,63.386143,63.87722048114553,63.386143
2026-07-27 02:30:00,48.290315145087376,64.6706,62.886463258514794,64.6706
2026-07-27 02:45:00,66.9412704611826,63.87859,63.98645749667518,63.87859
2026-07-27 03:00:00,62.889319208575344,65.70065,65.28401152881085,65.70065
2026-07-27 03:15:00,69.36518422911925,65.43409,66.07537075450168,65.43409
2026-07-27 03:30:00,64.4907827608763,64.82622,64.99205801131195,64.82622
2026-07-27 03:45:00,67.33454205480857,64.64452,64.8107784811625,64.64452
2026-07-27 04:00:00,62.511943064426944,64.34999,64.17288081038761,64.34999
2026-07-27 04:15:00,82.04432554925495,63.73275,63.59593285018462,63.73275
2026-07-27 04:30:00,72.02024255379764,64.26508,63.58230768189395,64.26508
2026-07-27 04:45:00,68.40553049989443,67.362274,65.81351429987137,67.362274
2026-07-27 05:00:00,64.08193132966795,65.838066,65.14078705217487,65.838066
2026-07-27 05:15:00,78.22728015819227,66.2975,66.04785350868607,66.2975
2026-07-27 05:30:00,54.28446369902888,66.67409,66.61163678488423,66.67409
2026-07-27 05:45:00,70.00593327365534,65.01884,64.77139155517024,65.01884
2026-07-27 06:00:00,123.63392179726004,136.85353,138.11005356277857,136.85353
2026-07-27 06:15:00,108.21576129741398,115.67272,92.26820245865456,115.67272
2026-07-27 06:30:00,113.56332295332076,125.12206,127.8355081620798,125.12206
2026-07-27 06:45:00,134.6196467374386,138.11652,128.03874962686524,138.11652
2026-07-27 07:00:00,127.93600221376587,124.761185,126.24648808081382,124.761185
2026-07-27 07:15:00,85.2318948444129,122.15419,123.33542764699202,122.15419
2026-07-27 07:30:00,99.71632954919606,118.42196,113.15249299499087,118.42196
2026-07-27 07:45:00,111.20907098607118,119.19762,119.55668036703108,119.19762
2026-07-27 08:00:00,314.4389908791801,194.52983,145.65248533934576,194.52983
2026-07-27 08:15:00,324.4317232988486,174.41605,199.43948391078578,174.41605
2026-07-27 08:30:00,326.9899730105912,302.16788,292.95775820963945,302.16788
2026-07-27 08:45:00,311.1705267769956,335.07016,341.042704609512,335.07016
2026-07-27 09:00:00,328.231666958275,329.51535,340.13530237689497,329.51535
2026-07-27 09:15:00,311.71044952968776,320.32617,331.81980544939614,320.32617
2026-07-27 09:30:00,319.4992821947334,334.19342,333.44042253264263,334.19342
2026-07-27 09:45:00,302.9323314188545,333.90982,337.1599338519916,333.90982
2026-07-27 10:00:00,290.3646981425039,299.23355,305.64237693563615,299.23355
2026-07-27 10:15:00,320.4939582804302,299.76617,307.55662086108515,299.76617
2026-07-27 10:30:00,308.00259175563497,298.98035,299.8171880891706,298.98035
2026-07-27 10:45:00,311.84877693609724,308.66318,303.91345489137865,308.66318
2026-07-27 11:00:00,291.5313526277739,300.91138,300.3329220239455,300.91138
2026-07-27 11:15:00,314.93375022088446,302.8389,305.2438483080124,302.8389
2026-07-27 11:30:00,297.9106514600503,306.2413,305.6891374919048,306.2413
2026-07-27 11:45:00,296.86879422781016,301.13522,300.5088208472385,301.13522
2026-07-27 12:00:00,315.3659007889066,307.09503,301.78774301838297,307.09503
2026-07-27 12:15:00,324.5557720015936,303.6066,299.7917885416842,303.6066
2026-07-27 12:30:00,312.95997289839545,304.49997,299.57003216942553,304.49997
2026-07-27 12:45:00,301.0382448952556,302.43262,298.5321340006101,302.43262
2026-07-27 13:00:00,310.88348922709935,303.74808,299.69399782265515,303.74808
2026-07-27 13:15:00,286.823426626144,295.17377,293.38843788938374,295.17377
2026-07-27 13:30:00,304.89276744786383,301.2681,298.4567801178044,301.2681
2026-07-27 13:45:00,321.55874065703534,304.822,301.7300324155806,304.822
2026-07-27 14:00:00,291.98821937320406,298.30905,297.9597739927266,298.30905
2026-07-27 14:15:00,304.0138707465118,296.51,296.2368051649387,296.51
2026-07-27 14:30:00,311.8228069311004,302.03876,300.05255439342966,302.03876
2026-07-27 14:45:00,299.11716976785,300.12024,300.13976106854534,300.12024
2026-07-27 15:00:00,282.26236519393973,295.6833,293.7876099258256,295.6833
2026-07-27 15:15:00,296.6758044801668,296.6019,294.2195647970811,296.6019
2026-07-27 15:30:00,302.1702833309297,299.8239,295.1615545013746,299.8239
2026-07-27 15:45:00,298.5618537159179,292.10788,292.4020978167268,292.10788
2026-07-27 16:00:00,305.1116313423796,291.52325,293.39903819938974,291.52325
2026-07-27 16:15:00,314.8784170303393,297.45297,295.2671953426991,297.45297
2026-07-27 16:30:00,297.1163825433757,302.63687,300.85658400370113,302.63687
2026-07-27 16:45:00,288.6331893457129,291.71927,291.6045817012818,291.71927
2026-07-27 17:00:00,290.0554538637341,296.3707,292.69448539983006,296.3707
2026-07-27 17:15:00,282.74281596236506,288.72916,287.5321665214087,288.72916
2026-07-27 17:30:00,305.6961576824799,290.9849,289.2296947285239,290.9849
2026-07-27 17:45:00,276.4448207410947,297.75583,295.59677773109047,297.75583
2026-07-27 18:00:00,140.99834166696735,142.82936,147.29485640024524,142.82936
2026-07-27 18:15:00,141.98903835553645,146.12808,147.943386406346,146.12808
2026-07-27 18:30:00,162.90852729638289,141.89796,139.3564436941135,141.89796
2026-07-27 18:45:00,137.47352732109334,139.73079,139.4100536042354,139.73079
2026-07-27 19:00:00,131.26247596452257,140.77309,142.1977680847324,140.77309
2026-07-27 19:15:00,132.24873054479883,135.46565,135.48999770914193,135.46565
2026-07-27 19:30:00,128.02842205781604,136.95927,137.5974598498472,136.95927
2026-07-27 19:45:00,124.2307121316909,141.1096,134.47266149857333,141.1096
2026-07-27 20:00:00,156.4816055888944,145.67744,162.76245832143516,145.67744
2026-07-27 20:15:00,144.51314182076342,142.51978,139.29347829303833,142.51978
2026-07-27 20:30:00,139.80335914878202,141.01686,139.64580999605047,141.01686
2026-07-27 20:45:00,125.16280182498868,141.89091,141.35527844300748,141.89091
2026-07-27 21:00:00,143.38730687165767,138.93275,139.7967820804782,138.93275
2026-07-27 21:15:00,144.56664894246575,138.10501,138.0260443116916,138.10501
2026-07-27 21:30:00,128.49000119198246,140.16821,140.5008333407715,140.16821
2026-07-27 21:45:00,137.02552152073804,140.5082,139.283489824598,140.5082
2026-07-27 22:00:00,142.16194802557467,141.7039,146.44813740523335,141.7039
2026-07-27 22:15:00,137.50077391150586,141.80644,143.23210852211795,141.80644
2026-07-27 22:30:00,137.4006985231248,141.04027,140.8639887303068,141.04027
2026-07-27 22:45:00,141.80523133759456,142.04118,141.38793210753343,142.04118
2026-07-27 23:00:00,136.1503063316706,142.5855,142.23743740925738,142.5855
2026-07-27 23:15:00,114.11305815125522,142.27252,140.5248432180502,142.27252
2026-07-27 23:30:00,132.48214586550475,142.3421,142.48205273848694,142.3421
2026-07-27 23:45:00,150.416319564918,141.0143,141.6022121017379,141.0143
2026-07-28 00:00:00,63.509629352626,68.56325,67.41877040393504,68.56325
2026-07-28 00:15:00,52.4180532054753,64.7333,65.26874927854558,64.7333
2026-07-28 00:30:00,68.70880798452183,64.863235,65.1378262889019,64.863235
2026-07-28 00:45:00,73.32802471945894,67.75632,67.41813244278715,67.75632
2026-07-28 01:00:00,62.93194887911179,64.52768,63.844543214272385,64.52768
2026-07-28 01:15:00,67.10010464535159,64.82769,66.00146967352187,64.82769
2026-07-28 01:30:00,51.813381727570935,65.25955,66.41287280275942,65.25955
2026-07-28 01:45:00,56.42881394832983,66.07325,71.87966691806207,66.07325
2026-07-28 02:00:00,56.539763091130965,64.546036,64.67119456527433,64.546036
2026-07-28 02:15:00,73.60486255049135,64.4759,64.4021581996451,64.4759
2026-07-28 02:30:00,49.56375099408815,65.065956,65.13443832720031,65.065956
2026-07-28 02:45:00,50.73360913145082,66.234314,65.5792017185113,66.234314
2026-07-28 03:00:00,56.697254929695504,65.109375,65.20534028546076,65.109375
2026-07-28 03:15:00,81.33527391839098,65.92709,66.71839749583765,65.92709
2026-07-28 03:30:00,71.04284866409489,65.71817,65.90082484974354,65.71817
2026-07-28 03:45:00,66.07576067142587,65.25033,65.28907921212043,65.25033
2026-07-28 04:00:00,65.49558572393843,64.40469,64.31746763566387,64.40469
2026-07-28 04:15:00,62.98729197156513,67.34016,65.16958796686144,67.34016
2026-07-28 04:30:00,55.987170636572856,65.05778,63.82159452799791,65.05778
2026-07-28 04:45:00,71.94463910005855,63.20046,63.80833701262518,63.20046
2026-07-28 05:00:00,60.92734814111651,65.04762,65.80045512478763,65.04762
2026-07-28 05:15:00,56.002124492013934,62.539246,64.54752490772736,62.539246
2026-07-28 05:30:00,46.75318472394527,64.938194,66.06779478162656,64.938194
2026-07-28 05:45:00,58.11528259998075,64.448524,64.59968322399465,64.448524
2026-07-28 06:00:00,121.89827784041408,138.48158,138.23341244840435,138.48158
2026-07-28 06:15:00,126.49763575852242,123.07968,115.33264412822865,123.07968
2026-07-28 06:30:00,119.36195379241876,123.50148,120.70950480911951,123.50148
2026-07-28 06:45:00,150.6821118491834,142.15944,140.23058237459662,142.15944
2026-07-28 07:00:00,94.17630816204016,112.44024,104.0449146627773,112.44024
2026-07-28 07:15:00,111.41299091040588,83.67733,81.81250177928618,83.67733
2026-07-28 07:30:00,110.37960111036392,108.24152,116.78749628991075,108.24152
2026-07-28 07:45:00,93.73965698404582,123.37889,117.29106653189768,123.37889
2026-07-28 08:00:00,335.89551813996394,298.73886,217.52053892764008,298.73886
2026-07-28 08:15:00,344.1527102622919,347.77048,269.95123593750503,347.77048
2026-07-28 08:30:00,323.30130105353146,347.75943,319.17204678947706,347.75943
2026-07-28 08:45:00,309.39692664994294,311.28107,288.6960852951164,311.28107
2026-07-28 09:00:00,309.9662836178698,333.92822,335.0652577647068,333.92822
2026-07-28 09:15:00,344.3418009997451,327.8303,336.38967612014216,327.8303
2026-07-28 09:30:00,303.832440185208,333.7429,337.1395631100109,333.7429
2026-07-28 09:45:00,307.06670153096564,326.3328,335.1349664846239,326.3328
2026-07-28 10:00:00,297.0948998645459,296.1255,299.3111443697597,296.1255
2026-07-28 10:15:00,296.0316070502071,299.01297,302.5174299462605,299.01297
2026-07-28 10:30:00,278.36721849703235,303.33957,301.9378412103063,303.33957
2026-07-28 10:45:00,304.82662053412633,302.90787,303.1392570067784,302.90787
2026-07-28 11:00:00,308.5839661180799,301.15643,302.3720562815882,301.15643
2026-07-28 11:15:00,308.5561657979558,303.48132,300.96144286280105,303.48132
2026-07-28 11:30:00,299.89023944294104,302.7046,302.5913548184673,302.7046
2026-07-28 11:45:00,307.5503590088413,301.82196,302.1113828193017,301.82196
2026-07-28 12:00:00,294.8202221600164,297.78204,298.90259623875846,297.78204
2026-07-28 12:15:00,286.83283759622543,297.64102,298.5798803879803,297.64102
2026-07-28 12:30:00,325.80886849146606,301.76984,302.9799774426791,301.76984
2026-07-28 12:45:00,297.12491267728325,299.89343,301.7002811895105,299.89343
2026-07-28 13:00:00,284.5831449506853,299.83673,300.5905277753839,299.83673
2026-07-28 13:15:00,308.06491068973634,301.47745,302.1882911003329,301.47745
2026-07-28 13:30:00,285.0132726973225,302.5373,303.47266484644433,302.5373
2026-07-28 13:45:00,307.58829806977565,295.73068,294.6066554847701,295.73068
2026-07-28 14:00:00,297.09809405326195,303.4347,304.20923859172916,303.4347
2026-07-28 14:15:00,301.8178148557253,305.3994,304.94268124084755,305.3994
2026-07-28 14:30:00,299.8226797618783,300.4847,299.8969173557707,300.4847
2026-07-28 14:45:00,298.3222207117061,304.46448,305.7842497285304,304.46448
2026-07-28 15:00:00,312.3311134743358,298.74554,299.3026046619086,298.74554
2026-07-28 15:15:00,301.86671947879483,299.4617,301.5808128788097,299.4617
2026-07-28 15:30:00,280.574910090387,304.57126,303.7023546602766,304.57126
2026-07-28 15:45:00,298.5295424246242,296.0968,296.7541807624005,296.0968
2026-07-28 16:00:00,297.5433673354347,296.54935,296.2974772109286,296.54935
2026-07-28 16:15:00,291.28546299317884,300.25342,298.8802976134819,300.25342
2026-07-28 16:30:00,293.22445234473776,300.39716,302.23040511471845,300.39716
2026-07-28 16:45:00,285.1331950851622,291.2949,294.3919760458492,291.2949
2026-07-28 17:00:00,295.8893538322743,290.89618,290.48498534456235,290.89618
2026-07-28 17:15:00,283.8362233563121,289.78415,290.2637768577362,289.78415
2026-07-28 17:30:00,291.270827665794,293.97488,295.2994897716427,293.97488
2026-07-28 17:45:00,297.2823959228971,292.9718,292.75664621374546,292.9718
2026-07-28 18:00:00,138.4704365012505,140.73369,140.44903412132345,140.73369
2026-07-28 18:15:00,148.8073793507863,143.61879,146.7837026450581,143.61879
2026-07-28 18:30:00,153.43185280601762,138.49823,145.52574526700428,138.49823
2026-07-28 18:45:00,144.3927817284185,141.41748,138.65337437351198,141.41748
2026-07-28 19:00:00,122.64760137267608,138.60977,136.72954295503186,138.60977
2026-07-28 19:15:00,132.95976811996695,135.20746,135.97424847398227,135.20746
2026-07-28 19:30:00,134.49182162475083,128.0767,124.46467967102599,128.0767
2026-07-28 19:45:00,124.29361505906982,131.53532,127.37625448456869,131.53532
2026-07-28 20:00:00,133.79444043616928,139.68182,134.24030132297094,139.68182
2026-07-28 20:15:00,131.8384390746662,141.60884,141.81254972003924,141.60884
2026-07-28 20:30:00,141.4035780615215,139.38391,139.8509184940158,139.38391
2026-07-28 20:45:00,135.6307571780735,137.88074,139.34808711100632,137.88074
2026-07-28 21:00:00,149.94558897075848,137.70403,138.93624351649723,137.70403
2026-07-28 21:15:00,117.37286332257712,139.87071,139.78803583360622,139.87071
2026-07-28 21:30:00,139.78253533207953,139.52235,138.95442807137215,139.52235
2026-07-28 21:45:00,133.70679173751006,136.53429,138.08962941076499,136.53429
2026-07-28 22:00:00,142.3030494886245,139.35193,140.12693407368818,139.35193
2026-07-28 22:15:00,144.77186705514248,140.40991,142.42841158525692,140.40991
2026-07-28 22:30:00,151.33712772591485,141.76749,141.6637122961517,141.76749
2026-07-28 22:45:00,148.12392838948531,140.76006,140.70750028646177,140.76006
2026-07-28 23:00:00,144.55290999898529,140.72716,141.13264954978877,140.72716
2026-07-28 23:15:00,146.20086199235843,138.90796,140.7132040810818,138.90796
2026-07-28 23:30:00,142.9464173033574,139.67831,140.92576849582682,139.67831
2026-07-28 23:45:00,124.69182632055173,139.78746,140.46719982249886,139.78746
2026-07-29 00:00:00,53.46089195003588,67.43662,66.80943630054932,67.43662
2026-07-29 00:15:00,70.38141225739427,66.96335,65.82476893326069,66.96335
2026-07-29 00:30:00,65.99368389714098,66.33632,66.15910848822922,66.33632
2026-07-29 00:45:00,52.45106594539645,67.47924,66.30984317058511,67.47924
2026-07-29 01:00:00,85.16910692362026,64.692955,64.34255100469959,64.692955
2026-07-29 01:15:00,72.17187722334987,63.574673,65.02034662517752,63.574673
2026-07-29 01:30:00,73.3095469996551,65.6585,64.86940941892405,65.6585
2026-07-29 01:45:00,60.13752434193562,63.548756,68.24472004435606,63.548756
2026-07-29 02:00:00,66.56213957121363,66.01435,66.70175688508913,66.01435
2026-07-29 02:15:00,67.299559259579,64.85102,64.68232282163677,64.85102
2026-07-29 02:30:00,75.10084303764556,65.27117,65.35261431148007,65.27117
2026-07-29 02:45:00,65.76183612737051,64.90729,64.12229503807721,64.90729
2026-07-29 03:00:00,66.1205187414258,64.92068,65.7045657716111,64.92068
2026-07-29 03:15:00,62.124259434384186,66.685394,66.8142156676822,66.685394
2026-07-29 03:30:00,56.22173470684951,65.85827,65.8101126863116,65.85827
2026-07-29 03:45:00,61.21581908973553,65.28026,64.97986285738807,65.28026
2026-07-29 04:00:00,82.511672538004,65.62341,65.15861455139971,65.62341
2026-07-29 04:15:00,88.41996781418231,65.703674,65.36426154743846,65.703674
2026-07-29 04:30:00,82.78977819045622,63.919975,64.81146171012493,63.919975
2026-07-29 04:45:00,66.01284288935138,65.28833,66.3723210673096,65.28833
2026-07-29 05:00:00,68.38468105248566,66.48947,66.49221223302033,66.48947
2026-07-29 05:15:00,44.35832627713033,65.95934,66.8639504047474,65.95934
2026-07-29 05:30:00,58.44945418053543,66.25836,66.3058229336368,66.25836
2026-07-29 05:45:00,52.80377117331656,65.24158,65.17083160586574,65.24158
2026-07-29 06:00:00,90.87822867380724,115.99808,108.40728798084677,115.99808
2026-07-29 06:15:00,120.9273159785129,116.60712,111.3311972361682,116.60712
2026-07-29 06:30:00,110.66295382732446,115.16695,107.27798806377962,115.16695
2026-07-29 06:45:00,104.719521871545,127.476654,130.6577386424419,127.476654
2026-07-29 07:00:00,117.95806157755965,107.76387,75.22786075983544,107.76387
2026-07-29 07:15:00,86.58281344755261,115.12724,109.22218391030557,115.12724
2026-07-29 07:30:00,118.56742052218524,118.980385,121.01797999422128,118.980385
2026-07-29 07:45:00,111.11021831123767,109.04697,81.24503031762474,109.04697
2026-07-29 08:00:00,357.6975928439887,288.1254,295.0069963335225,288.1254
2026-07-29 08:15:00,333.8748761391868,336.1667,336.2396205583391,336.1667
2026-07-29 08:30:00,309.66197680146746,318.76666,305.6199192447784,318.76666
2026-07-29 08:45:00,342.02134009760016,311.2531,299.14856142270196,311.2531
2026-07-29 09:00:00,321.0499390762734,332.11246,338.5829086093153,332.11246
2026-07-29 09:15:00,311.3290885906555,325.27036,326.1784408785382,325.27036
2026-07-29 09:30:00,312.82564776028136,325.8597,337.59587267393545,325.8597
2026-07-29 09:45:00,342.8457234198175,329.72055,338.4071379077962,329.72055
2026-07-29 10:00:00,334.8416885632748,295.477,300.9737110504169,295.477
2026-07-29 10:15:00,302.29714906470747,299.25098,301.7675083178957,299.25098
2026-07-29 10:30:00,300.5362477466578,287.04114,293.33893047709967,287.04114
2026-07-29 10:45:00,299.6066036529535,303.23718,303.69172258590385,303.23718
2026-07-29 11:00:00,301.26022467217155,302.67148,302.45360380613323,302.67148
2026-07-29 11:15:00,304.21407625944323,303.39188,302.7482216161075,303.39188
2026-07-29 11:30:00,313.08846918730205,302.96887,302.59893238446864,302.96887
2026-07-29 11:45:00,310.2451841799304,300.85074,301.83927699524673,300.85074
2026-07-29 12:00:00,312.2949917510754,302.80478,303.43727845129035,302.80478
2026-07-29 12:15:00,294.79504878306005,307.39395,303.90370012117546,307.39395
2026-07-29 12:30:00,321.8679559613887,305.70483,301.06438091818717,305.70483
2026-07-29 12:45:00,306.53143519743475,308.29547,303.4231394160276,308.29547
2026-07-29 13:00:00,295.35159585066765,307.3209,303.38314719575294,307.3209
2026-07-29 13:15:00,286.6354073475173,300.5851,297.984077506029,300.5851
2026-07-29 13:30:00,308.55554137027565,305.99432,303.37100274070576,305.99432
2026-07-29 13:45:00,315.71243736157425,302.83432,300.10545116359145,302.83432
2026-07-29 14:00:00,306.51206391902184,296.1751,296.3280835342159,296.1751
2026-07-29 14:15:00,317.28712645746106,305.5315,305.85197229263497,305.5315
2026-07-29 14:30:00,309.21582308799185,300.56912,299.6292209849735,300.56912
2026-07-29 14:45:00,289.2360792973145,291.96082,293.42001053058215,291.96082
2026-07-29 15:00:00,300.70608052225043,305.076,303.3103217573713,305.076
2026-07-29 15:15:00,286.8644425788956,303.83386,303.60426040205374,303.83386
2026-07-29 15:30:00,305.91163336635674,300.8955,301.4396801591727,300.8955
2026-07-29 15:45:00,309.5498117880256,297.2939,296.4678437012924,297.2939
2026-07-29 16:00:00,282.5001003864366,294.77078,295.6812916692733,294.77078
2026-07-29 16:15:00,291.18210158112254,295.08966,294.6697934799988,295.08966
2026-07-29 16:30:00,296.62867029183093,296.7601,297.0331589490323,296.7601
2026-07-29 16:45:00,299.3395397003635,296.41626,296.800508435821,296.41626
2026-07-29 17:00:00,315.3510295213967,297.8154,296.99549572867994,297.8154
2026-07-29 17:15:00,320.12496330740635,294.77853,293.4141716200899,294.77853
2026-07-29 17:30:00,297.0729616221905,295.8872,293.5095172108736,295.8872
2026-07-29 17:45:00,306.420775901048,289.39532,290.79883586786235,289.39532
2026-07-29 18:00:00,164.277760501591,138.7886,142.96932036574745,138.7886
2026-07-29 18:15:00,151.98458951813407,137.49016,143.99469252287193,137.49016
2026-07-29 18:30:00,142.9327669844665,136.72539,144.25002143147339,136.72539
2026-07-29 18:45:00,147.5939390853906,134.58394,139.94317069061904,134.58394
2026-07-29 19:00:00,140.2905511494667,136.8955,138.928675613851,136.8955
2026-07-29 19:15:00,139.65981474412345,136.35681,137.61813582481292,136.35681
2026-07-29 19:30:00,128.09696343696797,136.86487,135.89022831201484,136.86487
2026-07-29 19:45:00,136.07804964128326,135.17462,128.3307926424915,135.17462
2026-07-29 20:00:00,131.5206400826052,132.78674,124.5471071901222,132.78674
2026-07-29 20:15:00,131.9224262117325,136.89264,154.92612538981004,136.89264
2026-07-29 20:30:00,133.43483357074996,140.89432,155.11820239845738,140.89432
2026-07-29 20:45:00,123.1832150018162,141.00395,137.09127369827308,141.00395
2026-07-29 21:00:00,135.2920439350812,139.61508,139.24784384637428,139.61508
2026-07-29 21:15:00,146.22326730477675,140.21138,142.35114808203429,140.21138
2026-07-29 21:30:00,142.00123971750682,139.51253,140.53117125309635,139.51253
2026-07-29 21:45:00,140.50531653449562,137.56358,137.68454891537593,137.56358
2026-07-29 22:00:00,141.6907214471553,140.6657,140.93233750531297,140.6657
2026-07-29 22:15:00,142.43716627971185,141.2492,141.94500211296713,141.2492
2026-07-29 22:30:00,144.67372622865668,139.75143,141.53800478048683,139.75143
2026-07-29 22:45:00,159.33229792956095,140.49432,140.31231385686465,140.49432
2026-07-29 23:00:00,133.41502359580477,140.68372,141.35089203292387,140.68372
2026-07-29 23:15:00,146.23736957548212,142.31966,141.701528787159,142.31966
2026-07-29 23:30:00,129.32602805791572,142.44884,141.97365671945735,142.44884
2026-07-29 23:45:00,139.80458422129922,138.0076,138.05134781830992,138.0076
2026-07-30 00:00:00,66.23809266718654,69.990005,68.31290168882221,69.990005
2026-07-30 00:15:00,67.55489116422794,64.9909,65.50261533891049,64.9909
2026-07-30 00:30:00,65.62833717833936,64.744835,64.73261136321567,64.744835
2026-07-30 00:45:00,56.552940340362746,66.31655,69.70233724941504,66.31655
2026-07-30 01:00:00,60.4807060536904,65.56207,64.61394483980372,65.56207
2026-07-30 01:15:00,66.92580369830775,65.04711,66.18111107504211,65.04711
2026-07-30 01:30:00,59.661714364316495,65.30178,65.69906924320028,65.30178
2026-07-30 01:45:00,69.63260803476581,64.76819,65.54269309257418,64.76819
2026-07-30 02:00:00,47.36944933041938,64.183876,64.78084361943999,64.183876
2026-07-30 02:15:00,71.82929297911127,64.62764,64.85993322848836,64.62764
2026-07-30 02:30:00,70.23983707866816,64.08866,65.1773200365611,64.08866
2026-07-30 02:45:00,58.90174421396237,65.69209,64.8010399258668,65.69209
2026-07-30 03:00:00,73.7940879026925,66.19073,65.53906402117018,66.19073
2026-07-30 03:15:00,62.789599301592965,65.75249,65.83298678238465,65.75249
2026-07-30 03:30:00,59.67243994722477,65.303856,65.6706676567139,65.303856
2026-07-30 03:45:00,54.85116308739903,65.24243,64.89855532554856,65.24243
2026-07-30 04:00:00,43.54980385827707,64.78072,64.82977877378298,64.78072
2026-07-30 04:15:00,57.39405017288396,69.05608,67.05840252162423,69.05608
2026-07-30 04:30:00,86.0953414004795,65.64716,66.14692295411525,65.64716
2026-07-30 04:45:00,64.60278110133567,64.684814,65.07309099659643,64.684814
2026-07-30 05:00:00,67.66935276508502,62.870693,65.41435278641833,62.870693
2026-07-30 05:15:00,70.68581262623977,65.25695,64.4644626698142,65.25695
2026-07-30 05:30:00,71.38700526713154,67.00209,66.58053329217931,67.00209
2026-07-30 05:45:00,55.02472677914929,66.3896,65.62569376180322,66.3896
2026-07-30 06:00:00,135.3959972990981,111.987976,82.88524203744963,111.987976
2026-07-30 06:15:00,125.46657877978735,121.10621,120.51367425634238,121.10621
2026-07-30 06:30:00,133.64339748775666,125.37979,122.92567502724012,125.37979
2026-07-30 06:45:00,125.82091565019984,118.30691,124.74014964951775,118.30691
2026-07-30 07:00:00,121.88723176788852,119.93646,120.08692687773814,119.93646
2026-07-30 07:15:00,122.16426336239935,85.51396,79.13007820429499,85.51396
2026-07-30 07:30:00,94.00138157802986,110.256676,107.11645009076517,110.256676
2026-07-30 07:45:00,101.81447189536564,116.39304,123.85245852288324,116.39304
2026-07-30 08:00:00,320.2430165024185,317.26056,324.83276214063557,317.26056
2026-07-30 08:15:00,327.59236906492777,337.17972,331.949996717833,337.17972
2026-07-30 08:30:00,326.8300326559727,319.1142,232.97361850970051,319.1142
2026-07-30 08:45:00,318.7556349635814,335.53864,327.49380758371797,335.53864
2026-07-30 09:00:00,329.6480688143371,340.51154,338.4699414341496,340.51154
2026-07-30 09:15:00,311.6793284343945,329.44992,334.08253117926995,329.44992
2026-07-30 09:30:00,331.17947939091266,327.86377,336.07610108600966,327.86377
2026-07-30 09:45:00,331.4757771294937,326.16052,325.8499802450309,326.16052
2026-07-30 10:00:00,327.6222410627348,313.8584,331.37307361073795,313.8584
2026-07-30 10:15:00,304.09695028633587,300.50638,300.22935729313934,300.50638
2026-07-30 10:30:00,318.05319648695496,303.6736,303.23940976793875,303.6736
2026-07-30 10:45:00,299.5738522807273,303.17194,303.7305309096645,303.17194
2026-07-30 11:00:00,314.09648098325056,302.58008,303.18976365283845,302.58008
2026-07-30 11:15:00,294.94527521607364,299.855,300.00247668329905,299.855
2026-07-30 11:30:00,313.7144633158359,305.17563,304.4225159455957,305.17563
2026-07-30 11:45:00,308.3950772862672,302.40323,302.6039620409208,302.40323
2026-07-30 12:00:00,299.19366565968653,306.28842,302.08996900638897,306.28842
2026-07-30 12:15:00,309.1083979299566,300.42288,296.3097902108965,300.42288
2026-07-30 12:30:00,318.12474844644555,304.2987,300.7712561690271,304.2987
2026-07-30 12:45:00,305.6980814693055,306.54068,302.8172081486032,306.54068
2026-07-30 13:00:00,301.83269186370427,304.0404,299.0408054904073,304.0404
2026-07-30 13:15:00,314.6518247965282,310.0684,304.17916240372074,310.0684
2026-07-30 13:30:00,307.67248357066484,303.3307,302.5986206841538,303.3307
2026-07-30 13:45:00,312.232416746132,300.74075,297.78265678864364,300.74075
2026-07-30 14:00:00,301.7457015826983,309.90057,306.66654324721435,309.90057
2026-07-30 14:15:00,307.0049391284991,302.4118,298.0934418294982,302.4118
2026-07-30 14:30:00,301.02849628941914,298.655,298.7456275362956,298.655
2026-07-30 14:45:00,316.06868539856225,305.88577,301.77843756524965,305.88577
2026-07-30 15:00:00,304.1185272438355,293.4899,294.72309492618047,293.4899
2026-07-30 15:15:00,285.7818971276869,302.0889,301.9321489407549,302.0889
2026-07-30 15:30:00,296.7699918061754,300.58646,300.359124195787,300.58646
2026-07-30 15:45:00,310.80695843264266,299.35855,299.2148079196798,299.35855
2026-07-30 16:00:00,293.4091183262884,304.19913,303.0071136533178,304.19913
2026-07-30 16:15:00,297.8416586739304,301.9113,301.4561180088527,301.9113
2026-07-30 16:30:00,319.49754197124,301.06937,303.28821007907334,301.06937
2026-07-30 16:45:00,305.3676467962938,295.3584,296.14630459281744,295.3584
2026-07-30 17:00:00,288.6002081276226,293.92807,292.9254077421551,293.92807
2026-07-30 17:15:00,299.3799464202961,289.04355,289.81608521556467,289.04355
2026-07-30 17:30:00,289.73800432909854,299.33966,297.73368025060057,299.33966
2026-07-30 17:45:00,292.1522794790523,290.14636,291.0375374667923,290.14636
2026-07-30 18:00:00,143.74628561490854,140.43971,143.0373162760286,140.43971
2026-07-30 18:15:00,134.46274263494706,140.37358,143.9708663662266,140.37358
2026-07-30 18:30:00,144.66318439602216,138.81985,147.37063613766824,138.81985
2026-07-30 18:45:00,137.70609568313384,147.94672,142.88640978485319,147.94672
2026-07-30 19:00:00,138.2277340358844,136.66643,135.37628127326914,136.66643
2026-07-30 19:15:00,139.20828012960524,137.25882,135.6671946226948,137.25882
2026-07-30 19:30:00,132.04926952356902,135.95554,128.75062893872166,135.95554
2026-07-30 19:45:00,139.2308125221793,136.98352,155.58675104180463,136.98352
2026-07-30 20:00:00,136.71682875894683,137.28323,151.07463680128387,137.28323
2026-07-30 20:15:00,135.1684306315236,139.90482,153.85202401202852,139.90482
2026-07-30 20:30:00,147.9131661999672,138.53647,134.60200938841834,138.53647
2026-07-30 20:45:00,131.3479367320155,138.94853,136.95925353485538,138.94853
2026-07-30 21:00:00,141.41689357652888,141.34843,140.0841720531315,141.34843
2026-07-30 21:15:00,154.2138468484357,141.76283,141.0334735699957,141.76283
2026-07-30 21:30:00,136.7965382344021,139.41336,140.24712214906563,139.41336
2026-07-30 21:45:00,136.75085817136457,138.73647,137.87107071988763,138.73647
2026-07-30 22:00:00,141.50056179534397,138.39615,138.91425465763578,138.39615
2026-07-30 22:15:00,134.85398354430362,135.8524,138.48481186652776,135.8524
2026-07-30 22:30:00,150.5896121704081,139.29948,139.10182555430387,139.29948
2026-07-30 22:45:00,167.01107302898504,141.14682,139.84357983610533,141.14682
2026-07-30 23:00:00,136.09074957362623,141.0728,140.97397162528512,141.0728
2026-07-30 23:15:00,132.57833605446476,140.90938,141.8940466350468,140.90938
2026-07-30 23:30:00,150.14639927832712,139.6675,140.66919130868138,139.6675
2026-07-30 23:45:00,130.21473350599555,139.2899,140.44359711657364,139.2899
2026-07-31 00:00:00,61.34775031166775,66.02642,65.5849433147187,66.02642
2026-07-31 00:15:00,72.07750569091982,64.78497,64.86205384537163,64.78497
2026-07-31 00:30:00,67.87350338387623,64.694435,65.72039100476007,64.694435
2026-07-31 00:45:00,73.79599515318031,63.667347,67.74215466215486,63.667347
2026-07-31 01:00:00,59.554350902439865,64.77466,65.14195923682462,64.77466
2026-07-31 01:15:00,72.25233930238886,64.93534,65.33944077966302,64.93534
2026-07-31 01:30:00,54.82221236699756,65.058655,65.3764638214621,65.058655
2026-07-31 01:45:00,81.2237398978277,64.44429,66.00899307110488,64.44429
2026-07-31 02:00:00,83.2764337892726,64.81996,64.38758972180356,64.81996
2026-07-31 02:15:00,63.402419748662,65.25807,64.50856828644957,65.25807
2026-07-31 02:30:00,63.96930064242083,63.66884,64.42580988346887,63.66884
2026-07-31 02:45:00,62.37167998900416,65.461426,65.72529895505039,65.461426
2026-07-31 03:00:00,60.5680188876665,65.976036,66.5418997504821,65.976036
2026-07-31 03:15:00,58.65916262284885,65.95967,66.00769174091496,65.95967
2026-07-31 03:30:00,76.73778472699615,65.20487,65.43326276330227,65.20487
2026-07-31 03:45:00,73.52848345804702,64.20783,64.70844806234324,64.20783
2026-07-31 04:00:00,79.06810658858731,65.2827,65.04861784416103,65.2827
2026-07-31 04:15:00,62.17324159329911,66.222244,66.04707575426227,66.222244
2026-07-31 04:30:00,73.97716611050723,68.58668,66.99202532972127,68.58668
2026-07-31 04:45:00,81.60414897100532,65.22842,65.70133770512436,65.22842
2026-07-31 05:00:00,65.87290336044954,66.545685,66.44787312237675,66.545685
2026-07-31 05:15:00,70.61395702288007,65.10131,63.18116276998378,65.10131
2026-07-31 05:30:00,62.4789770479048,64.471176,64.9558706885439,64.471176
2026-07-31 05:45:00,66.80172353705066,66.16903,66.60931921011131,66.16903
2026-07-31 06:00:00,126.49639657298592,121.65534,124.21559304410378,121.65534
2026-07-31 06:15:00,109.44032309122372,117.36284,112.05035230516816,117.36284
2026-07-31 06:30:00,154.74537078276308,150.46794,148.73400707936506,150.46794
2026-07-31 06:45:00,98.30778459717231,114.64224,115.61854289352209,114.64224
2026-07-31 07:00:00,99.85798956898634,108.06577,103.73483926222531,108.06577
2026-07-31 07:15:00,132.09093774910025,120.64061,121.07353025655584,120.64061
2026-07-31 07:30:00,104.6148848970781,111.478485,79.20091019303342,111.478485
2026-07-31 07:45:00,102.69578013068237,105.289185,108.11682057990515,105.289185
2026-07-31 08:00:00,339.948230302482,309.05597,231.3043474958207,309.05597
2026-07-31 08:15:00,326.8989580777201,298.48294,228.79526461333273,298.48294
2026-07-31 08:30:00,339.49878453425754,346.43045,313.07003303586333,346.43045
2026-07-31 08:45:00,340.78030697300096,320.6929,278.10955236039206,320.6929
2026-07-31 09:00:00,310.15953518346805,328.67252,325.3836758737689,328.67252
2026-07-31 09:15:00,308.07601330176,320.3064,334.10214994580247,320.3064
2026-07-31 09:30:00,320.6687160853488,321.41742,326.38104224232563,321.41742
2026-07-31 09:45:00,322.0551454466666,321.48663,325.87213086453096,321.48663
2026-07-31 10:00:00,293.29909982412033,294.0077,294.9905551050739,294.0077
2026-07-31 10:15:00,286.5702021112332,300.59927,299.6921855778209,300.59927
2026-07-31 10:30:00,289.2636796242813,303.0752,301.0941841363644,303.0752
2026-07-31 10:45:00,295.741691803578,304.0097,303.14639504755377,304.0097
2026-07-31 11:00:00,322.1960114206049,299.93793,301.2434675372705,299.93793
2026-07-31 11:15:00,302.32425575680566,300.82697,300.4174834586793,300.82697
2026-07-31 11:30:00,295.86740017109287,301.12738,300.76015596101877,301.12738
2026-07-31 11:45:00,305.1337401090848,296.6548,294.75879622689,296.6548
2026-07-31 12:00:00,322.4573156214048,301.39832,303.28375532903766,301.39832
2026-07-31 12:15:00,294.5329957189373,304.6968,303.81041929243236,304.6968
2026-07-31 12:30:00,308.6806889229573,302.90573,299.8820622867396,302.90573
2026-07-31 12:45:00,312.7968600159569,302.15036,302.4142820790668,302.15036
2026-07-31 13:00:00,284.21888796353653,290.20065,291.2534743751437,290.20065
2026-07-31 13:15:00,300.4953103559912,298.9308,299.43159469793403,298.9308
2026-07-31 13:30:00,282.7824508737047,300.83545,300.029658625221,300.83545
2026-07-31 13:45:00,294.389632873651,297.57288,299.1939734876505,297.57288
2026-07-31 14:00:00,291.1154006611496,298.12982,298.50814838022865,298.12982
2026-07-31 14:15:00,307.9791108561511,297.6379,297.7472567460056,297.6379
2026-07-31 14:30:00,303.125891760813,299.63196,300.9261807959883,299.63196
2026-07-31 14:45:00,297.7440563189221,298.19244,298.95749188064394,298.19244
2026-07-31 15:00:00,294.0759346883502,298.00687,298.52680712126687,298.00687
2026-07-31 15:15:00,288.10980296132243,295.10025,293.4946876071486,295.10025
2026-07-31 15:30:00,302.61336743034434,294.839,294.39505175354645,294.839
2026-07-31 15:45:00,306.28791998147807,298.82428,299.3840765534517,298.82428
2026-07-31 16:00:00,278.49671220352417,299.89044,302.29005817025484,299.89044
2026-07-31 16:15:00,283.35365795921814,291.18512,292.2121245504284,291.18512
2026-07-31 16:30:00,288.50618734684366,291.787,291.25181710846203,291.787
2026-07-31 16:45:00,289.16426747275074,292.0965,292.9488599073565,292.0965
2026-07-31 17:00:00,283.7199402150522,296.88742,297.00716617241045,296.88742
2026-07-31 17:15:00,293.2038329164935,293.00537,293.67788729571595,293.00537
2026-07-31 17:30:00,301.6812080178252,299.5408,297.3149336151642,299.5408
2026-07-31 17:45:00,302.9055484822608,297.46088,296.3687662270318,297.46088
2026-07-31 18:00:00,145.19434290730806,144.44238,149.7399508989535,144.44238
2026-07-31 18:15:00,143.02300724177215,135.79385,144.44440437117268,135.79385
2026-07-31 18:30:00,119.0327537310188,136.1478,139.7067429154302,136.1478
2026-07-31 18:45:00,129.0527787070472,144.42233,137.93114897614376,144.42233
2026-07-31 19:00:00,127.30206322274805,133.15521,130.39307151593988,133.15521
2026-07-31 19:15:00,144.56803496328595,136.38133,134.67076737364025,136.38133
2026-07-31 19:30:00,147.24350047844067,132.02094,123.76450644919754,132.02094
2026-07-31 19:45:00,137.90678268462477,139.60895,129.81978701100005,139.60895
2026-07-31 20:00:00,147.24691479840934,141.73804,138.10773667936294,141.73804
2026-07-31 20:15:00,149.2720719208096,141.31245,141.3648117586183,141.31245
2026-07-31 20:30:00,138.93359421021214,138.59256,137.70666182746893,138.59256
2026-07-31 20:45:00,129.2049011801344,136.49918,135.62992066408881,136.49918
2026-07-31 21:00:00,154.95930187316998,139.8242,138.08382435900154,139.8242
2026-07-31 21:15:00,122.44020185992144,141.2834,140.8663916275952,141.2834
2026-07-31 21:30:00,143.26295311237902,140.85484,141.7849127819402,140.85484
2026-07-31 21:45:00,131.58996688689467,141.43044,140.91564297163714,141.43044
2026-07-31 22:00:00,148.2110227384088,140.3611,140.80563937093325,140.3611
2026-07-31 22:15:00,136.78754513006916,141.12431,141.1033543768795,141.12431
2026-07-31 22:30:00,153.5801333591833,142.13591,141.78491467456988,142.13591
2026-07-31 22:45:00,128.98479403677626,139.96057,138.8854710135426,139.96057
2026-07-31 23:00:00,139.93655171850452,141.26491,141.40792177979245,141.26491
2026-07-31 23:15:00,133.50956949589545,139.09067,140.25475721914836,139.09067
2026-07-31 23:30:00,148.05365411297163,141.24707,140.7557208022427,141.24707
2026-07-31 23:45:00,128.48343410909,139.83746,140.3762357941572,139.83746
2026-08-01 00:00:00,59.29490523912536,66.64445,66.64022186735554,66.64445
2026-08-01 00:15:00,73.2687894043552,65.1653,65.91037280798591,65.1653
2026-08-01 00:30:00,70.25422255135513,64.60521,66.0796285320732,64.60521
2026-08-01 00:45:00,52.41858072993047,65.08809,65.58271768294371,65.08809
2026-08-01 01:00:00,49.42056459454818,65.15233,64.76563997128727,65.15233
2026-08-01 01:15:00,63.39769788060909,64.48736,65.50693848096755,64.48736
2026-08-01 01:30:00,71.8821651144834,64.67223,64.34491706249631,64.67223
2026-08-01 01:45:00,89.9603586846466,65.80043,65.84490905824921,65.80043
2026-08-01 02:00:00,75.87312387487063,66.08846,66.41258565422632,66.08846
2026-08-01 02:15:00,59.95805613941171,65.23209,64.93781733034679,65.23209
2026-08-01 02:30:00,71.73252318174218,64.40049,64.8079107737131,64.40049
2026-08-01 02:45:00,64.41180405209403,65.324356,64.89910410287015,65.324356
2026-08-01 03:00:00,59.245668119565984,66.017876,65.74602341815115,66.017876
2026-08-01 03:15:00,70.34155872306911,65.682495,65.77135857241161,65.682495
2026-08-01 03:30:00,48.56091876493906,65.40351,66.42537927618218,65.40351
2026-08-01 03:45:00,60.67182020853864,64.74313,65.3296457574698,64.74313
2026-08-01 04:00:00,67.56314941003208,64.19475,64.7825792451527,64.19475
2026-08-01 04:15:00,65.58584686892475,65.12338,65.46975360352477,65.12338
2026-08-01 04:30:00,67.5770576227529,65.34167,65.44499388763501,65.34167
2026-08-01 04:45:00,67.87549140832179,67.85066,66.17255843088778,67.85066
2026-08-01 05:00:00,78.43844043725188,64.67322,65.41819436671506,64.67322
2026-08-01 05:15:00,76.22831301124967,65.15237,64.67646825849349,65.15237
2026-08-01 05:30:00,63.29565099819024,63.711254,64.48552410117195,63.711254
2026-08-01 05:45:00,66.27008016062535,66.149216,64.77777237248297,66.149216
2026-08-01 06:00:00,134.36683472075123,139.24506,137.75690005841966,139.24506
2026-08-01 06:15:00,139.21004702064818,143.59055,125.71005694380823,143.59055
2026-08-01 06:30:00,137.1391994487,137.19473,136.0591979977252,137.19473
2026-08-01 06:45:00,127.3848030426985,114.348305,114.81750222691193,114.348305
2026-08-01 07:00:00,108.89625624636628,102.11394,112.80578050077969,102.11394
2026-08-01 07:15:00,122.94917909908892,113.183014,117.81142041287424,113.183014
2026-08-01 07:30:00,122.36894389562714,116.99597,130.94828654216815,116.99597
2026-08-01 07:45:00,96.97808717831214,103.29742,108.11032357995043,103.29742
2026-08-01 08:00:00,97.68358285612226,110.5931,102.78254750844113,110.5931
2026-08-01 08:15:00,123.05327485354849,112.94575,132.11021324970028,112.94575
2026-08-01 08:30:00,114.40580051961304,110.46782,102.79932045936727,110.46782
2026-08-01 08:45:00,104.5912694940444,108.52144,104.729147520926,108.52144
2026-08-01 09:00:00,94.38046355743288,99.375145,99.70956213329778,99.375145
2026-08-01 09:15:00,66.04917929949136,99.42875,101.11001609517334,99.42875
2026-08-01 09:30:00,95.46006944971596,95.58602,107.44396670774823,95.58602
2026-08-01 09:45:00,84.83237198248312,94.42683,108.20273859017648,94.42683
2026-08-01 10:00:00,58.83897688943918,66.0884,66.11699593291578,66.0884
2026-08-01 10:15:00,75.83966410901755,63.967674,63.62586466356947,63.967674
2026-08-01 10:30:00,60.176282396443554,65.55907,66.39102178745509,65.55907
2026-08-01 10:45:00,68.59702359331374,63.986008,64.71954210041808,63.986008
2026-08-01 11:00:00,54.51126458627179,62.409306,67.40057529265131,62.409306
2026-08-01 11:15:00,68.83146518490159,63.858727,63.15864087066137,63.858727
2026-08-01 11:30:00,76.47625116857559,63.861122,64.74313698148313,63.861122
2026-08-01 11:45:00,66.59593441324255,63.163162,63.848512556051645,63.163162
2026-08-01 12:00:00,71.0766407657525,63.130558,67.50888926211813,63.130558
2026-08-01 12:15:00,60.78537510355172,63.42013,64.12955932026354,63.42013
2026-08-01 12:30:00,67.44130729848285,63.662292,64.24128351602866,63.662292
2026-08-01 12:45:00,66.39618065907675,64.56044,63.0014441694336,64.56044
2026-08-01 13:00:00,66.17497548180076,65.97741,65.72187232673777,65.97741
2026-08-01 13:15:00,70.91927137773774,65.221596,64.5244671524102,65.221596
2026-08-01 13:30:00,62.62092494642904,63.600693,64.82819824639589,63.600693
2026-08-01 13:45:00,58.14513661205548,66.68361,66.25954866652779,66.68361
2026-08-01 14:00:00,58.38881181191503,68.99836,66.89029025783924,68.99836
2026-08-01 14:15:00,88.5550731751785,68.33655,66.92314874074137,68.33655
2026-08-01 14:30:00,75.01246627618357,65.76176,65.26462340651135,65.76176
2026-08-01 14:45:00,59.41289160513092,64.314095,64.03246127126836,64.314095
2026-08-01 15:00:00,70.94205362855766,64.74196,64.86921317842116,64.74196
2026-08-01 15:15:00,60.35850965270082,65.37579,67.23427334533957,65.37579
2026-08-01 15:30:00,60.12012835847976,65.41978,65.46825758798306,65.41978
2026-08-01 15:45:00,79.00023918851967,67.33051,65.94954131357213,67.33051
2026-08-01 16:00:00,58.67266912377447,64.985916,64.61363288542758,64.985916
2026-08-01 16:15:00,84.3320790458084,65.242935,65.11585387085708,65.242935
2026-08-01 16:30:00,52.63132964105537,63.11873,64.75572325442401,63.11873
2026-08-01 16:45:00,56.688096642752924,65.78681,65.81551765137202,65.78681
2026-08-01 17:00:00,81.64894957263884,64.29791,64.90468096688221,64.29791
2026-08-01 17:15:00,71.71527584134196,64.347885,65.26940759823408,64.347885
2026-08-01 17:30:00,60.89171882783056,65.354164,63.85166082659479,65.354164
2026-08-01 17:45:00,47.55224113895402,63.295277,63.365729532696896,63.295277
2026-08-01 18:00:00,147.29095713025112,139.4899,138.43417166989312,139.4899
2026-08-01 18:15:00,126.19062853634534,129.42984,131.4775708134273,129.42984
2026-08-01 18:30:00,134.19318891309422,134.45892,133.52122349091334,134.45892
2026-08-01 18:45:00,154.20953469238086,135.70514,139.0753041690007,135.70514
2026-08-01 19:00:00,153.92382994355123,135.66667,132.4094410563121,135.66667
2026-08-01 19:15:00,140.07136750981695,132.60934,129.26106307623874,132.60934
2026-08-01 19:30:00,145.50813025175387,139.91708,141.2757050724871,139.91708
2026-08-01 19:45:00,145.40549422184486,140.31943,140.86335954474237,140.31943
2026-08-01 20:00:00,153.42503542103896,136.41402,137.79047913203243,136.41402
2026-08-01 20:15:00,148.82223771969228,138.02512,138.62150894927177,138.02512
2026-08-01 20:30:00,134.39377452168614,136.87808,136.71363860926655,136.87808
2026-08-01 20:45:00,159.32440700477244,140.55817,139.99614679437832,140.55817
2026-08-01 21:00:00,127.226779824607,139.97295,140.98545440123004,139.97295
2026-08-01 21:15:00,141.89139218942682,140.46873,139.39677814522665,140.46873
2026-08-01 21:30:00,138.64675424922046,140.66605,140.0239728126775,140.66605
2026-08-01 21:45:00,149.4695781537297,138.53717,139.07040272791653,138.53717
2026-08-01 22:00:00,156.78778756725768,136.62009,137.53948419857755,136.62009
2026-08-01 22:15:00,134.32048189675766,140.06429,138.87661845030195,140.06429
2026-08-01 22:30:00,133.1003199936389,140.75023,140.8876531161416,140.75023
2026-08-01 22:45:00,135.78866632752292,135.8943,136.25050348587234,135.8943
2026-08-01 23:00:00,130.58229180357176,138.95164,140.34656378659068,138.95164
2026-08-01 23:15:00,143.385586597841,141.50993,140.35343367070104,141.50993
2026-08-01 23:30:00,128.9890396777306,141.17404,141.21862171877572,141.17404
2026-08-01 23:45:00,144.40715767546337,140.91109,140.56450452824146,140.91109
2026-08-02 00:00:00,74.62159233763796,67.22409,66.58385385294342,67.22409
2026-08-02 00:15:00,59.785932823614914,65.02804,65.51806797047365,65.02804
2026-08-02 00:30:00,70.91535086238409,65.30681,65.68741162796013,65.30681
2026-08-02 00:45:00,72.96479918135566,64.59348,66.27700899317959,64.59348
2026-08-02 01:00:00,45.480483211602575,64.80345,64.54662399605638,64.80345
2026-08-02 01:15:00,67.98166449434237,65.21209,64.04177015779268,65.21209
2026-08-02 01:30:00,74.29997545075751,64.853676,65.49753576265205,64.853676
2026-08-02 01:45:00,69.88607830578485,65.76395,59.9509528592989,65.76395
2026-08-02 02:00:00,52.35996059378167,65.942924,65.37450074306818,65.942924
2026-08-02 02:15:00,55.11470479220871,65.84288,65.69436476020876,65.84288
2026-08-02 02:30:00,67.34690526641087,65.702576,65.75722920123457,65.702576
2026-08-02 02:45:00,71.56554920451771,65.48477,64.82868621596506,65.48477
2026-08-02 03:00:00,59.1467909740798,64.30939,64.85946666234373,64.30939
2026-08-02 03:15:00,65.20559351219154,65.416985,65.71708793793805,65.416985
2026-08-02 03:30:00,86.64066781508433,64.85439,65.63086675314567,64.85439
2026-08-02 03:45:00,56.524614887420185,64.45307,64.71719454632904,64.45307
2026-08-02 04:00:00,63.40882998921563,64.74104,64.85492844150518,64.74104
2026-08-02 04:15:00,67.15847882406564,65.24416,64.97629858345783,65.24416
2026-08-02 04:30:00,55.593513437465226,66.57285,65.77275124168048,66.57285
2026-08-02 04:45:00,75.59931106849378,64.43052,64.93994363800965,64.43052
2026-08-02 05:00:00,64.02922745075946,65.65256,64.88166070491462,65.65256
2026-08-02 05:15:00,58.57220057889059,65.08543,64.78808446119152,65.08543
2026-08-02 05:30:00,64.69430685437082,64.00104,64.18154904541663,64.00104
2026-08-02 05:45:00,83.2988140244307,66.950874,62.834403757682786,66.950874
2026-08-02 06:00:00,124.45348908524625,128.31094,129.8827281472965,128.31094
2026-08-02 06:15:00,132.71699349113985,136.90233,136.2718437853121,136.90233
2026-08-02 06:30:00,122.88601069383937,122.81093,121.64689243927361,122.81093
2026-08-02 06:45:00,129.77383565977817,135.63744,132.55127320890966,135.63744
2026-08-02 07:00:00,94.19360103447907,110.70542,105.60100969869114,110.70542
2026-08-02 07:15:00,129.26148282070315,133.08273,132.18895646182395,133.08273
2026-08-02 07:30:00,89.24934303002769,104.92979,102.23487130646168,104.92979
2026-08-02 07:45:00,106.0864252562005,101.93541,113.08820361414142,101.93541
2026-08-02 08:00:00,101.81152854051916,108.85033,110.10977419693087,108.85033
2026-08-02 08:15:00,122.82184463488124,119.17774,115.08392446967748,119.17774
2026-08-02 08:30:00,113.61755546922193,122.36373,123.52525054079574,122.36373
2026-08-02 08:45:00,76.34818397112377,111.31045,113.92048417623543,111.31045
2026-08-02 09:00:00,94.94801656298998,101.13011,79.16134453445342,101.13011
2026-08-02 09:15:00,111.5472167939484,72.688835,74.23759984474344,72.688835
2026-08-02 09:30:00,68.28679588295256,99.849625,103.73071545593255,99.849625
2026-08-02 09:45:00,98.47988547514466,74.02602,74.14900721771696,74.02602
2026-08-02 10:00:00,70.33244997862758,67.09412,65.97760240356745,67.09412
2026-08-02 10:15:00,63.60651397526398,68.48214,71.33765712001309,68.48214
2026-08-02 10:30:00,58.07919848547795,65.574356,65.32169949850993,65.574356
2026-08-02 10:45:00,68.19618119943684,67.73758,67.06445416933057,67.73758
2026-08-02 11:00:00,46.5925476571306,64.36371,64.60959711225308,64.36371
2026-08-02 11:15:00,64.20956357569632,64.489235,65.21344085292581,64.489235
2026-08-02 11:30:00,70.42592297162997,64.4658,66.98207346349203,64.4658
2026-08-02 11:45:00,63.97429553752781,64.98063,66.27247162412816,64.98063
2026-08-02 12:00:00,59.955417435622834,66.28731,66.21663448033452,66.28731
2026-08-02 12:15:00,62.99879277677543,64.94201,65.54233128290471,64.94201
2026-08-02 12:30:00,70.00145657307417,66.62079,65.58624032674881,66.62079
2026-08-02 12:45:00,64.22472011508398,64.79649,65.3255607953687,64.79649
2026-08-02 13:00:00,74.49278457227084,63.561134,64.71100729103931,63.561134
2026-08-02 13:15:00,73.45526702276302,65.63186,64.83396244443355,65.63186
2026-08-02 13:30:00,67.3284778252508,65.510155,64.34376450191223,65.510155
2026-08-02 13:45:00,53.98722274675424,65.08443,64.27355018821454,65.08443
2026-08-02 14:00:00,57.911754269700666,64.02007,64.7974973303174,64.02007
2026-08-02 14:15:00,67.83277232048167,67.29274,67.11361154546483,67.29274
2026-08-02 14:30:00,51.442816686195656,65.839516,66.47156254325712,65.839516
2026-08-02 14:45:00,66.12300507802279,65.27075,65.23562651850663,65.27075
2026-08-02 15:00:00,57.82756980944661,62.954987,63.876113738517546,62.954987
2026-08-02 15:15:00,67.56383495230195,66.114334,65.06758370788317,66.114334
2026-08-02 15:30:00,76.62877433606864,66.734726,65.54011036393783,66.734726
2026-08-02 15:45:00,70.47173731053161,67.746544,65.84622245093128,67.746544
2026-08-02 16:00:00,72.78712844425412,65.87743,65.59948828439899,65.87743
2026-08-02 16:15:00,67.54055696747886,67.527374,69.2682240468582,67.527374
2026-08-02 16:30:00,70.30914427115462,66.06797,65.86066104351498,66.06797
2026-08-02 16:45:00,61.504479302305015,65.44844,65.68392159272526,65.44844
2026-08-02 17:00:00,61.57096247636868,66.69883,67.30498198570261,66.69883
2026-08-02 17:15:00,55.1557194132558,66.085754,66.04288122635089,66.085754
2026-08-02 17:30:00,71.18384073300501,63.88044,64.91794821474073,63.88044
2026-08-02 17:45:00,63.969051511016886,64.73899,64.91960244169685,64.73899
2026-08-02 18:00:00,141.96635528963188,136.28445,131.12633655527037,136.28445
2026-08-02 18:15:00,138.56120327241263,127.1187,127.9800644664992,127.1187
2026-08-02 18:30:00,133.25233711318327,118.247765,122.0991536564197,118.247765
2026-08-02 18:45:00,141.8038464311129,140.22597,139.2007757695139,140.22597
2026-08-02 19:00:00,128.9027760988674,140.0038,139.26627753312096,140.0038
2026-08-02 19:15:00,128.49792080382238,135.56575,136.9235194910012,135.56575
2026-08-02 19:30:00,139.30004593963193,136.64694,136.96776869458063,136.64694
2026-08-02 19:45:00,136.6654067380793,137.1817,138.48523918149561,137.1817
2026-08-02 20:00:00,139.597149722011,141.9314,141.59287124210044,141.9314
2026-08-02 20:15:00,140.7656944566234,139.30066,141.30812578125568,139.30066
2026-08-02 20:30:00,143.54508012723642,140.03175,140.7713525114761,140.03175
2026-08-02 20:45:00,145.41286458148733,140.97542,140.90987391191373,140.97542
2026-08-02 21:00:00,133.7608095166248,139.56998,140.4365665674536,139.56998
2026-08-02 21:15:00,161.5497521255303,139.19629,139.62647656629952,139.19629
2026-08-02 21:30:00,135.86767360312612,139.5729,139.48549298253818,139.5729
2026-08-02 21:45:00,175.24289735965624,140.05856,139.68708092403457,140.05856
2026-08-02 22:00:00,133.8522014011877,142.06377,140.89168268570782,142.06377
2026-08-02 22:15:00,132.62780571851437,140.00433,140.2430174002008,140.00433
2026-08-02 22:30:00,145.40705172655822,139.85893,140.6473929507404,139.85893
2026-08-02 22:45:00,152.05886081485392,137.82193,139.5744512603504,137.82193
2026-08-02 23:00:00,144.25253524569018,140.47925,139.57893826743893,140.47925
2026-08-02 23:15:00,144.5107947374224,140.06978,140.18812661689378,140.06978
2026-08-02 23:30:00,156.51667206596724,140.01746,140.48962784831744,140.01746
2026-08-02 23:45:00,116.89980726293534,140.24492,140.88809955383053,140.24492
2026-08-03 00:00:00,66.67467113705996,64.77558,64.11085322846388,64.77558
2026-08-03 00:15:00,66.19850488963706,64.38171,64.72337445617828,64.38171
2026-08-03 00:30:00,63.03293740420112,66.47458,67.12892202320234,66.47458
2026-08-03 00:45:00,52.6769901851572,65.727036,66.27579984525454,65.727036
2026-08-03 01:00:00,72.61886853414849,64.800644,65.00601741940224,64.800644
2026-08-03 01:15:00,61.48734869264939,64.43875,64.06513648258606,64.43875
2026-08-03 01:30:00,71.4157264794919,67.307106,71.82426919645329,67.307106
2026-08-03 01:45:00,72.65578850293429,65.58324,64.91023495577107,65.58324
2026-08-03 02:00:00,49.09028743321309,64.44553,65.14807109471417,64.44553
2026-08-03 02:15:00,50.95567314901399,64.509514,62.920257397833026,64.509514
2026-08-03 02:30:00,67.1816047132032,63.89787,63.58960642203205,63.89787
2026-08-03 02:45:00,58.613697725817225,64.618774,63.6659381699521,64.618774
2026-08-03 03:00:00,63.95094774732566,66.779465,65.8410174582361,66.779465
2026-08-03 03:15:00,58.98337852603815,65.511925,64.92591629321444,65.511925
2026-08-03 03:30:00,58.25432710979011,67.456184,62.22932050594954,67.456184
2026-08-03 03:45:00,58.03090152054519,64.12766,64.57437034031236,64.12766
2026-08-03 04:00:00,56.08439080747588,63.64314,64.09650785049783,63.64314
2026-08-03 04:15:00,64.94927705605069,63.665985,65.17122113655653,63.665985
2026-08-03 04:30:00,64.65205332367972,65.15865,65.10299558983826,65.15865
2026-08-03 04:45:00,79.76952155466319,64.62793,65.63731629181758,64.62793
2026-08-03 05:00:00,60.08768495538875,65.73123,65.92910915539382,65.73123
2026-08-03 05:15:00,65.71321811478859,65.35469,66.0101755780811,65.35469
2026-08-03 05:30:00,68.5457094756949,65.70733,65.60399279954898,65.70733
2026-08-03 05:45:00,74.9908602057157,66.19229,65.52121533381107,66.19229
2026-08-03 06:00:00,138.19220595094984,143.25005,142.02030432914881,143.25005
2026-08-03 06:15:00,112.64954156809064,132.4634,134.7591220431508,132.4634
2026-08-03 06:30:00,130.52536047599855,140.26979,139.47055359103484,140.26979
2026-08-03 06:45:00,137.88004449523388,145.0755,148.47396151869575,145.0755
2026-08-03 07:00:00,108.09109289002792,118.84439,85.24694822085989,118.84439
2026-08-03 07:15:00,116.4829920233661,116.228264,118.24253231999478,116.228264
2026-08-03 07:30:00,120.47531450942265,86.37601,87.43546477877246,86.37601
2026-08-03 07:45:00,80.1777427805411,117.81144,122.65048510937591,117.81144
2026-08-03 08:00:00,340.9986723537543,203.28682,194.9840267328318,203.28682
2026-08-03 08:15:00,333.2051727395583,276.44055,284.49345836018347,276.44055
2026-08-03 08:30:00,331.0649101801305,342.98743,372.5367464296508,342.98743
2026-08-03 08:45:00,326.7241999118313,225.00479,121.76715907886293,225.00479
2026-08-03 09:00:00,314.8423991181951,331.72015,338.1119022514049,331.72015
2026-08-03 09:15:00,320.2762986951051,333.6222,340.0992532107329,333.6222
2026-08-03 09:30:00,336.16878746759403,338.14572,338.95012096384977,338.14572
2026-08-03 09:45:00,319.7535885512864,328.07642,335.7813935666302,328.07642
2026-08-03 10:00:00,309.13656424357634,300.11105,303.9306071833211,300.11105
2026-08-03 10:15:00,306.56423566262634,305.62097,307.4415889397017,305.62097
2026-08-03 10:30:00,310.89395402079765,305.19864,307.02206576017403,305.19864
2026-08-03 10:45:00,308.37327955312094,301.82733,305.97783714215745,301.82733
2026-08-03 11:00:00,312.1653396999574,307.2246,305.2248702788446,307.2246
2026-08-03 11:15:00,311.61005568106407,305.13287,304.47498803125745,305.13287
2026-08-03 11:30:00,308.91379937544986,305.8551,305.4699236688545,305.8551
2026-08-03 11:45:00,307.3369329064287,301.96622,301.30595031371365,301.96622
2026-08-03 12:00:00,323.3791487419314,299.1632,295.424740747072,299.1632
2026-08-03 12:15:00,301.95237825258266,303.1256,299.2060234389195,303.1256
2026-08-03 12:30:00,312.1601119195748,305.6389,299.6053152026169,305.6389
2026-08-03 12:45:00,301.69486413513573,307.55035,300.3041755143687,307.55035
2026-08-03 13:00:00,317.4454877856759,304.01135,299.61787735189955,304.01135
2026-08-03 13:15:00,303.6400127920191,306.0393,301.8513693669764,306.0393
2026-08-03 13:30:00,310.8547935872198,305.7578,300.3431219464193,305.7578
2026-08-03 13:45:00,304.4090962237776,304.6977,299.57401780631244,304.6977
2026-08-03 14:00:00,285.3427846118384,298.3447,289.99378357935973,298.3447
2026-08-03 14:15:00,312.17358529542497,301.27823,301.0041514990904,301.27823
2026-08-03 14:30:00,311.5885425308239,302.58762,299.96621858833515,302.58762
2026-08-03 14:45:00,303.4580778777229,299.23685,298.6850692641714,299.23685
2026-08-03 15:00:00,292.99593814969023,295.07333,295.55894738501155,295.07333
2026-08-03 15:15:00,314.3170097374256,291.58832,290.6808186802563,291.58832
2026-08-03 15:30:00,297.5051882510251,290.84366,290.82062219821927,290.84366
2026-08-03 15:45:00,299.27723518229675,298.3532,298.14687526740227,298.3532
2026-08-03 16:00:00,301.50502844089954,296.66443,297.3220267027648,296.66443
2026-08-03 16:15:00,285.764853309061,291.63007,290.8439110551551,291.63007
2026-08-03 16:30:00,278.4998107385598,299.6975,299.2883358628894,299.6975
2026-08-03 16:45:00,297.2232404265227,293.81454,292.53845612115094,293.81454
2026-08-03 17:00:00,306.8659512273716,295.76495,293.8364198410584,295.76495
2026-08-03 17:15:00,295.3323283492182,292.5715,289.5983512814994,292.5715
2026-08-03 17:30:00,270.9009464971815,289.51685,288.6343534793132,289.51685
2026-08-03 17:45:00,296.6640345958361,285.4189,285.0491209941184,285.4189
2026-08-03 18:00:00,146.58774008241704,146.71065,145.69504338912583,146.71065
2026-08-03 18:15:00,119.642972016777,144.71638,150.0332530608531,144.71638
2026-08-03 18:30:00,139.8266825319673,147.30432,151.300619032572,147.30432
2026-08-03 18:45:00,147.43857456168314,153.04124,150.50928553963925,153.04124
2026-08-03 19:00:00,119.99108152976996,133.04482,137.31907199855118,133.04482
2026-08-03 19:15:00,118.84971809094657,138.82973,136.33487611503617,138.82973
2026-08-03 19:30:00,140.23514046827685,140.85112,135.7937814237833,140.85112
2026-08-03 19:45:00,152.16112377586785,141.16728,164.8686197600073,141.16728
2026-08-03 20:00:00,126.65840938647226,142.04802,138.2904435926092,142.04802
2026-08-03 20:15:00,145.46723806968637,141.32765,138.41576724476988,141.32765
2026-08-03 20:30:00,141.01179820250405,141.025,140.6633310754054,141.025
2026-08-03 20:45:00,145.55325409527512,141.9489,140.81337845428055,141.9489
2026-08-03 21:00:00,142.14181676941368,139.30803,138.98264207821592,139.30803
2026-08-03 21:15:00,131.80415363550262,140.26965,141.32320402926607,140.26965
2026-08-03 21:30:00,130.8913933937229,142.42784,141.14218227176576,142.42784
2026-08-03 21:45:00,146.95255605047538,148.91641,145.2566429637159,148.91641
2026-08-03 22:00:00,130.28067514513455,139.88243,140.4154501190225,139.88243
2026-08-03 22:15:00,145.46389458048287,140.6053,141.0604107623008,140.6053
2026-08-03 22:30:00,140.53660568182042,141.04482,141.68193321274984,141.04482
2026-08-03 22:45:00,158.08327844513244,143.91364,143.78778612300638,143.91364
2026-08-03 23:00:00,129.8695691654686,142.15955,141.51510693621427,142.15955
2026-08-03 23:15:00,163.0757136708541,140.89764,140.96697751422903,140.89764
2026-08-03 23:30:00,149.75996439651712,140.11407,140.12910724642538,140.11407
2026-08-03 23:45:00,141.77060052904437,140.81677,140.09923184066042,140.81677
2026-08-04 00:00:00,55.53998347616539,66.361595,64.70386673730911,66.361595
2026-08-04 00:15:00,64.54284871004033,67.163475,60.21305685626152,67.163475
2026-08-04 00:30:00,56.9159794729168,64.68358,66.00024457183271,64.68358
2026-08-04 00:45:00,74.87166476218778,67.02098,69.80190926874046,67.02098
2026-08-04 01:00:00,67.1870916311127,65.43542,66.45739044469418,65.43542
2026-08-04 01:15:00,74.16091975689118,65.65879,65.64441708308212,65.65879
2026-08-04 01:30:00,75.38191442462366,64.5991,65.52290017168883,64.5991
2026-08-04 01:45:00,66.66579100547774,67.10527,68.13848276065599,67.10527
2026-08-04 02:00:00,65.32208609949055,65.550285,65.09682626291476,65.550285
2026-08-04 02:15:00,60.95122638703061,65.13727,65.04695495973405,65.13727
2026-08-04 02:30:00,59.89163947664604,64.95491,65.34605616651304,64.95491
2026-08-04 02:45:00,53.05747524834938,63.59972,64.8996137056058,63.59972
2026-08-04 03:00:00,59.92107133054225,66.191765,65.59556397553483,66.191765
2026-08-04 03:15:00,56.28249289451759,66.36859,65.33823299240444,66.36859
2026-08-04 03:30:00,62.53556631386199,65.74975,66.02551145029112,65.74975
2026-08-04 03:45:00,53.8318197595121,63.657364,64.09870764581193,63.657364
2026-08-04 04:00:00,66.0857142669523,64.999084,64.00703315342925,64.999084
2026-08-04 04:15:00,46.5900522116855,65.761284,64.60463000517382,65.761284
2026-08-04 04:30:00,50.61434788147328,63.76471,64.19478901243993,63.76471
2026-08-04 04:45:00,72.59314373210356,64.42255,64.94648413441507,64.42255
2026-08-04 05:00:00,65.5821239003409,65.59756,65.88408882816229,65.59756
2026-08-04 05:15:00,78.18684710933542,64.43482,66.0895904648763,64.43482
2026-08-04 05:30:00,75.31195337361815,64.11819,64.17890116457103,64.11819
2026-08-04 05:45:00,64.64074403508033,65.050316,64.80414107688462,65.050316
2026-08-04 06:00:00,122.86586899769948,122.62142,124.36825238454983,122.62142
2026-08-04 06:15:00,123.4766434329332,133.00931,121.54050201383565,133.00931
2026-08-04 06:30:00,104.7756875283618,119.369705,116.05186699777757,119.369705
2026-08-04 06:45:00,128.2892952385546,126.641846,128.33550240426504,126.641846
2026-08-04 07:00:00,116.67012462370828,118.15352,113.6288816361496,118.15352
2026-08-04 07:15:00,117.32992754679655,110.961235,115.91204539014305,110.961235
2026-08-04 07:30:00,142.593493030431,140.7332,139.48860510497147,140.7332
2026-08-04 07:45:00,137.66915860456285,88.49733,81.13784251117647,88.49733
2026-08-04 08:00:00,332.68851614192295,319.82864,326.41517650220345,319.82864
2026-08-04 08:15:00,318.3088088101923,338.26556,334.2117094053274,338.26556
2026-08-04 08:30:00,333.50294667179946,307.86066,320.79404162345867,307.86066
2026-08-04 08:45:00,335.1535530825554,339.66336,304.48662019473005,339.66336
2026-08-04 09:00:00,326.8755748554143,328.6516,338.3282626850805,328.6516
2026-08-04 09:15:00,330.45196329702856,338.1139,337.62229528631144,338.1139
2026-08-04 09:30:00,313.33404466624665,321.95703,327.80776112370376,321.95703
2026-08-04 09:45:00,319.4105861562745,335.01123,333.9896674903969,335.01123
2026-08-04 10:00:00,294.99035229597223,293.7683,295.9291537056258,293.7683
2026-08-04 10:15:00,316.3437717526037,303.32996,303.38753732899045,303.32996
2026-08-04 10:30:00,325.2268203604549,303.4671,304.03092950681565,303.4671
2026-08-04 10:45:00,303.7431164202069,303.9553,303.6738718879835,303.9553
2026-08-04 11:00:00,275.52199196583865,297.13495,297.4403910319496,297.13495
2026-08-04 11:15:00,294.2195897976336,303.88922,304.7639070340854,303.88922
2026-08-04 11:30:00,312.86405374324033,304.5662,303.4815678975712,304.5662
2026-08-04 11:45:00,325.2335878767084,302.9942,304.36227329731355,302.9942
2026-08-04 12:00:00,299.5063561122616,298.7897,300.3156618139182,298.7897
2026-08-04 12:15:00,298.44157789428453,298.26392,297.7234976997229,298.26392
2026-08-04 12:30:00,298.6705272002661,296.04987,296.71913839424525,296.04987
2026-08-04 12:45:00,320.33292707800354,301.81387,304.638788238131,301.81387
2026-08-04 13:00:00,298.2767458962547,304.45984,302.34199417151984,304.45984
2026-08-04 13:15:00,302.26326942562105,302.50827,303.1896608193069,302.50827
2026-08-04 13:30:00,309.4725242307438,299.1613,300.7965135327044,299.1613
2026-08-04 13:45:00,285.01041018729694,299.3513,301.52178053960296,299.3513
2026-08-04 14:00:00,316.74567051246464,302.2968,304.22578870009835,302.2968
2026-08-04 14:15:00,321.6355368928413,303.32538,304.2115422559635,303.32538
2026-08-04 14:30:00,290.39575790514914,298.4483,299.0840810006449,298.4483
2026-08-04 14:45:00,298.14132166510365,299.50653,301.2506004815054,299.50653
2026-08-04 15:00:00,283.4274589791472,292.06882,292.1204206272403,292.06882
2026-08-04 15:15:00,307.0965350912105,297.25204,298.76464296724174,297.25204
2026-08-04 15:30:00,292.9269902100744,291.45825,292.641142111632,291.45825
2026-08-04 15:45:00,323.5029179719518,293.6824,295.6514706754459,293.6824
2026-08-04 16:00:00,308.62462186150617,296.65997,297.1683056837472,296.65997
2026-08-04 16:15:00,297.8177604232492,290.83734,292.1242026546997,290.83734
2026-08-04 16:30:00,287.16838303628515,297.42035,300.16321749582306,297.42035
2026-08-04 16:45:00,296.6306779512514,296.0793,296.71851553135497,296.0793
2026-08-04 17:00:00,308.8052796260198,289.10074,289.6846358153513,289.10074
2026-08-04 17:15:00,298.0500787720826,297.09222,295.51657632092446,297.09222
2026-08-04 17:30:00,293.1965931419836,291.2366,291.96143829342964,291.2366
2026-08-04 17:45:00,295.83380858019666,294.71722,291.7491500804557,294.71722
2026-08-04 18:00:00,145.04022113804115,133.46399,137.4330276635636,133.46399
2026-08-04 18:15:00,139.14912108514991,137.64034,143.15015895772635,137.64034
2026-08-04 18:30:00,136.13368168964783,142.71153,147.18544940897863,142.71153
2026-08-04 18:45:00,138.31882663356694,147.66895,139.326148478247,147.66895
2026-08-04 19:00:00,150.6061654976994,133.56133,135.40225572661828,133.56133
2026-08-04 19:15:00,125.75255313089748,140.78532,139.39238260869934,140.78532
2026-08-04 19:30:00,140.34310366912035,139.86172,135.56438720739115,139.86172
2026-08-04 19:45:00,130.2485416752952,139.78302,152.40146815551043,139.78302
2026-08-04 20:00:00,127.66574443770932,138.20042,154.6423451133859,138.20042
2026-08-04 20:15:00,124.87343724749084,142.31787,137.46753301134854,142.31787
2026-08-04 20:30:00,142.56110433652918,140.39297,137.06142757798898,140.39297
2026-08-04 20:45:00,153.0675439651659,140.66724,140.2803609343948,140.66724
2026-08-04 21:00:00,151.89945729709962,138.76648,138.59209496938408,138.76648
2026-08-04 21:15:00,137.19155692343642,139.40048,139.58128777251324,139.40048
2026-08-04 21:30:00,150.6593243324596,140.09799,139.9902186812433,140.09799
2026-08-04 21:45:00,127.74810991263826,136.34702,135.27991420315297,136.34702
2026-08-04 22:00:00,170.68906513688424,138.73,140.33822240281097,138.73
2026-08-04 22:15:00,151.32460860789544,140.36505,140.1401812012339,140.36505
2026-08-04 22:30:00,115.81988246011606,139.91833,140.64852710306158,139.91833
2026-08-04 22:45:00,158.21160230474362,142.12164,141.51109213345657,142.12164
2026-08-04 23:00:00,126.8267570436401,140.94205,138.84400307801818,140.94205
2026-08-04 23:15:00,151.9789032885917,140.30687,142.31408382066945,140.30687
2026-08-04 23:30:00,132.66415437107526,141.42667,141.01310298625705,141.42667
2026-08-04 23:45:00,142.3619200019046,139.41933,140.03577272842324,139.41933
2026-08-05 00:00:00,56.26244491870479,66.9786,68.30670513559848,66.9786
2026-08-05 00:15:00,66.89976500661646,67.87571,66.05764689192426,67.87571
2026-08-05 00:30:00,66.28369081361672,65.1355,64.39210726085486,65.1355
2026-08-05 00:45:00,67.55190122606913,69.47715,68.68257734016072,69.47715
2026-08-05 01:00:00,67.39601802552829,65.12128,64.62970930781597,65.12128
2026-08-05 01:15:00,58.7872345639188,64.65501,65.18599415596647,64.65501
2026-08-05 01:30:00,65.09778653165057,66.24372,66.12474581793731,66.24372
2026-08-05 01:45:00,58.4603292827786,65.87206,66.44532341324047,65.87206
2026-08-05 02:00:00,80.18853111169446,65.01986,66.30388585797739,65.01986
2026-08-05 02:15:00,69.97842606373914,63.880733,64.31280451981337,63.880733
2026-08-05 02:30:00,64.8011877985889,65.577995,64.62188818670589,65.577995
2026-08-05 02:45:00,66.51769283826545,63.8856,64.73823032469238,63.8856
2026-08-05 03:00:00,53.69114396806984,66.55462,66.90583888506407,66.55462
2026-08-05 03:15:00,55.14575109688633,65.87697,65.94920400132429,65.87697
2026-08-05 03:30:00,57.524079114355246,65.281876,65.63466807766905,65.281876
2026-08-05 03:45:00,72.13873232812621,65.71766,65.0331985179932,65.71766
2026-08-05 04:00:00,86.83746543231712,65.165436,66.17778693655626,65.165436
2026-08-05 04:15:00,52.930521130992666,65.1206,64.96091871252939,65.1206
2026-08-05 04:30:00,64.79812508310555,64.98568,64.94718762279598,64.98568
2026-08-05 04:45:00,48.742606657274976,65.21109,65.03376234022335,65.21109
2026-08-05 05:00:00,52.53466664082372,67.75533,66.57690788144471,67.75533
2026-08-05 05:15:00,67.59901461277926,65.432274,65.48924274259278,65.432274
2026-08-05 05:30:00,62.97664589427341,65.70741,65.71060695317225,65.70741
2026-08-05 05:45:00,69.09466458423199,64.65424,64.7463870420184,64.65424
2026-08-05 06:00:00,133.29478856823008,126.616165,131.10194648807277,126.616165
2026-08-05 06:15:00,130.7485520795315,123.57703,122.37716959373164,123.57703
2026-08-05 06:30:00,93.7283855045474,109.15957,114.69152526997019,109.15957
2026-08-05 06:45:00,123.61914047765362,122.53073,125.84025067482403,122.53073
2026-08-05 07:00:00,142.27675532166202,136.39922,137.83343268498882,136.39922
2026-08-05 07:15:00,108.71761133010088,116.0419,118.13356328154558,116.0419
2026-08-05 07:30:00,105.13435182297036,119.01143,119.31714622030096,119.01143
2026-08-05 07:45:00,121.77779645546254,110.56036,108.54067485439265,110.56036
2026-08-05 08:00:00,323.7306691198785,325.57736,335.58805693992247,325.57736
2026-08-05 08:15:00,321.4324901084655,339.33975,257.5159438136091,339.33975
2026-08-05 08:30:00,336.50392120402364,321.8021,316.1169516665124,321.8021
2026-08-05 08:45:00,344.13124344675884,340.03394,341.59279840247706,340.03394
2026-08-05 09:00:00,332.8747500196264,333.06534,337.33500710054534,333.06534
2026-08-05 09:15:00,318.1369146672094,334.71655,327.88797628462476,334.71655
2026-08-05 09:30:00,319.8691046740119,326.01047,336.32612403288937,326.01047
2026-08-05 09:45:00,308.73384878672977,335.56467,337.00077381423426,335.56467
2026-08-05 10:00:00,301.34935231908383,295.22467,301.16290348886275,295.22467
2026-08-05 10:15:00,306.3627289170764,301.54517,303.2247603326243,301.54517
2026-08-05 10:30:00,306.1275080744778,304.4543,303.7552302693232,304.4543
2026-08-05 10:45:00,310.2499334081612,304.23172,304.38110957650747,304.23172
2026-08-05 11:00:00,316.6687434492906,305.15475,305.060042898836,305.15475
2026-08-05 11:15:00,305.9947033701127,303.38248,303.2907782078943,303.38248
2026-08-05 11:30:00,302.70614056688686,304.02002,303.3310010961028,304.02002
2026-08-05 11:45:00,304.8026351604585,303.6895,303.7430422634856,303.6895
2026-08-05 12:00:00,313.57580580723004,305.79398,302.12971429869066,305.79398
2026-08-05 12:15:00,298.2512253874808,300.567,299.1173694715404,300.567
2026-08-05 12:30:00,296.7593698122224,303.28854,302.30432344946547,303.28854
2026-08-05 12:45:00,313.3488955447191,303.7057,300.8637433072197,303.7057
2026-08-05 13:00:00,300.76637686610536,298.0323,294.28182001206136,298.0323
2026-08-05 13:15:00,304.4753900506309,302.55167,303.93760367705397,302.55167
2026-08-05 13:30:00,325.15212619823603,303.08884,304.0172766733889,303.08884
2026-08-05 13:45:00,303.4556874663998,307.5031,302.50415750404346,307.5031
2026-08-05 14:00:00,301.17967253063034,302.362,300.3808993275851,302.362
2026-08-05 14:15:00,309.8218332700077,306.0537,303.00653158063744,306.0537
2026-08-05 14:30:00,281.657985508049,301.72183,297.89406355734474,301.72183
2026-08-05 14:45:00,315.06833182057136,299.7835,300.96292736844566,299.7835
2026-08-05 15:00:00,315.4454489544321,303.15744,302.39264155456164,303.15744
2026-08-05 15:15:00,266.946791096815,296.653,297.06891713643574,296.653
2026-08-05 15:30:00,299.884398164791,297.97977,298.1562433999906,297.97977
2026-08-05 15:45:00,308.4214819534913,299.29047,298.99529686848973,299.29047
2026-08-05 16:00:00,287.31431879473774,301.07745,301.7555235792422,301.07745
2026-08-05 16:15:00,309.94238495103207,298.37994,301.1521813399636,298.37994
2026-08-05 16:30:00,291.0711849741012,302.28912,303.5232631735193,302.28912
2026-08-05 16:45:00,287.0861528101578,291.24948,290.2141059474968,291.24948
2026-08-05 17:00:00,306.39480777384466,296.25375,293.2686184068149,296.25375
2026-08-05 17:15:00,305.7096066515839,295.87698,295.8724757638363,295.87698
2026-08-05 17:30:00,313.93371384446976,296.3671,295.2361198825885,296.3671
2026-08-05 17:45:00,306.2240878385755,291.86365,291.10721052016874,291.86365
2026-08-05 18:00:00,147.09274701571968,144.6103,146.63531513731127,144.6103
2026-08-05 18:15:00,152.48892275666634,135.99635,142.56465474538336,135.99635
2026-08-05 18:30:00,158.26022970641716,132.1948,144.22141757062727,132.1948
2026-08-05 18:45:00,143.89702391290723,141.03177,141.58881259114764,141.03177
2026-08-05 19:00:00,153.6672087114196,136.07552,135.7083584693667,136.07552
2026-08-05 19:15:00,131.02275842032304,134.75735,133.21046050528537,134.75735
2026-08-05 19:30:00,127.75411599108396,135.01146,133.4100347048405,135.01146
2026-08-05 19:45:00,131.249935669689,138.59961,132.9571297331781,138.59961
2026-08-05 20:00:00,133.5221220295682,138.8485,132.56502129970835,138.8485
2026-08-05 20:15:00,125.00639373425956,136.7623,155.08499336629066,136.7623
2026-08-05 20:30:00,116.77894674271364,141.87398,136.9163099167703,141.87398
2026-08-05 20:45:00,126.25772262324146,141.81673,138.66000190625897,141.81673
2026-08-05 21:00:00,119.55729944846784,140.4251,140.40369989423314,140.4251
2026-08-05 21:15:00,135.77396583482508,139.69933,139.29336920199492,139.69933
2026-08-05 21:30:00,151.5917473312283,140.53502,140.44990169288653,140.53502
2026-08-05 21:45:00,126.26968769773428,140.19875,140.1536539908244,140.19875
2026-08-05 22:00:00,120.5329990611605,144.21275,142.62795320574207,144.21275
2026-08-05 22:15:00,124.4218058084174,141.89676,142.399872262711,141.89676
2026-08-05 22:30:00,130.5358568468169,136.59187,140.91738336013583,136.59187
2026-08-05 22:45:00,149.81444191665247,140.30054,140.95428485552574,140.30054
2026-08-05 23:00:00,147.85395892660554,140.89857,140.7627294883937,140.89857
2026-08-05 23:15:00,126.49380310619595,140.97801,140.85396653575896,140.97801
2026-08-05 23:30:00,136.72533590112658,141.54437,140.534841969555,141.54437
2026-08-05 23:45:00,126.61981128488222,139.92795,140.38653181473217,139.92795
2026-08-06 00:00:00,70.60421085202574,66.45483,67.19994682354528,66.45483
2026-08-06 00:15:00,71.05909849265353,64.486435,65.11038036805661,64.486435
2026-08-06 00:30:00,71.76774379147373,66.54878,65.72565988803157,66.54878
2026-08-06 00:45:00,48.78405091396503,68.12925,68.07628893326337,68.12925
2026-08-06 01:00:00,55.598270076668406,64.173874,65.52702211360636,64.173874
2026-08-06 01:15:00,70.66437332586656,64.90789,65.65322322144758,64.90789
2026-08-06 01:30:00,48.19299908805041,64.68618,65.67503391414867,64.68618
2026-08-06 01:45:00,67.46193111447094,68.93575,67.22638454351674,68.93575
2026-08-06 02:00:00,63.486986711673424,65.699524,65.89776610947786,65.699524
2026-08-06 02:15:00,58.21187005972804,65.210106,66.06900525283197,65.210106
2026-08-06 02:30:00,57.97530596217205,64.10409,65.25253679721155,64.10409
2026-08-06 02:45:00,60.65190580468992,64.94498,65.8595338635061,64.94498
2026-08-06 03:00:00,72.09197985522142,67.57272,67.08191619605432,67.57272
2026-08-06 03:15:00,72.57737880570588,65.06634,65.09463006894889,65.06634
2026-08-06 03:30:00,73.52550270300326,64.07464,65.15709269829624,64.07464
2026-08-06 03:45:00,52.76010075299788,65.39775,65.33436240514135,65.39775
2026-08-06 04:00:00,64.75798934228311,66.20692,63.76714933030509,66.20692
2026-08-06 04:15:00,55.9846688841808,65.70386,64.36337086354185,65.70386
2026-08-06 04:30:00,79.45560839838136,64.916336,65.1910865875247,64.916336
2026-08-06 04:45:00,68.6743571549861,64.49533,64.43541213854598,64.49533
2026-08-06 05:00:00,72.72348376149898,66.883095,66.36304002425611,66.883095
2026-08-06 05:15:00,56.859169329471726,65.378555,65.45549661842354,65.378555
2026-08-06 05:30:00,61.095965942034354,66.84206,65.48342149881768,66.84206
2026-08-06 05:45:00,61.17414807109776,64.44932,64.53522171937337,64.44932
2026-08-06 06:00:00,147.76780133654373,140.94742,140.56106335222773,140.94742
2026-08-06 06:15:00,110.32733666680748,120.19378,120.560008589671,120.19378
2026-08-06 06:30:00,145.795173711902,117.85951,87.38845322368185,117.85951
2026-08-06 06:45:00,145.3700466055029,139.25272,138.6591511340876,139.25272
2026-08-06 07:00:00,107.66569687285,107.28034,105.44900393847033,107.28034
2026-08-06 07:15:00,107.91158898969567,117.175964,121.31022166246046,117.175964
2026-08-06 07:30:00,104.16196652914893,108.90264,118.34881618042307,108.90264
2026-08-06 07:45:00,120.49622159708817,121.29667,122.72892901159437,121.29667
2026-08-06 08:00:00,325.1144847471339,313.53317,246.035472548093,313.53317
2026-08-06 08:15:00,311.4651316172938,300.13913,229.9193999903367,300.13913
2026-08-06 08:30:00,316.9872307801008,333.44376,336.55932503059694,333.44376
2026-08-06 08:45:00,314.11224398678047,329.34515,333.8281041481843,329.34515
2026-08-06 09:00:00,318.2573908183982,329.81677,328.98119873336634,329.81677
2026-08-06 09:15:00,325.6383969518919,334.16565,334.56133859727805,334.16565
2026-08-06 09:30:00,327.3376452056401,334.8733,334.1594033354582,334.8733
2026-08-06 09:45:00,328.14259150631057,327.6602,337.4479677318944,327.6602
2026-08-06 10:00:00,305.53350866455446,290.80078,291.65685350319893,290.80078
2026-08-06 10:15:00,300.9171350603221,301.35577,305.0525533765015,301.35577
2026-08-06 10:30:00,317.88164169057575,303.7156,302.38247364312446,303.7156
2026-08-06 10:45:00,313.9692429670792,303.9421,303.644410997196,303.9421
2026-08-06 11:00:00,308.8234643505574,303.77185,303.90456315017616,303.77185
2026-08-06 11:15:00,316.8778488963371,303.77673,302.5902418346991,303.77673
2026-08-06 11:30:00,304.8209204149639,304.27454,302.3150764106197,304.27454
2026-08-06 11:45:00,287.6369269582538,302.8331,303.49563676302506,302.8331
2026-08-06 12:00:00,306.81665074535647,303.63794,300.04217215691205,303.63794
2026-08-06 12:15:00,294.6060858578269,305.6577,302.36156728256674,305.6577
2026-08-06 12:30:00,292.00106783826993,305.4547,301.4374268088217,305.4547
2026-08-06 12:45:00,315.2090297178016,303.46594,300.7442700775434,303.46594
2026-08-06 13:00:00,278.57134298309154,302.56656,299.9298719622658,302.56656
2026-08-06 13:15:00,318.969263805129,300.18625,301.25778225644564,300.18625
2026-08-06 13:30:00,294.28636654627473,298.38177,297.2608514889086,298.38177
2026-08-06 13:45:00,305.2822850861853,302.9401,302.0394935878361,302.9401
2026-08-06 14:00:00,305.41565490553154,298.24277,298.8959283112461,298.24277
2026-08-06 14:15:00,299.9660097439909,301.75613,301.2764330575049,301.75613
2026-08-06 14:30:00,307.3453118411128,303.0942,304.0673206675837,303.0942
2026-08-06 14:45:00,307.95466764460133,301.57407,301.3309896055855,301.57407
2026-08-06 15:00:00,306.9770457910084,301.4626,302.12255448965493,301.4626
2026-08-06 15:15:00,291.7781597936839,301.06027,301.8607989049665,301.06027
2026-08-06 15:30:00,304.91913878215405,305.1992,303.62311166719394,305.1992
2026-08-06 15:45:00,287.4448483788331,295.0338,295.1144235480434,295.0338
2026-08-06 16:00:00,288.4977296824717,297.95624,297.675191540915,297.95624
2026-08-06 16:15:00,283.88564265920803,294.65594,294.51828545859945,294.65594
2026-08-06 16:30:00,308.875438891233,290.81598,291.8961839504606,290.81598
2026-08-06 16:45:00,294.67717258271114,296.95425,297.03430616195214,296.95425
2026-08-06 17:00:00,274.3969251545872,283.9983,283.700437121281,283.9983
2026-08-06 17:15:00,297.90966296728953,286.5761,286.52563470194303,286.5761
2026-08-06 17:30:00,287.2744465501464,289.3736,290.5012727169414,289.3736
2026-08-06 17:45:00,320.4929018179932,298.84732,298.25819255794045,298.84732
2026-08-06 18:00:00,132.8987109233741,147.15112,147.70539663109622,147.15112
2026-08-06 18:15:00,137.35787780844794,139.08153,145.04032580629956,139.08153
2026-08-06 18:30:00,137.34054133434472,143.35666,147.90072854210234,143.35666
2026-08-06 18:45:00,150.96651249615138,144.66919,140.2640337458496,144.66919
2026-08-06 19:00:00,157.66454158738162,136.02657,127.80771938918247,136.02657
2026-08-06 19:15:00,152.39156543944338,138.69894,136.26386421973706,138.69894
2026-08-06 19:30:00,153.1227331978508,139.27866,137.28871295054745,139.27866
2026-08-06 19:45:00,121.20677344672347,135.37001,134.05246137162354,135.37001
2026-08-06 20:00:00,130.80379009031608,136.84892,137.043856185311,136.84892
2026-08-06 20:15:00,107.70189006236936,140.91968,135.8974997010187,140.91968
2026-08-06 20:30:00,123.16436629435935,141.2807,143.06661814809783,141.2807
2026-08-06 20:45:00,145.256196386673,139.61736,139.1952045799283,139.61736
2026-08-06 21:00:00,127.55923673593344,140.33897,140.28815014358142,140.33897
2026-08-06 21:15:00,136.682360805952,140.59694,138.99907347133671,140.59694
2026-08-06 21:30:00,131.79249670885218,140.9393,140.68078088374546,140.9393
2026-08-06 21:45:00,142.58107718427078,140.66891,140.3655235101371,140.66891
2026-08-06 22:00:00,151.17199289055733,140.07219,139.44016467965076,140.07219
2026-08-06 22:15:00,154.63050388855353,140.8316,140.52402048300135,140.8316
2026-08-06 22:30:00,125.23289344732784,140.85773,139.99168149857195,140.85773
2026-08-06 22:45:00,156.8312536408277,141.59972,141.17847834454534,141.59972
2026-08-06 23:00:00,134.83552882300071,140.3729,140.72293253309596,140.3729
2026-08-06 23:15:00,139.76631728115376,139.68047,140.6030568526123,139.68047
2026-08-06 23:30:00,139.87773533861954,141.05486,141.04698582228636,141.05486
2026-08-06 23:45:00,133.9899842042314,141.05763,141.29439539229193,141.05763
2026-08-07 00:00:00,64.49230353062151,67.22815,66.94166019201684,67.22815
2026-08-07 00:15:00,59.39016792063892,65.43237,66.29339024276246,65.43237
2026-08-07 00:30:00,74.94101723690997,65.20651,66.38657905982112,65.20651
2026-08-07 00:45:00,63.095365999527054,66.09338,67.8220461432282,66.09338
2026-08-07 01:00:00,75.28519443584551,64.66587,64.5539779526954,64.66587
2026-08-07 01:15:00,61.114162101916726,65.13972,64.44932095706018,65.13972
2026-08-07 01:30:00,62.2675371469017,65.4418,66.13282110656569,65.4418
2026-08-07 01:45:00,56.670625041975846,64.357925,65.10353571797631,64.357925
2026-08-07 02:00:00,72.33784015165932,64.63656,65.39808007002807,64.63656
2026-08-07 02:15:00,58.92685469435531,64.682915,64.86588005675628,64.682915
2026-08-07 02:30:00,82.38182938024545,65.104774,64.74858549194266,65.104774
2026-08-07 02:45:00,55.22994783881834,64.64528,64.95794571749325,64.64528
2026-08-07 03:00:00,54.31837673271245,66.040016,66.45255154199918,66.040016
2026-08-07 03:15:00,71.41009717138971,65.48356,65.78949683122127,65.48356
2026-08-07 03:30:00,59.47208838162254,65.71266,66.73712656850671,65.71266
2026-08-07 03:45:00,73.93954950842476,65.50185,64.73699050212687,65.50185
2026-08-07 04:00:00,66.1346848598709,64.95015,65.61761466154863,64.95015
2026-08-07 04:15:00,61.57775778524769,65.60709,64.51524798657906,65.60709
2026-08-07 04:30:00,70.48887562749677,66.068825,66.03932303546941,66.068825
2026-08-07 04:45:00,57.63413373722153,64.857925,65.86368805839209,64.857925
2026-08-07 05:00:00,70.52375492088605,67.223465,66.47362326107049,67.223465
2026-08-07 05:15:00,67.77946118741775,66.49364,66.14291378062622,66.49364
2026-08-07 05:30:00,54.90629318040168,64.40712,65.12378237529678,64.40712
2026-08-07 05:45:00,52.60992997894462,64.22273,64.15087193221571,64.22273
2026-08-07 06:00:00,96.20461502374047,121.1639,116.57689922374922,121.1639
2026-08-07 06:15:00,119.42120330651257,129.68808,120.58863927192624,129.68808
2026-08-07 06:30:00,119.83942506708416,119.22784,119.26979011799818,119.22784
2026-08-07 06:45:00,126.26120089650844,126.96242,129.57707623662955,126.96242
2026-08-07 07:00:00,75.36546189581611,114.509186,109.57467378633557,114.509186
2026-08-07 07:15:00,119.94405072893429,118.24818,120.34442189019566,118.24818
2026-08-07 07:30:00,132.8114204057857,105.79574,119.5235844917706,105.79574
2026-08-07 07:45:00,101.81330331713548,109.87017,112.97930103055978,109.87017
2026-08-07 08:00:00,335.42842173233174,261.11368,187.5294702725566,261.11368
2026-08-07 08:15:00,300.6669856884692,321.90683,228.7593478662224,321.90683
2026-08-07 08:30:00,336.75810574937066,327.35208,249.95217092886958,327.35208
2026-08-07 08:45:00,339.27214897602016,331.82733,291.28068008828814,331.82733
2026-08-07 09:00:00,330.84880097984444,327.38556,330.1293160408152,327.38556
2026-08-07 09:15:00,327.1806473111909,334.98904,336.02427691733845,334.98904
2026-08-07 09:30:00,340.83456340508474,339.36597,338.03950463854017,339.36597
2026-08-07 09:45:00,314.32730424099486,332.6857,334.49596389554154,332.6857
2026-08-07 10:00:00,316.2119576812567,293.94928,299.51062454037924,293.94928
2026-08-07 10:15:00,289.30608394379146,302.67786,304.8379206017421,302.67786
2026-08-07 10:30:00,292.83749533124427,298.66486,298.7168414350513,298.66486
2026-08-07 10:45:00,304.13003163419285,302.55466,302.21206899161814,302.55466
2026-08-07 11:00:00,311.7207001052738,298.4552,297.0901099660085,298.4552
2026-08-07 11:15:00,293.507995012002,298.431,298.9011141623564,298.431
2026-08-07 11:30:00,298.0959998800139,300.7531,300.62489776268984,300.7531
2026-08-07 11:45:00,286.7776583597655,301.48465,301.7942267824402,301.48465
2026-08-07 12:00:00,304.7835227308617,299.8267,299.75724533114465,299.8267
2026-08-07 12:15:00,294.1507460439312,297.43588,298.0184160515826,297.43588
2026-08-07 12:30:00,300.60949832113545,303.24094,302.85631116439123,303.24094
2026-08-07 12:45:00,310.2990718283795,298.58252,298.27882973286916,298.58252
2026-08-07 13:00:00,290.6768233334811,291.2302,289.876513383381,291.2302
2026-08-07 13:15:00,298.4103001455229,301.06815,299.11472208806174,301.06815
2026-08-07 13:30:00,304.4547911808026,302.08585,303.40857764997406,302.08585
2026-08-07 13:45:00,298.0253210465921,303.4267,302.98312346696656,303.4267
2026-08-07 14:00:00,299.34988032632583,294.01553,294.4226470530867,294.01553
2026-08-07 14:15:00,293.4782942359786,301.43674,302.7600890110357,301.43674
2026-08-07 14:30:00,297.29539560824924,296.69037,297.5242016809824,296.69037
2026-08-07 14:45:00,305.3583969233567,300.32465,302.7107394694142,300.32465
2026-08-07 15:00:00,283.848049765341,294.57864,295.5886774666167,294.57864
2026-08-07 15:15:00,291.345427258872,298.2248,299.6536516286656,298.2248
2026-08-07 15:30:00,291.267481992686,299.71298,302.9051919713536,299.71298
2026-08-07 15:45:00,301.0458111057319,301.7099,303.12174221339524,301.7099
2026-08-07 16:00:00,306.5862375475343,292.54514,292.7165343194014,292.54514
2026-08-07 16:15:00,298.0414758709536,296.37646,298.94326418260067,296.37646
2026-08-07 16:30:00,298.669718082784,298.67624,298.81961375208857,298.67624
2026-08-07 16:45:00,311.69124670208305,286.59128,287.28073537131814,286.59128
2026-08-07 17:00:00,310.6200486786412,288.20764,290.92391058108655,288.20764
2026-08-07 17:15:00,286.2857871147113,289.65216,291.52411384428973,289.65216
2026-08-07 17:30:00,283.5566329635436,288.05884,287.9916747382458,288.05884
2026-08-07 17:45:00,289.7904769337544,283.06802,284.8581609676358,283.06802
2026-08-07 18:00:00,136.95994058023513,133.63402,138.44538781882352,133.63402
2026-08-07 18:15:00,139.30089720180936,142.08122,141.19131321550034,142.08122
2026-08-07 18:30:00,123.73188192663414,145.75276,148.59316908773067,145.75276
2026-08-07 18:45:00,134.77894468337098,145.222,143.22680531890458,145.222
2026-08-07 19:00:00,150.6542179906845,140.08383,139.21638920797952,140.08383
2026-08-07 19:15:00,121.20328122071334,137.10857,136.67173097305457,137.10857
2026-08-07 19:30:00,139.41711675327184,139.66208,133.70982203014387,139.66208
2026-08-07 19:45:00,130.65053661313993,136.10378,153.0254564420468,136.10378
2026-08-07 20:00:00,133.75690506848122,136.834,217.14161202599763,136.834
2026-08-07 20:15:00,142.28052145784977,142.39716,177.14232792477466,142.39716
2026-08-07 20:30:00,145.58561820136288,139.7132,134.78569692099964,139.7132
2026-08-07 20:45:00,137.6258011022499,140.00375,140.12629379540107,140.00375
2026-08-07 21:00:00,166.80208081815644,140.09924,139.2884995866649,140.09924
2026-08-07 21:15:00,144.93528392118583,139.9802,140.74981310242364,139.9802
2026-08-07 21:30:00,133.32068671157262,140.30089,140.7656482974737,140.30089
2026-08-07 21:45:00,141.56807396554655,140.22859,140.38952592807277,140.22859
2026-08-07 22:00:00,143.96144240034158,139.79796,140.16278922291937,139.79796
2026-08-07 22:15:00,129.9551487569112,142.92493,142.20193405283993,142.92493
2026-08-07 22:30:00,141.35005957041972,140.98497,141.27292878731438,140.98497
2026-08-07 22:45:00,123.8543280930454,142.04875,141.88376814241622,142.04875
2026-08-07 23:00:00,170.63353608463598,140.00075,141.07272269049665,140.00075
2026-08-07 23:15:00,148.15324847385577,140.15659,140.61269015883641,140.15659
2026-08-07 23:30:00,146.11019269368273,139.8697,140.25608105484406,139.8697
2026-08-07 23:45:00,119.64106751833296,142.08365,140.99074322398795,142.08365
2026-08-08 00:00:00,69.64810875942555,99.747475,94.21150212184443,99.747475
2026-08-08 00:15:00,84.26706931703382,66.33656,65.90551115062473,66.33656
2026-08-08 00:30:00,66.90927078722623,65.32568,65.47196240911477,65.32568
2026-08-08 00:45:00,65.06196793593999,65.08857,66.11222956242197,65.08857
2026-08-08 01:00:00,86.38862555605279,66.590546,66.61251398246331,66.590546
2026-08-08 01:15:00,58.34136093551456,65.084335,64.36615875010119,65.084335
2026-08-08 01:30:00,67.37218162456001,64.18128,65.61036489995786,64.18128
2026-08-08 01:45:00,69.04256957762396,65.58031,65.1421905276055,65.58031
2026-08-08 02:00:00,60.25148862523729,66.45827,65.37319536024992,66.45827
2026-08-08 02:15:00,85.85747443352767,65.42497,64.8128020569296,65.42497
2026-08-08 02:30:00,71.72055149936048,65.544655,66.6580657482682,65.544655
2026-08-08 02:45:00,60.451477963328266,65.30273,65.06412949577486,65.30273
2026-08-08 03:00:00,68.41243973350788,64.12477,65.04856795888603,64.12477
2026-08-08 03:15:00,54.155086012379584,66.55067,66.80216609593967,66.55067
2026-08-08 03:30:00,67.32189434006739,64.95963,65.17653458042965,64.95963
2026-08-08 03:45:00,69.08256514830126,65.25,66.09237399538866,65.25
2026-08-08 04:00:00,59.580828902816165,64.86156,64.90908006182859,64.86156
2026-08-08 04:15:00,67.3041267029258,65.26685,65.43977387701563,65.26685
2026-08-08 04:30:00,60.6267512531528,65.243256,64.92328786526524,65.243256
2026-08-08 04:45:00,74.40734331514635,65.30744,65.4345702809135,65.30744
2026-08-08 05:00:00,71.31929093650581,64.5252,64.60756514001517,64.5252
2026-08-08 05:15:00,58.88507479520842,66.53604,64.51335385943607,66.53604
2026-08-08 05:30:00,58.09412702685776,66.818474,64.80946445572643,66.818474
2026-08-08 05:45:00,46.62068329391398,66.42884,65.72969911314038,66.42884
2026-08-08 06:00:00,98.22216949079493,105.832016,104.17424553149365,105.832016
2026-08-08 06:15:00,124.94095378842596,140.25652,134.4679318098719,140.25652
2026-08-08 06:30:00,127.59158659840304,138.22485,131.07168475990463,138.22485
2026-08-08 06:45:00,133.05859110135242,123.02605,122.12994954390814,123.02605
2026-08-08 07:00:00,98.3811809170461,70.220375,73.31502788658949,70.220375
2026-08-08 07:15:00,149.513989161791,134.94052,136.13711774057597,134.94052
2026-08-08 07:30:00,110.8254280905652,111.84659,112.91078021235128,111.84659
2026-08-08 07:45:00,139.53602847758793,116.28451,128.54178903130241,116.28451
2026-08-08 08:00:00,109.73735750368456,98.35194,95.12555996617883,98.35194
2026-08-08 08:15:00,94.03958494457493,116.831566,119.52086133442589,116.831566
2026-08-08 08:30:00,100.21444455971422,112.360146,105.95798343829995,112.360146
2026-08-08 08:45:00,83.23801738719291,108.48335,102.30844597394434,108.48335
2026-08-08 09:00:00,65.51061975453949,92.51156,87.39657384952739,92.51156
2026-08-08 09:15:00,85.66275449602091,93.376396,109.08955076720746,93.376396
2026-08-08 09:30:00,106.66018299590276,92.3702,89.15196965340607,92.3702
2026-08-08 09:45:00,89.34180585519738,98.88057,99.53153848891183,98.88057
2026-08-08 10:00:00,59.1397843722898,63.851612,70.5597964675089,63.851612
2026-08-08 10:15:00,63.62931513817914,62.748184,63.78180651908253,62.748184
2026-08-08 10:30:00,54.60983960617823,65.55434,66.76255290529906,65.55434
2026-08-08 10:45:00,77.30888821604152,63.726654,64.4675159573701,63.726654
2026-08-08 11:00:00,62.829359367686735,63.30115,62.13407030996767,63.30115
2026-08-08 11:15:00,65.99087737045613,63.557655,64.01385448645517,63.557655
2026-08-08 11:30:00,69.35456870426486,61.77462,64.56040028040765,61.77462
2026-08-08 11:45:00,76.10314958098049,63.628063,64.37383511111527,63.628063
2026-08-08 12:00:00,60.43709873140533,63.434147,64.07563504964968,63.434147
2026-08-08 12:15:00,75.23971382793442,64.36947,63.81088550089363,64.36947
2026-08-08 12:30:00,66.1320938220162,64.871216,64.95702077172695,64.871216
2026-08-08 12:45:00,57.26525348459677,63.91346,63.091180148149114,63.91346
2026-08-08 13:00:00,49.57388864018276,64.8559,64.18369346577283,64.8559
2026-08-08 13:15:00,61.67976397124006,64.72317,64.30739739347182,64.72317
2026-08-08 13:30:00,76.03750255899611,65.24968,64.09954018103693,65.24968
2026-08-08 13:45:00,75.32237376754703,62.443012,62.764035964425055,62.443012
2026-08-08 14:00:00,69.78476834067718,68.52008,65.87756415899322,68.52008
2026-08-08 14:15:00,63.315494730035454,63.502674,64.29925027370616,63.502674
2026-08-08 14:30:00,59.69856898617144,63.87462,63.78404054031588,63.87462
2026-08-08 14:45:00,68.91220147760815,65.88138,65.57813286277076,65.88138
2026-08-08 15:00:00,74.17880561386642,66.5023,67.54516001875118,66.5023
2026-08-08 15:15:00,78.91143928231142,65.18934,66.02844294214015,65.18934
2026-08-08 15:30:00,62.44876393383689,63.921196,63.90837296662731,63.921196
2026-08-08 15:45:00,54.826192857757846,64.681595,65.03705640197308,64.681595
2026-08-08 16:00:00,74.01282396313037,66.835556,64.75408209563514,66.835556
2026-08-08 16:15:00,59.22031332899136,67.00727,65.42092222862475,67.00727
2026-08-08 16:30:00,72.7552085527185,64.02496,64.4521066425636,64.02496
2026-08-08 16:45:00,64.36586208292397,65.72953,64.98396928356013,65.72953
2026-08-08 17:00:00,63.77876495347053,65.60886,64.64609996392684,65.60886
2026-08-08 17:15:00,66.44946006891865,64.43069,65.34269428002042,64.43069
2026-08-08 17:30:00,59.57504330452632,67.23843,66.98657114508738,67.23843
2026-08-08 17:45:00,76.83506615683112,68.775406,66.98442523250279,68.775406
2026-08-08 18:00:00,158.56216944804527,130.5787,129.81539288854506,130.5787
2026-08-08 18:15:00,128.49382077632143,136.95015,136.70021621222477,136.95015
2026-08-08 18:30:00,131.33331298177387,138.5701,138.77489649442896,138.5701
2026-08-08 18:45:00,130.84178088355677,121.18966,125.26599740206028,121.18966
2026-08-08 19:00:00,153.46604320364878,141.97256,142.01563543158494,141.97256
2026-08-08 19:15:00,139.9024452080995,137.71497,136.66553368075625,137.71497
2026-08-08 19:30:00,148.50130863929175,131.25075,129.81303520923387,131.25075
2026-08-08 19:45:00,124.64404902558584,136.27277,137.3612133394901,136.27277
2026-08-08 20:00:00,149.48511958504162,138.87617,142.19557163791777,138.87617
2026-08-08 20:15:00,135.20427375829578,140.10757,141.06899792797378,140.10757
2026-08-08 20:30:00,134.15120365806737,142.21094,141.49385900618898,142.21094
2026-08-08 20:45:00,141.75212700646716,140.85492,141.24398945664302,140.85492
2026-08-08 21:00:00,134.8092691782748,135.85716,136.4997051105273,135.85716
2026-08-08 21:15:00,133.7120860302611,136.28467,136.8271080566813,136.28467
2026-08-08 21:30:00,128.12958979739687,138.22652,139.50848622870262,138.22652
2026-08-08 21:45:00,148.8749911469425,139.0705,140.07365707424066,139.0705
2026-08-08 22:00:00,145.8578967941625,141.38858,141.4105758814216,141.38858
2026-08-08 22:15:00,136.47111857152385,139.69296,140.69230568844662,139.69296
2026-08-08 22:30:00,137.0439748731871,139.39616,141.22433404075605,139.39616
2026-08-08 22:45:00,148.72190314729482,140.76456,140.5918080646915,140.76456
2026-08-08 23:00:00,144.8807501767428,142.34831,140.59628822567268,142.34831
2026-08-08 23:15:00,121.63576006146776,140.06107,139.91511579918662,140.06107
2026-08-08 23:30:00,141.04785211562793,141.65593,141.8219391101944,141.65593
2026-08-08 23:45:00,150.43596896515584,141.61287,140.97854510826502,141.61287
2026-08-09 00:00:00,58.5800778793104,66.5463,66.90260424980595,66.5463
2026-08-09 00:15:00,64.95847739685844,68.23904,66.94843377742812,68.23904
2026-08-09 00:30:00,70.47818814549194,64.63405,65.96419366439775,64.63405
2026-08-09 00:45:00,59.94060021093321,64.91195,66.66707236573873,64.91195
2026-08-09 01:00:00,69.27057376558199,66.71417,64.81904670749635,66.71417
2026-08-09 01:15:00,78.86720321186532,64.971954,64.95367788232632,64.971954
2026-08-09 01:30:00,60.35757754128053,64.597626,64.51874033211952,64.597626
2026-08-09 01:45:00,61.42010353150571,64.6378,63.868667148354184,64.6378
2026-08-09 02:00:00,77.33473975543257,65.08368,65.10544135665418,65.08368
2026-08-09 02:15:00,73.40367341917363,67.47534,66.66189143678898,67.47534
2026-08-09 02:30:00,69.84137828116887,65.236664,65.29286174677063,65.236664
2026-08-09 02:45:00,69.65179021190295,65.35498,65.02439976955763,65.35498
2026-08-09 03:00:00,60.47425195523636,65.37398,66.37487810581605,65.37398
2026-08-09 03:15:00,66.65731597082092,66.61023,66.82142215046306,66.61023
2026-08-09 03:30:00,64.9803177076445,65.08287,65.47801046236084,65.08287
2026-08-09 03:45:00,52.95886593801665,64.786285,64.16697768738105,64.786285
2026-08-09 04:00:00,87.77647733431658,65.31193,65.10888290262123,65.31193
2026-08-09 04:15:00,65.69743933836534,64.3853,65.29506893750052,64.3853
2026-08-09 04:30:00,75.63225134882697,64.8552,64.83727536326944,64.8552
2026-08-09 04:45:00,70.86881381805034,65.76223,65.46044653588943,65.76223
2026-08-09 05:00:00,79.69048650447812,65.56659,65.25248635387395,65.56659
2026-08-09 05:15:00,64.30191442684465,64.75004,64.82723382830052,64.75004
2026-08-09 05:30:00,63.369011194693314,65.44738,65.91911363918769,65.44738
2026-08-09 05:45:00,68.37177510164557,64.00915,64.53970097197416,64.00915
2026-08-09 06:00:00,155.10049627809224,114.13633,121.38692454598242,114.13633
2026-08-09 06:15:00,135.8683190288536,135.7826,132.7177072460704,135.7826
2026-08-09 06:30:00,118.9587581916725,134.88464,132.0055441602281,134.88464
2026-08-09 06:45:00,106.5740841939668,114.58408,109.3575932267872,114.58408
2026-08-09 07:00:00,107.33763833596262,112.300606,117.6753045517406,112.300606
2026-08-09 07:15:00,116.7767466988934,118.483315,120.41043522677604,118.483315
2026-08-09 07:30:00,99.61019323990098,112.35526,110.38665200703952,112.35526
2026-08-09 07:45:00,85.97776055697744,106.55224,102.9310375882902,106.55224
2026-08-09 08:00:00,116.95833081122724,119.95602,126.85642517459247,119.95602
2026-08-09 08:15:00,95.73921305306727,112.2328,84.92026776348325,112.2328
2026-08-09 08:30:00,103.25294662866888,108.827705,114.31092885064271,108.827705
2026-08-09 08:45:00,77.19888970611233,73.13344,71.53150818951416,73.13344
2026-08-09 09:00:00,91.46662832898848,73.15607,70.70346806470918,73.15607
2026-08-09 09:15:00,83.46054685768651,79.68778,75.18103179783603,79.68778
2026-08-09 09:30:00,127.23141726025698,107.79679,112.39724071471632,107.79679
2026-08-09 09:45:00,94.82745138334316,76.335106,76.61986842211334,76.335106
2026-08-09 10:00:00,60.002033029328885,65.1488,67.1014437857537,65.1488
2026-08-09 10:15:00,43.20070112691917,64.287415,65.60964647654146,64.287415
2026-08-09 10:30:00,57.6573723456125,67.16514,67.71926574103817,67.16514
2026-08-09 10:45:00,66.31956821513005,68.31371,67.71235796428026,68.31371
2026-08-09 11:00:00,54.72390325981158,65.30052,65.01619568286961,65.30052
2026-08-09 11:15:00,65.16257367613488,66.00034,66.62126441112898,66.00034
2026-08-09 11:30:00,49.08377600117315,64.307915,68.32770635233017,64.307915
2026-08-09 11:45:00,81.12677115295699,64.54453,66.85519701982032,64.54453
2026-08-09 12:00:00,53.87511607633054,65.23661,65.77789015854512,65.23661
2026-08-09 12:15:00,56.23291949502198,65.992195,66.46129385530455,65.992195
2026-08-09 12:30:00,63.725440902598976,64.8532,66.28846579343877,64.8532
2026-08-09 12:45:00,55.71231696364203,65.712494,64.67216133872846,65.712494
2026-08-09 13:00:00,76.12645002097757,65.14777,64.5265005208331,65.14777
2026-08-09 13:15:00,71.58678581734455,63.772663,64.84021745200337,63.772663
2026-08-09 13:30:00,84.1571898807462,63.820183,65.91875654587261,63.820183
2026-08-09 13:45:00,72.16237010489401,64.599304,65.5445022986227,64.599304
2026-08-09 14:00:00,61.0250909922882,65.58842,64.9921273302883,65.58842
2026-08-09 14:15:00,78.86543021045277,65.65944,65.21702815293007,65.65944
2026-08-09 14:30:00,67.63816024505381,65.42003,65.91077155423564,65.42003
2026-08-09 14:45:00,57.58347307064355,65.75879,65.94389123094008,65.75879
2026-08-09 15:00:00,70.9485073939714,64.54425,65.14589779980842,64.54425
2026-08-09 15:15:00,69.95748490332538,66.80491,67.76877441548453,66.80491
2026-08-09 15:30:00,57.76584348988436,65.11769,65.62189323304881,65.11769
2026-08-09 15:45:00,81.73721805947753,63.461956,65.02012104494676,63.461956
2026-08-09 16:00:00,63.7480986110006,65.439064,66.71791334352119,65.439064
2026-08-09 16:15:00,57.28702724338894,64.83436,65.75091941469056,64.83436
2026-08-09 16:30:00,57.11476664065484,65.48227,65.67063287899356,65.48227
2026-08-09 16:45:00,56.4989827102246,65.54561,65.73356319878914,65.54561
2026-08-09 17:00:00,52.72757176018875,65.13052,65.55761640766275,65.13052
2026-08-09 17:15:00,67.36549662960908,65.113014,65.63979708759636,65.113014
2026-08-09 17:30:00,49.11112797439216,65.779366,65.64763581187879,65.779366
2026-08-09 17:45:00,53.68862448480532,65.35833,65.92942087391121,65.35833
2026-08-09 18:00:00,135.25305547466326,136.03076,132.48608437376024,136.03076
2026-08-09 18:15:00,127.4058491000723,124.582085,121.1758568814694,124.582085
2026-08-09 18:30:00,139.00720824691473,137.87566,138.57752757087854,137.87566
2026-08-09 18:45:00,132.88988010547126,137.10645,137.764903961439,137.10645
2026-08-09 19:00:00,145.04361942271856,139.35973,139.90551633674337,139.35973
2026-08-09 19:15:00,139.21889120289697,137.20581,138.01914842464663,137.20581
2026-08-09 19:30:00,138.79048568394956,141.99539,142.19047198605108,141.99539
2026-08-09 19:45:00,135.6365952623635,136.1422,134.37587352166292,136.1422
2026-08-09 20:00:00,137.78676727440504,136.93384,137.97605175235432,136.93384
2026-08-09 20:15:00,148.31032272358777,140.57928,140.16496392546694,140.57928
2026-08-09 20:30:00,149.8016381519124,140.78001,141.42201597462525,140.78001
2026-08-09 20:45:00,153.19584034286387,139.21857,141.30368837111843,139.21857
2026-08-09 21:00:00,155.8746967233562,140.98729,141.3277933645813,140.98729
2026-08-09 21:15:00,135.84918918392214,139.97711,139.30717148766618,139.97711
2026-08-09 21:30:00,145.09687259390049,138.40466,138.99974634354578,138.40466
2026-08-09 21:45:00,145.11808103566278,139.38916,139.6909633728338,139.38916
2026-08-09 22:00:00,131.07938913297045,139.32759,140.371334555371,139.32759
2026-08-09 22:15:00,127.11268162307375,140.27539,141.00373507530256,140.27539
2026-08-09 22:30:00,118.52057559344352,141.10521,141.1109489295747,141.10521
2026-08-09 22:45:00,144.77198105563485,141.33342,140.756760951245,141.33342
2026-08-09 23:00:00,134.09210515765943,140.83377,141.09554268301935,140.83377
2026-08-09 23:15:00,123.06885199811224,140.4209,140.6165595769012,140.4209
2026-08-09 23:30:00,121.93264546386897,140.14107,140.65825157919025,140.14107
2026-08-09 23:45:00,133.24617188432546,141.78958,141.48687720883063,141.78958
2026-08-10 00:00:00,70.43190391976685,66.147446,66.79029535647315,66.147446
2026-08-10 00:15:00,58.79235950884239,66.58556,65.97677935623715,66.58556
2026-08-10 00:30:00,73.16799690619017,64.39486,64.38523612043433,64.39486
2026-08-10 00:45:00,63.99922066842375,65.18199,65.37614457004914,65.18199
2026-08-10 01:00:00,78.24611081379689,63.864693,64.02347867894703,63.864693
2026-08-10 01:15:00,59.8877072586389,65.11106,66.40721310085289,65.11106
2026-08-10 01:30:00,58.02933557207207,64.92201,64.53463237703002,64.92201
2026-08-10 01:45:00,73.02425978989308,65.64592,65.05621643530068,65.64592
2026-08-10 02:00:00,69.44313645451103,65.39876,65.1752962775599,65.39876
2026-08-10 02:15:00,66.55456476168983,64.63548,65.92923253539396,64.63548
2026-08-10 02:30:00,77.72631153075123,65.032135,64.34371920198004,65.032135
2026-08-10 02:45:00,81.49196315961426,64.34213,64.44091106100518,64.34213
2026-08-10 03:00:00,72.65324343793465,63.93996,66.6913983722728,63.93996
2026-08-10 03:15:00,77.47963841087835,64.39353,65.49186529769668,64.39353
2026-08-10 03:30:00,75.25891350745441,65.25304,65.13239094319023,65.25304
2026-08-10 03:45:00,67.60543270656507,65.54845,65.91435082377238,65.54845
2026-08-10 04:00:00,55.55269793790424,69.70986,67.88350719025163,69.70986
2026-08-10 04:15:00,63.21826365249743,64.82842,65.21246392188273,64.82842
2026-08-10 04:30:00,80.18008004506393,65.01582,65.5521751599086,65.01582
2026-08-10 04:45:00,82.23967268662098,65.85986,67.4589140618681,65.85986
2026-08-10 05:00:00,67.56589952206159,64.54484,66.2126436768899,64.54484
2026-08-10 05:15:00,56.19295872555058,64.772545,65.89723299544818,64.772545
2026-08-10 05:30:00,46.02243073455717,65.96583,65.41674417063042,65.96583
2026-08-10 05:45:00,66.76729465102945,65.7583,65.52190119589795,65.7583
2026-08-10 06:00:00,129.692927613454,138.71916,137.75221721522863,138.71916
2026-08-10 06:15:00,124.55169726260884,136.34998,136.49448836743878,136.34998
2026-08-10 06:30:00,128.75958894517174,135.53664,132.86465284903824,135.53664
2026-08-10 06:45:00,102.54016257789426,114.2049,117.46643890197366,114.2049
2026-08-10 07:00:00,135.85259732847595,120.614174,131.58168400463984,120.614174
2026-08-10 07:15:00,135.35541260659443,135.25818,133.6341073973514,135.25818
2026-08-10 07:30:00,115.58064742681384,115.261475,129.4446806840327,115.261475
2026-08-10 07:45:00,125.0801097373776,91.388016,85.08930815056543,91.388016
2026-08-10 08:00:00,338.6507056309655,258.44727,235.50991097827352,258.44727
2026-08-10 08:15:00,353.7438011636594,338.1491,285.2793561854966,338.1491
2026-08-10 08:30:00,340.65422397024724,338.76794,354.54034272014167,338.76794
2026-08-10 08:45:00,319.583663573424,253.46843,141.68014720346594,253.46843
2026-08-10 09:00:00,311.2537545418917,321.9645,337.9503048518223,321.9645
2026-08-10 09:15:00,327.5646403895511,326.09055,335.0598449339014,326.09055
2026-08-10 09:30:00,324.9376337686605,330.61728,330.06342101272276,330.61728
2026-08-10 09:45:00,334.3912373095459,334.2822,340.2488965954518,334.2822
2026-08-10 10:00:00,296.89564142819626,296.5204,299.72186931239503,296.5204
2026-08-10 10:15:00,298.78153511644746,305.40726,306.336740659953,305.40726
2026-08-10 10:30:00,313.5213480913179,306.46054,306.9823186266197,306.46054
2026-08-10 10:45:00,307.4114139071805,305.41446,303.7980398738864,305.41446
2026-08-10 11:00:00,287.2281715900605,298.9086,299.59005982175745,298.9086
2026-08-10 11:15:00,302.1064996924072,305.4784,305.76943583514253,305.4784
2026-08-10 11:30:00,292.16957882311016,295.78906,294.8205891024989,295.78906
2026-08-10 11:45:00,305.9139576722925,304.3901,304.7608361106472,304.3901
2026-08-10 12:00:00,298.08224774685584,297.70877,298.23467518816705,297.70877
2026-08-10 12:15:00,300.8287399398151,301.8573,301.12272183090033,301.8573
2026-08-10 12:30:00,305.1180799290356,302.5644,298.80207722164374,302.5644
2026-08-10 12:45:00,292.926648903896,298.04114,298.94760638078407,298.04114
2026-08-10 13:00:00,309.2918058970741,295.80103,293.45236843316405,295.80103
2026-08-10 13:15:00,294.5608000833717,296.58597,295.89839132925806,296.58597
2026-08-10 13:30:00,305.6074565383422,301.907,302.131001943594,301.907
2026-08-10 13:45:00,298.02117391326243,298.88596,299.0379114580672,298.88596
2026-08-10 14:00:00,305.16497464831696,303.99545,297.53221333929645,303.99545
2026-08-10 14:15:00,303.27008636796097,302.54965,299.3509502697467,302.54965
2026-08-10 14:30:00,300.1387878907487,299.8333,299.44366300231104,299.8333
2026-08-10 14:45:00,312.2183487814856,303.0533,300.50289654637504,303.0533
2026-08-10 15:00:00,286.4438618018704,295.25366,292.90677941801425,295.25366
2026-08-10 15:15:00,307.4405068287267,296.73837,296.1153873685999,296.73837
2026-08-10 15:30:00,280.29045000905336,294.86606,295.17327883989276,294.86606
2026-08-10 15:45:00,296.82735856664203,296.6618,295.4310146819665,296.6618
2026-08-10 16:00:00,282.0860784882899,291.00516,292.6820954844239,291.00516
2026-08-10 16:15:00,307.1550044812192,295.3535,294.8998208653437,295.3535
2026-08-10 16:30:00,279.4775841527822,290.01694,290.9397059937456,290.01694
2026-08-10 16:45:00,309.4612849644296,297.8651,297.0524724220746,297.8651
2026-08-10 17:00:00,302.9275051369723,288.42813,288.99736229416567,288.42813
2026-08-10 17:15:00,286.11903149566945,288.4226,288.4979412402649,288.4226
2026-08-10 17:30:00,315.09343678195165,295.97638,293.85379106722576,295.97638
2026-08-10 17:45:00,262.42402214185927,282.70453,281.4107072067261,282.70453
2026-08-10 18:00:00,143.0120410442585,137.6684,143.73289452478036,137.6684
2026-08-10 18:15:00,139.7823547336476,134.21257,141.9468642154707,134.21257
2026-08-10 18:30:00,150.65828075753257,144.06856,147.09728061983867,144.06856
2026-08-10 18:45:00,143.58801673148886,137.5262,138.09113907504525,137.5262
2026-08-10 19:00:00,142.9781391361835,139.49689,140.2161949668972,139.49689
2026-08-10 19:15:00,137.5980170191394,135.70918,134.88013280349438,135.70918
2026-08-10 19:30:00,143.4609973320915,137.3006,138.19634693099746,137.3006
2026-08-10 19:45:00,152.82138255532044,141.22272,140.01286246766057,141.22272
2026-08-10 20:00:00,143.33125171027748,142.26453,141.6045654784813,142.26453
2026-08-10 20:15:00,122.22629411082282,142.83629,141.58751392802031,142.83629
2026-08-10 20:30:00,148.77654399270196,141.81091,141.83932521659884,141.81091
2026-08-10 20:45:00,130.66583612036425,141.92882,141.91395452202747,141.92882
2026-08-10 21:00:00,144.82257249973793,141.20213,139.94676563905858,141.20213
2026-08-10 21:15:00,158.58784652963166,140.61798,140.31210209479278,140.61798
2026-08-10 21:30:00,146.85969259979987,139.61162,141.06704084178102,139.61162
2026-08-10 21:45:00,131.03200634058388,140.70343,140.50786860417404,140.70343
2026-08-10 22:00:00,150.15639984453816,140.966,141.28145423356935,140.966
2026-08-10 22:15:00,132.39538530440785,140.57713,141.16956727915135,140.57713
2026-08-10 22:30:00,130.47147960382037,139.28409,142.86334571355624,139.28409
2026-08-10 22:45:00,134.04115682880348,140.40173,140.76070527573796,140.40173
2026-08-10 23:00:00,120.66445152794444,140.51929,140.4603569999819,140.51929
2026-08-10 23:15:00,150.62439312161882,141.69621,140.02527876995916,141.69621
2026-08-10 23:30:00,123.74077008447976,141.14844,140.33844047445402,141.14844
2026-08-10 23:45:00,130.37242069467135,139.19363,140.70374789862242,139.19363
2026-08-11 00:00:00,61.14264956242596,66.77922,65.74645811779763,66.77922
2026-08-11 00:15:00,74.11166915199914,64.46593,66.503462056282,64.46593
2026-08-11 00:30:00,66.2826910408456,66.381744,67.01349774862562,66.381744
2026-08-11 00:45:00,58.80488836276483,64.891525,64.75639876938739,64.891525
2026-08-11 01:00:00,67.86601814366948,64.41063,65.20979942840279,64.41063
2026-08-11 01:15:00,68.70729892875536,65.822075,66.99519436236899,65.822075
2026-08-11 01:30:00,57.97439348944837,65.771835,65.48150806484604,65.771835
2026-08-11 01:45:00,57.025849415376335,66.88201,68.89413691018827,66.88201
2026-08-11 02:00:00,67.48151075274086,64.61951,65.09224026098204,64.61951
2026-08-11 02:15:00,59.0254275276521,64.98268,65.01983372436295,64.98268
2026-08-11 02:30:00,66.44116843487808,64.51828,65.12189916196952,64.51828
2026-08-11 02:45:00,59.10240623591943,66.055786,65.71007243316207,66.055786
2026-08-11 03:00:00,64.58688998063218,66.12822,66.47993002729078,66.12822
2026-08-11 03:15:00,51.074386208769255,65.71489,65.94680224578867,65.71489
2026-08-11 03:30:00,50.97102675236624,64.97452,66.80719083196033,64.97452
2026-08-11 03:45:00,66.60261732011068,65.2972,64.55397471303752,65.2972
2026-08-11 04:00:00,74.76296624343162,63.216305,63.4369818476724,63.216305
2026-08-11 04:15:00,55.83541005855268,65.6182,64.40978274886572,65.6182
2026-08-11 04:30:00,62.5021481654348,65.75338,64.44373766461966,65.75338
2026-08-11 04:45:00,58.26706052857051,65.70647,65.85420016164045,65.70647
2026-08-11 05:00:00,58.678124283347664,64.925995,67.29622409572033,64.925995
2026-08-11 05:15:00,63.780846086579615,63.755627,66.52723605546163,63.755627
2026-08-11 05:30:00,68.12979489691014,63.770226,66.83776942348982,63.770226
2026-08-11 05:45:00,62.13074840709776,65.75065,66.83225411179811,65.75065
2026-08-11 06:00:00,117.10015404271118,132.48076,134.35502004685353,132.48076
2026-08-11 06:15:00,137.20109076645116,137.0335,134.4046804636742,137.0335
2026-08-11 06:30:00,115.92580031330354,122.41311,123.00469905188034,122.41311
2026-08-11 06:45:00,112.07254307521032,114.85303,117.85463018695339,114.85303
2026-08-11 07:00:00,103.49727248736023,111.85573,116.35261120086845,111.85573
2026-08-11 07:15:00,117.69713493720616,133.07803,132.84436285943414,133.07803
2026-08-11 07:30:00,117.52470157851428,128.85532,128.28229125004282,128.85532
2026-08-11 07:45:00,101.4514774787604,113.61505,106.04859726653379,113.61505
2026-08-11 08:00:00,332.9005033814072,324.09186,331.75893459004305,324.09186
2026-08-11 08:15:00,346.66503041344214,351.49118,357.214767990855,351.49118
2026-08-11 08:30:00,323.9738015966757,341.58713,334.6036611678372,341.58713
2026-08-11 08:45:00,343.19354895954393,318.80164,297.6302874930823,318.80164
2026-08-11 09:00:00,320.762884233435,326.32654,335.39104810800814,326.32654
2026-08-11 09:15:00,323.72924949758,335.7309,337.1159708314257,335.7309
2026-08-11 09:30:00,352.3928478285194,340.27664,340.7719161493159,340.27664
2026-08-11 09:45:00,341.0575177507856,341.56396,342.8693028186422,341.56396
2026-08-11 10:00:00,308.2460467388221,292.8154,296.52699195141304,292.8154
2026-08-11 10:15:00,292.7567546021235,302.39877,300.71996539044534,302.39877
2026-08-11 10:30:00,313.6633391372797,304.03802,302.700047980999,304.03802
2026-08-11 10:45:00,296.74620520145544,293.05304,292.5108615598236,293.05304
2026-08-11 11:00:00,294.72207474002283,292.20398,291.50375660225455,292.20398
2026-08-11 11:15:00,282.92632854144614,298.63882,299.2128580907263,298.63882
2026-08-11 11:30:00,304.2903395932482,304.3581,303.5183926313521,304.3581
2026-08-11 11:45:00,294.7620800935083,301.9678,303.28882688759296,301.9678
2026-08-11 12:00:00,301.8771503485212,298.98724,300.44129555357557,298.98724
2026-08-11 12:15:00,308.15481884101746,304.0185,304.3085280396668,304.0185
2026-08-11 12:30:00,288.7201850201492,302.79376,302.8005664289487,302.79376
2026-08-11 12:45:00,319.29378932096404,305.10382,304.7904682214332,305.10382
2026-08-11 13:00:00,299.0179129540928,305.4969,302.9313422557065,305.4969
2026-08-11 13:15:00,308.22674173969887,303.86612,302.8381946300912,303.86612
2026-08-11 13:30:00,312.895499083447,298.70572,297.45887282293756,298.70572
2026-08-11 13:45:00,302.78989250154416,298.82095,299.6848408233963,298.82095
2026-08-11 14:00:00,309.52275742583345,301.87122,302.8027092121473,301.87122
2026-08-11 14:15:00,299.07700400221563,300.81375,303.5970395450648,300.81375
2026-08-11 14:30:00,297.92211420929203,295.08218,295.1733036979233,295.08218
2026-08-11 14:45:00,295.3893210912967,300.49033,299.62611022066966,300.49033
2026-08-11 15:00:00,295.7648616721649,301.79218,301.1220634729416,301.79218
2026-08-11 15:15:00,283.4217876019738,300.72986,300.56433789425824,300.72986
2026-08-11 15:30:00,298.64601929257395,298.66525,299.1209125550383,298.66525
2026-08-11 15:45:00,302.4498041048864,294.06323,296.59096332783366,294.06323
2026-08-11 16:00:00,298.6472202447748,289.9253,288.0577642916415,289.9253
2026-08-11 16:15:00,290.8466884729469,300.90054,301.2712440483122,300.90054
2026-08-11 16:30:00,295.8816763143918,294.12772,294.6894537712867,294.12772
2026-08-11 16:45:00,294.1003807722109,305.73398,304.7362652843241,305.73398
2026-08-11 17:00:00,285.6638852378511,292.20322,293.59022070828473,292.20322
2026-08-11 17:15:00,287.60485980262064,288.99384,289.37049345026867,288.99384
2026-08-11 17:30:00,303.67903330717235,294.25977,291.9404280545589,294.25977
2026-08-11 17:45:00,304.2829790252864,297.6569,297.10303702373096,297.6569
2026-08-11 18:00:00,138.5954278268486,145.96599,143.15431008129016,145.96599
2026-08-11 18:15:00,118.83143256533184,140.52194,147.00446861867795,140.52194
2026-08-11 18:30:00,155.23873953075886,139.9769,141.93723342590826,139.9769
2026-08-11 18:45:00,154.15880600859774,142.72083,137.55768567774547,142.72083
2026-08-11 19:00:00,132.53080908285887,141.53099,138.41219323252034,141.53099
2026-08-11 19:15:00,125.32066303473734,133.90591,133.77632197576892,133.90591
2026-08-11 19:30:00,147.52077475845897,140.7843,132.56835540034416,140.7843
2026-08-11 19:45:00,144.79334323098988,137.44026,132.3818975382162,137.44026
2026-08-11 20:00:00,116.70217598811185,139.56508,133.5549775769351,139.56508
2026-08-11 20:15:00,149.3754744283335,139.44925,133.16269582483665,139.44925
2026-08-11 20:30:00,130.9283206089541,138.07,140.61806011105816,138.07
2026-08-11 20:45:00,124.26003331653584,137.09935,136.71782377811297,137.09935
2026-08-11 21:00:00,145.9765311753794,138.46707,138.47516252145948,138.46707
2026-08-11 21:15:00,122.71302854132284,140.71854,139.71580925474618,140.71854
2026-08-11 21:30:00,145.1929595231648,141.29306,140.57205001889886,141.29306
2026-08-11 21:45:00,150.88685089988525,141.28555,141.37113420761182,141.28555
2026-08-11 22:00:00,121.60661073980596,141.93234,141.0312027781321,141.93234
2026-08-11 22:15:00,147.7877870612162,141.2201,140.82974021079036,141.2201
2026-08-11 22:30:00,142.99910867516112,140.01237,140.7670260506057,140.01237
2026-08-11 22:45:00,146.59657544586992,139.83026,140.4156675701772,139.83026
2026-08-11 23:00:00,128.73582598292262,140.74983,140.52877738568054,140.74983
2026-08-11 23:15:00,154.37649313755227,142.14835,142.311798442504,142.14835
2026-08-11 23:30:00,151.86734911216004,141.03036,141.00307488329008,141.03036
2026-08-11 23:45:00,154.33132188925376,142.21602,141.13843564922098,142.21602
2026-08-12 00:00:00,78.64926410042185,66.99775,66.79952189024965,66.99775
2026-08-12 00:15:00,64.43624961035081,66.61273,67.04673881686206,66.61273
2026-08-12 00:30:00,62.20730649527267,66.22221,66.75853640450282,66.22221
2026-08-12 00:45:00,70.50090563420753,65.03278,66.25055613714092,65.03278
2026-08-12 01:00:00,73.71232334788667,65.6635,65.77794190796028,65.6635
2026-08-12 01:15:00,59.83145840729595,64.744194,64.65266103864671,64.744194
2026-08-12 01:30:00,62.30231716841038,65.22302,65.37387717233187,65.22302
2026-08-12 01:45:00,65.98143639399923,65.20329,64.37220306233864,65.20329
2026-08-12 02:00:00,76.4307040437208,65.045265,65.63472796628868,65.045265
2026-08-12 02:15:00,65.68410564322001,64.64841,64.82426264787387,64.64841
2026-08-12 02:30:00,70.79010542046835,64.47228,64.92481465102321,64.47228
2026-08-12 02:45:00,77.88888128512389,64.4736,65.21123031410028,64.4736
2026-08-12 03:00:00,56.71038551250121,64.96877,65.61861455293268,64.96877
2026-08-12 03:15:00,58.90298317511625,66.446396,65.90060135013923,66.446396
2026-08-12 03:30:00,63.65301162002754,66.19721,66.09410519800886,66.19721
2026-08-12 03:45:00,56.2160980317586,65.50238,66.22444076385862,65.50238
2026-08-12 04:00:00,74.85343286787256,64.921844,65.16868344292321,64.921844
2026-08-12 04:15:00,57.83792868904194,66.799545,66.17032387606388,66.799545
2026-08-12 04:30:00,67.47466090700465,66.84392,66.18217650860761,66.84392
2026-08-12 04:45:00,56.23180652156174,66.659096,65.73437629395102,66.659096
2026-08-12 05:00:00,62.90012289453184,64.62056,65.56833184564103,64.62056
2026-08-12 05:15:00,70.8968121903672,65.10466,64.58685578050468,65.10466
2026-08-12 05:30:00,66.15273563689469,65.36979,64.73334332055619,65.36979
2026-08-12 05:45:00,71.62860073381259,65.72752,64.90677950072063,65.72752
2026-08-12 06:00:00,98.66650061247394,120.27958,118.10860932983266,120.27958
2026-08-12 06:15:00,141.04428491233807,135.60542,135.6301949151238,135.60542
2026-08-12 06:30:00,139.88983122429573,132.4418,129.3745183746038,132.4418
2026-08-12 06:45:00,160.98837081245446,137.79073,124.70381901257919,137.79073
2026-08-12 07:00:00,127.62431192054892,111.24149,122.68080424354093,111.24149
2026-08-12 07:15:00,101.03833402463286,122.58418,123.38721883780899,122.58418
2026-08-12 07:30:00,100.57085494224778,109.303696,106.71513202681328,109.303696
2026-08-12 07:45:00,115.94023141221858,126.26854,129.94908586862718,126.26854
2026-08-12 08:00:00,343.6229970857588,295.28604,303.44110697618186,295.28604
2026-08-12 08:15:00,330.41905483356186,346.26236,339.1643920241771,346.26236
2026-08-12 08:30:00,329.93713463154194,350.39032,310.3239206301972,350.39032
2026-08-12 08:45:00,327.0251613518798,339.8983,338.444442276426,339.8983
2026-08-12 09:00:00,313.7574628784089,330.74878,335.4493461783665,330.74878
2026-08-12 09:15:00,321.9551666092149,336.48462,335.75605928991735,336.48462
2026-08-12 09:30:00,322.6498146091579,324.50226,327.7811060366101,324.50226
2026-08-12 09:45:00,317.6027243813892,333.66324,332.20341406132263,333.66324
2026-08-12 10:00:00,304.4404779806979,295.52878,301.88870372880854,295.52878
2026-08-12 10:15:00,303.690028924573,302.3335,302.40605718991975,302.3335
2026-08-12 10:30:00,298.0298388922164,297.45255,297.18339452310335,297.45255
2026-08-12 10:45:00,305.6433890996128,293.39334,291.7686064450905,293.39334
2026-08-12 11:00:00,315.3947598010281,302.7602,303.36949923877546,302.7602
2026-08-12 11:15:00,304.3034284006848,297.33777,298.9722581286041,297.33777
2026-08-12 11:30:00,308.6639191385689,301.89798,302.14457884927197,301.89798
2026-08-12 11:45:00,329.4521231230367,303.28952,303.9271209242505,303.28952
2026-08-12 12:00:00,317.0087183373377,306.38135,302.31870069496904,306.38135
2026-08-12 12:15:00,297.77872506619434,303.42184,300.1245173591566,303.42184
2026-08-12 12:30:00,298.770933261666,309.88092,304.6374208187124,309.88092
2026-08-12 12:45:00,320.83163669272665,305.85992,301.22510556495365,305.85992
2026-08-12 13:00:00,279.0514862461443,301.5005,298.3592568278913,301.5005
2026-08-12 13:15:00,304.4288753669594,303.39178,301.5717320544198,303.39178
2026-08-12 13:30:00,324.0876045894791,300.86893,302.5910563936477,300.86893
2026-08-12 13:45:00,308.4501148147214,299.66397,302.40652096398475,299.66397
2026-08-12 14:00:00,313.32444167753414,299.14337,299.71119088013296,299.14337
2026-08-12 14:15:00,297.9722105918731,301.6268,305.1399947765612,301.6268
2026-08-12 14:30:00,325.60925108624656,297.27084,298.92460637750827,297.27084
2026-08-12 14:45:00,293.24114465601525,305.042,302.4190462531364,305.042
2026-08-12 15:00:00,291.37870029867827,301.77087,297.3553629084168,301.77087
2026-08-12 15:15:00,301.69829267563995,300.04306,301.24078960077236,300.04306
2026-08-12 15:30:00,307.8577562819879,296.09152,297.7852137754252,296.09152
2026-08-12 15:45:00,308.35846206808856,292.59436,292.4671001024381,292.59436
2026-08-12 16:00:00,282.2421180372995,290.8159,291.00445634383533,290.8159
2026-08-12 16:15:00,290.26798208410327,289.2982,289.1726137942861,289.2982
2026-08-12 16:30:00,286.0385787538213,290.46216,290.2141059474968,290.46216
2026-08-12 16:45:00,310.8877611373586,292.84833,293.2442807686828,292.84833
2026-08-12 17:00:00,286.0044058687928,288.35892,288.0731616856394,288.35892
2026-08-12 17:15:00,299.2945384419039,286.53586,286.3933459856953,286.53586
2026-08-12 17:30:00,296.8519925037175,290.70828,291.1349654353019,290.70828
2026-08-12 17:45:00,286.5190078089538,291.7478,292.3798072299912,291.7478
2026-08-12 18:00:00,153.0982913345989,147.01115,149.77403729139343,147.01115
2026-08-12 18:15:00,140.80012211711585,137.16675,138.6129689683986,137.16675
2026-08-12 18:30:00,132.6260605255621,138.43881,144.87129805415094,138.43881
2026-08-12 18:45:00,133.33200545401183,137.28078,137.36669779819536,137.28078
2026-08-12 19:00:00,139.61289203003318,138.69078,138.11707942502431,138.69078
2026-08-12 19:15:00,133.22262250065714,138.64172,134.87839842629236,138.64172
2026-08-12 19:30:00,145.388877827536,137.37712,135.56752067902383,137.37712
2026-08-12 19:45:00,133.71490782472333,137.17827,131.46980752302812,137.17827
2026-08-12 20:00:00,140.50469826905652,139.82939,137.71953454079753,139.82939
2026-08-12 20:15:00,144.7343449571323,142.02173,137.4922731987188,142.02173
2026-08-12 20:30:00,145.9027697852858,139.32076,138.7742707900653,139.32076
2026-08-12 20:45:00,114.45645621062071,139.22626,139.64716400342155,139.22626
2026-08-12 21:00:00,131.68228908758988,139.79921,139.60548328403274,139.79921
2026-08-12 21:15:00,152.65636226117354,139.07355,138.3829662447358,139.07355
2026-08-12 21:30:00,132.07223708911584,140.50125,142.55383146996044,140.50125
2026-08-12 21:45:00,130.9162718125598,141.26088,141.17753661734528,141.26088
2026-08-12 22:00:00,155.95892640548763,141.09108,140.39567789579226,141.09108
2026-08-12 22:15:00,141.11109341232748,141.66403,141.66470229452923,141.66403
2026-08-12 22:30:00,123.031867446965,138.97029,140.12424528472604,138.97029
2026-08-12 22:45:00,122.19046436468138,142.32724,141.1328290659441,142.32724
2026-08-12 23:00:00,136.842073381771,139.05206,140.85601312734457,139.05206
2026-08-12 23:15:00,126.9789896741106,142.62602,141.93821693004685,142.62602
2026-08-12 23:30:00,146.18267330372572,141.24918,141.3097566993216,141.24918
2026-08-12 23:45:00,152.19305298142004,142.16992,141.07668977644937,142.16992
2026-08-13 00:00:00,71.96830722404813,69.13226,69.27091145122117,69.13226
2026-08-13 00:15:00,62.47410855077809,65.511406,66.14395757573683,65.511406
2026-08-13 00:30:00,63.11376825907509,65.93002,66.49690656292503,65.93002
2026-08-13 00:45:00,68.04318861736812,68.66573,66.34670283955327,68.66573
2026-08-13 01:00:00,85.56388788905511,64.25587,65.37192683344612,64.25587
2026-08-13 01:15:00,76.25431428695367,65.13396,65.60707769539329,65.13396
2026-08-13 01:30:00,44.667325383799046,65.02826,65.14518463030805,65.02826
2026-08-13 01:45:00,62.23245228733688,64.511566,66.20505221558936,64.511566
2026-08-13 02:00:00,76.08377108485857,65.87369,66.19783951234665,65.87369
2026-08-13 02:15:00,70.47311425395539,65.29967,65.79820388040442,65.29967
2026-08-13 02:30:00,60.00879861191298,66.208755,65.66628338886625,66.208755
2026-08-13 02:45:00,60.51421280147074,64.68858,65.09197170983829,64.68858
2026-08-13 03:00:00,53.70854500906035,66.659546,66.58479265760965,66.659546
2026-08-13 03:15:00,93.5279629095518,65.94108,65.99805625459086,65.94108
2026-08-13 03:30:00,71.38077332768144,64.77071,65.90333685074825,64.77071
2026-08-13 03:45:00,56.5797888319893,65.36357,65.54031017426068,65.36357
2026-08-13 04:00:00,64.68287476757558,64.78832,64.80210092970911,64.78832
2026-08-13 04:15:00,57.91348967871381,66.51597,65.40675620756485,66.51597
2026-08-13 04:30:00,71.31821095586827,65.581635,64.92734791822527,65.581635
2026-08-13 04:45:00,83.84700482459124,65.361855,65.31515827010084,65.361855
2026-08-13 05:00:00,53.994958254475954,64.93497,64.75939878562664,64.93497
2026-08-13 05:15:00,73.76615715323938,64.54513,65.38916798899379,64.54513
2026-08-13 05:30:00,72.89792646956164,66.48671,65.96594201620941,66.48671
2026-08-13 05:45:00,58.430748308113294,66.73118,67.43365382971146,66.73118
2026-08-13 06:00:00,117.98485549240787,109.59007,115.42376700584295,109.59007
2026-08-13 06:15:00,108.84747334919928,117.18779,108.12921305570367,117.18779
2026-08-13 06:30:00,124.18847826981045,117.81662,116.71799378639237,117.81662
2026-08-13 06:45:00,135.60905223853666,122.35153,124.99871744796896,122.35153
2026-08-13 07:00:00,129.1794206897744,114.34468,112.34788048095282,114.34468
2026-08-13 07:15:00,115.32096505415738,114.34097,122.17828474703973,114.34097
2026-08-13 07:30:00,94.29474464778896,105.2775,115.20524798301294,105.2775
2026-08-13 07:45:00,107.85607447703542,117.53674,109.2954670497447,117.53674
2026-08-13 08:00:00,326.58949703607755,308.51224,317.4912525176528,308.51224
2026-08-13 08:15:00,346.19269318307386,312.0,340.38241506015993,312.0
2026-08-13 08:30:00,339.4194540940372,346.2878,339.4933746010419,346.2878
2026-08-13 08:45:00,344.6025736913002,339.6693,303.9434110760188,339.6693
2026-08-13 09:00:00,334.2274917922529,328.44382,333.89428300774864,328.44382
2026-08-13 09:15:00,312.7334438623208,335.28876,335.7823756086224,335.28876
2026-08-13 09:30:00,325.3934523778023,335.80014,335.7980519982729,335.80014
2026-08-13 09:45:00,323.7082542392677,334.08426,336.2640469267453,334.08426
2026-08-13 10:00:00,308.8392218008758,296.80704,300.79940800143254,296.80704
2026-08-13 10:15:00,308.6568701023885,303.23886,301.6727256967482,303.23886
2026-08-13 10:30:00,306.3532864961442,302.5407,303.39767093961945,302.5407
2026-08-13 10:45:00,284.1236011456743,297.06937,296.7961500990066,297.06937
2026-08-13 11:00:00,294.6668368798756,303.6601,303.23807302162396,303.6601
2026-08-13 11:15:00,294.34965199502625,304.15173,304.1128033884852,304.15173
2026-08-13 11:30:00,293.83975043181806,303.77893,303.23981640194023,303.77893
2026-08-13 11:45:00,317.4862301551024,297.61722,333.12916232628515,297.61722
2026-08-13 12:00:00,309.51365486065225,296.26535,296.32623123832167,296.26535
2026-08-13 12:15:00,312.4047227917655,298.11203,299.25790787607264,298.11203
2026-08-13 12:30:00,294.286408174925,295.83044,296.6206303565033,295.83044
2026-08-13 12:45:00,309.31587503554067,305.00278,300.04722368238777,305.00278
2026-08-13 13:00:00,304.1580455762121,302.93927,302.488661964804,302.93927
2026-08-13 13:15:00,319.3134321935969,305.02606,305.1570801531905,305.02606
2026-08-13 13:30:00,296.468711677405,303.40787,302.67093877326454,303.40787
2026-08-13 13:45:00,314.1452113873723,302.20947,303.54102245975906,302.20947
2026-08-13 14:00:00,292.20436362991165,301.9004,301.5898182154433,301.9004
2026-08-13 14:15:00,295.6831232905884,297.7396,298.21383432976523,297.7396
2026-08-13 14:30:00,315.2644230948475,305.48074,302.1070349806609,305.48074
2026-08-13 14:45:00,319.642951491488,300.66125,301.5350968251882,300.66125
2026-08-13 15:00:00,298.1290605109797,301.73892,301.7588580497344,301.73892
2026-08-13 15:15:00,288.8897202152495,292.73364,292.77376705144127,292.73364
2026-08-13 15:30:00,298.1417442838276,304.2906,304.77414384373884,304.2906
2026-08-13 15:45:00,303.78519060627804,303.07,304.05843472441217,303.07
2026-08-13 16:00:00,284.5993975653247,294.5732,295.01289848686315,294.5732
2026-08-13 16:15:00,295.69503445164014,298.08926,298.9027463764117,298.08926
2026-08-13 16:30:00,318.4234974030277,297.7687,298.4597382983942,297.7687
2026-08-13 16:45:00,301.6494794319465,292.77365,293.00810173747817,292.77365
2026-08-13 17:00:00,305.05391597487863,291.9856,292.8764288961203,291.9856
2026-08-13 17:15:00,293.14186582267644,290.49014,291.87732030029804,290.49014
2026-08-13 17:30:00,313.5481702873924,299.5139,299.39324347192814,299.5139
2026-08-13 17:45:00,284.36919633441937,284.30267,284.0629044401326,284.30267
2026-08-13 18:00:00,139.12736240800362,146.25455,148.67564968615807,146.25455
2026-08-13 18:15:00,161.5897392052343,141.40771,144.0400435441033,141.40771
2026-08-13 18:30:00,129.32199452092243,130.52275,141.65642228322636,130.52275
2026-08-13 18:45:00,139.51315204411225,145.20407,140.55285793549518,145.20407
2026-08-13 19:00:00,138.1992658727429,131.97739,129.09763635489804,131.97739
2026-08-13 19:15:00,150.03664272610268,137.76656,138.8707240637971,137.76656
2026-08-13 19:30:00,144.00202387999877,135.5984,138.55550591522805,135.5984
2026-08-13 19:45:00,139.93563355353314,140.95476,135.5693270683352,140.95476
2026-08-13 20:00:00,142.19382952503602,142.25468,138.21326185453105,142.25468
2026-08-13 20:15:00,137.74666628300238,137.33725,132.80527699123033,137.33725
2026-08-13 20:30:00,139.12849536808255,139.98804,136.69275752931424,139.98804
2026-08-13 20:45:00,166.15943742502014,141.5289,141.25913664483483,141.5289
2026-08-13 21:00:00,155.78931390445248,139.0774,138.9437916700688,139.0774
2026-08-13 21:15:00,147.46911831664863,141.39609,140.718443037941,141.39609
2026-08-13 21:30:00,138.31809933407845,135.70868,138.1589751997465,135.70868
2026-08-13 21:45:00,119.0253733887657,137.87335,139.39196139151355,137.87335
2026-08-13 22:00:00,143.9169480384882,141.68396,141.46772118909058,141.68396
2026-08-13 22:15:00,152.81124933553616,141.25642,141.1997796006381,141.25642
2026-08-13 22:30:00,140.4978537853002,141.49812,140.562557801255,141.49812
2026-08-13 22:45:00,144.28818615834774,140.15175,140.64436091047452,140.15175
2026-08-13 23:00:00,138.08908439410575,141.19449,141.96058996987216,141.19449
2026-08-13 23:15:00,147.6688526413829,140.34096,140.8350979910756,140.34096
2026-08-13 23:30:00,139.33794989854152,141.18074,141.19309909927125,141.18074
2026-08-13 23:45:00,123.72876259168808,141.9835,141.24528049002953,141.9835
2026-08-14 00:00:00,73.2081923474802,66.249695,65.96284126201574,66.249695
2026-08-14 00:15:00,58.80895290944774,65.45083,66.0006650728876,65.45083
2026-08-14 00:30:00,64.82653725157363,64.854935,65.3976060964462,64.854935
2026-08-14 00:45:00,61.16524919061022,66.015175,66.20812438310789,66.015175
2026-08-14 01:00:00,65.42148209157335,66.34779,64.97004289868426,66.34779
2026-08-14 01:15:00,82.90336644649406,64.885345,65.80839734786271,64.885345
2026-08-14 01:30:00,55.18215507853843,65.74563,66.32056281657304,65.74563
2026-08-14 01:45:00,49.15115464520282,65.31064,65.70635678002022,65.31064
2026-08-14 02:00:00,58.63153141751137,65.73581,65.16449415927204,65.73581
2026-08-14 02:15:00,80.03089655435437,64.74453,65.15026310539643,64.74453
2026-08-14 02:30:00,73.98886613316441,64.09273,64.69960985514975,64.09273
2026-08-14 02:45:00,77.72330344696024,65.84639,65.44653895577005,65.84639
2026-08-14 03:00:00,68.1894406511023,65.514,65.32706455627769,65.514
2026-08-14 03:15:00,75.68870674296724,79.59227,63.21037896731964,79.59227
2026-08-14 03:30:00,72.52552080412563,65.72928,67.29029458505993,65.72928
2026-08-14 03:45:00,64.22762296152632,64.04956,64.5695990293469,64.04956
2026-08-14 04:00:00,52.16078758646208,65.47419,65.11425192861347,65.47419
2026-08-14 04:15:00,72.15099052216591,66.22703,65.58777380554515,66.22703
2026-08-14 04:30:00,58.48336291367888,64.73059,65.15364689383398,64.73059
2026-08-14 04:45:00,62.536048276331016,66.77937,66.46848208033771,66.77937
2026-08-14 05:00:00,86.71851671047466,64.0215,64.79363870693403,64.0215
2026-08-14 05:15:00,57.70821346150946,64.756195,65.02189746551626,64.756195
2026-08-14 05:30:00,68.6026502434792,64.6531,65.16901620128374,64.6531
2026-08-14 05:45:00,59.58571494706509,66.34779,66.25852539008564,66.34779
2026-08-14 06:00:00,137.81176342516795,117.66177,115.93465417506307,117.66177
2026-08-14 06:15:00,121.93149737899758,119.3528,112.94845070138598,119.3528
2026-08-14 06:30:00,145.89456635961946,144.71092,143.37769642641786,144.71092
2026-08-14 06:45:00,113.66457429170936,121.57316,124.12078794941317,121.57316
2026-08-14 07:00:00,136.40423978834357,131.80528,133.17276098366986,131.80528
2026-08-14 07:15:00,101.73396344312438,119.602715,108.68411486052139,119.602715
2026-08-14 07:30:00,123.53402542206004,116.90516,92.0591747429774,116.90516
2026-08-14 07:45:00,130.35937283778154,123.13843,123.47852283509492,123.13843
2026-08-14 08:00:00,336.0539999816602,317.41138,242.40412660549845,317.41138
2026-08-14 08:15:00,334.011277722431,336.01904,324.54853805689896,336.01904
2026-08-14 08:30:00,331.4666729608773,341.17584,338.3391544529922,341.17584
2026-08-14 08:45:00,337.5677942808422,330.41495,326.80965848144746,330.41495
2026-08-14 09:00:00,325.4684899548448,326.12027,325.8315959731131,326.12027
2026-08-14 09:15:00,326.99460198781753,322.69568,335.28358958462,322.69568
2026-08-14 09:30:00,324.8539975359993,336.97174,337.21794193487034,336.97174
2026-08-14 09:45:00,335.55192355643175,335.30478,337.1051861641449,335.30478
2026-08-14 10:00:00,284.5284074525106,298.695,301.1710160426689,298.695
2026-08-14 10:15:00,315.13450658831573,302.6566,301.6600265738331,302.6566
2026-08-14 10:30:00,314.77949324080686,302.78696,302.35773917987905,302.78696
2026-08-14 10:45:00,315.9552664098731,303.58362,303.4385346871073,303.58362
2026-08-14 11:00:00,307.27536625871613,300.2093,300.1670281323941,300.2093
2026-08-14 11:15:00,294.4787778180676,302.07605,302.24423841314484,302.07605
2026-08-14 11:30:00,300.9540255919528,301.82083,301.0723251070592,301.82083
2026-08-14 11:45:00,300.9469958554597,302.54282,302.92315889288386,302.54282
2026-08-14 12:00:00,316.5479622631628,303.80618,302.3086535826007,303.80618
2026-08-14 12:15:00,295.4769572352058,302.35086,298.53517762988855,302.35086
2026-08-14 12:30:00,298.74745675422463,304.46115,301.19793747525597,304.46115
2026-08-14 12:45:00,289.0293338021943,301.1101,297.6832746665371,301.1101
2026-08-14 13:00:00,302.2856695960653,300.9466,298.2504108737349,300.9466
2026-08-14 13:15:00,298.521973180181,301.5483,299.16358419186787,301.5483
2026-08-14 13:30:00,316.90285826351413,300.42578,301.8633716289075,300.42578
2026-08-14 13:45:00,313.9367286732311,297.68274,298.14764192327186,297.68274
2026-08-14 14:00:00,295.81704969053726,302.00314,301.90688749138405,302.00314
2026-08-14 14:15:00,301.9388358100505,296.9629,296.8875792603187,296.9629
2026-08-14 14:30:00,304.70222989634726,297.85422,299.3946588853554,297.85422
2026-08-14 14:45:00,286.06309817140163,299.63013,299.2167254526753,299.63013
2026-08-14 15:00:00,296.602512906248,291.97183,292.0709826666658,291.97183
2026-08-14 15:15:00,292.68423827841843,294.8804,293.7124575741041,294.8804
2026-08-14 15:30:00,292.2053300882276,299.72165,301.5388228818867,299.72165
2026-08-14 15:45:00,304.7822477390827,297.88126,297.9545539054226,297.88126
2026-08-14 16:00:00,300.7364938265479,294.11627,295.4310719347604,294.11627
2026-08-14 16:15:00,302.28598674343385,289.0055,289.3793935183292,289.0055
2026-08-14 16:30:00,296.2449006662666,298.48874,298.1780371011367,298.48874
2026-08-14 16:45:00,276.98336730919686,297.87286,299.680532414829,297.87286
2026-08-14 17:00:00,293.061069977982,298.03857,296.5388092280842,298.03857
2026-08-14 17:15:00,291.02900199945964,287.48355,287.7588716074733,287.48355
2026-08-14 17:30:00,269.41975328280046,286.87018,286.2342194596157,286.87018
2026-08-14 17:45:00,277.5827895101634,285.71243,285.39946949651636,285.71243
2026-08-14 18:00:00,131.38697643903706,140.44632,143.55642324034594,140.44632
2026-08-14 18:15:00,156.55197801397412,143.58174,148.13058310584617,143.58174
2026-08-14 18:30:00,140.47829429672095,136.67274,142.83332255074748,136.67274
2026-08-14 18:45:00,134.06371885388484,136.31003,138.93967509412525,136.31003
2026-08-14 19:00:00,138.6347007840319,138.28848,139.45576085818774,138.28848
2026-08-14 19:15:00,133.39278397216498,137.15788,135.9560389359526,137.15788
2026-08-14 19:30:00,128.5138209435944,136.19597,136.46699639496154,136.19597
2026-08-14 19:45:00,145.45790992781383,139.93922,139.51574273507754,139.93922
2026-08-14 20:00:00,142.2917072879656,137.92166,137.09281657515672,137.92166
2026-08-14 20:15:00,158.5257919678948,138.30911,136.82426602772742,138.30911
2026-08-14 20:30:00,132.16378345717894,140.32547,139.86277091263625,140.32547
2026-08-14 20:45:00,157.6227178783729,140.49403,139.87999803264069,140.49403
2026-08-14 21:00:00,146.6064975363538,141.47838,140.8709010531968,141.47838
2026-08-14 21:15:00,138.36726100634144,138.77943,140.37900151364897,138.77943
2026-08-14 21:30:00,141.5609653124707,140.22173,140.673104745726,140.22173
2026-08-14 21:45:00,133.69963950836404,139.19676,138.41222859855083,139.19676
2026-08-14 22:00:00,138.76482107187212,141.38261,141.1275360225954,141.38261
2026-08-14 22:15:00,145.6865360080932,140.8715,141.47742579353465,140.8715
2026-08-14 22:30:00,130.84749667428514,140.21008,140.31929569298345,140.21008
2026-08-14 22:45:00,136.2317040897345,140.37169,141.1259901752704,140.37169
2026-08-14 23:00:00,164.0108038156112,142.20738,141.8081454676346,142.20738
2026-08-14 23:15:00,142.97564081520068,140.4044,141.10348163026538,140.4044
2026-08-14 23:30:00,148.03694478512412,140.92961,140.87118917844683,140.92961
2026-08-14 23:45:00,147.78567834043102,139.34358,140.14010002372729,139.34358
2026-08-15 00:00:00,57.2476814060804,66.255455,48.97452624460074,66.255455
2026-08-15 00:15:00,62.71188044141891,65.0831,65.145664787912,65.0831
2026-08-15 00:30:00,82.74524402937723,64.78604,65.45111957550976,64.78604
2026-08-15 00:45:00,64.61171243201622,66.18408,66.17807056444784,66.18408
2026-08-15 01:00:00,78.4347381048313,65.37428,63.845932547831765,65.37428
2026-08-15 01:15:00,58.41011612221652,65.76031,65.89592431367382,65.76031
2026-08-15 01:30:00,65.90361531189257,65.24846,64.81109856133062,65.24846
2026-08-15 01:45:00,64.34471287587681,63.49896,64.23386210022198,63.49896
2026-08-15 02:00:00,57.66027219774101,65.90946,65.52935727376682,65.90946
2026-08-15 02:15:00,65.27748353353134,65.14292,64.75153906093571,65.14292
2026-08-15 02:30:00,44.5227207465158,64.38607,65.67290593233602,64.38607
2026-08-15 02:45:00,63.88437652683435,64.317085,63.61609547602036,64.317085
2026-08-15 03:00:00,68.97915340594321,64.424934,64.98096503627345,64.424934
2026-08-15 03:15:00,69.76615663532611,66.16307,66.6087264076343,66.16307
2026-08-15 03:30:00,63.73372866325283,67.011185,66.98894549342083,67.011185
2026-08-15 03:45:00,50.299703133427855,65.09327,65.31742260061404,65.09327
2026-08-15 04:00:00,54.247587735407286,67.22422,64.1818066086457,67.22422
2026-08-15 04:15:00,54.87679079139823,64.394226,64.22211937552882,64.394226
2026-08-15 04:30:00,60.7656616182294,63.79771,63.663583211129996,63.79771
2026-08-15 04:45:00,64.3341930644008,64.71303,64.63726706066197,64.71303
2026-08-15 05:00:00,63.7094285867437,67.519135,68.7787462631639,67.519135
2026-08-15 05:15:00,59.58711007225277,64.876366,64.41650204503016,64.876366
2026-08-15 05:30:00,59.51830519129926,65.50913,64.57604976195347,65.50913
2026-08-15 05:45:00,64.4915872179864,64.69588,64.64119085339061,64.69588
2026-08-15 06:00:00,126.78688205763154,138.64642,138.5440065612182,138.64642
2026-08-15 06:15:00,136.91166683643223,136.84717,133.33643184593564,136.84717
2026-08-15 06:30:00,124.29082709511856,126.80202,123.99941973371874,126.80202
2026-08-15 06:45:00,134.55950013981683,121.45249,117.13048624749614,121.45249
2026-08-15 07:00:00,128.01417382656,114.027466,117.4968364211581,114.027466
2026-08-15 07:15:00,109.321909969701,105.99393,119.48821297490773,105.99393
2026-08-15 07:30:00,106.69795099658022,110.17716,112.34197675832662,110.17716
2026-08-15 07:45:00,132.6416631439247,119.33935,119.8686666051333,119.33935
2026-08-15 08:00:00,67.71071558835308,106.00392,103.22969865769207,106.00392
2026-08-15 08:15:00,100.64347950046488,108.87593,102.0637331126004,108.87593
2026-08-15 08:30:00,86.25695889478206,104.00724,100.57126197037428,104.00724
2026-08-15 08:45:00,73.14429538455488,106.03886,101.4504164122551,106.03886
2026-08-15 09:00:00,113.11780830887044,92.408554,103.56739772384441,92.408554
2026-08-15 09:15:00,111.87431117003388,98.23738,109.78292346130358,98.23738
2026-08-15 09:30:00,92.0538058890814,90.52132,105.89597269535302,90.52132
2026-08-15 09:45:00,87.71421260709472,92.97012,86.11267734018014,92.97012
2026-08-15 10:00:00,68.2166697212552,66.30112,66.65746640506129,66.30112
2026-08-15 10:15:00,78.4403005204146,66.325165,72.39764744526538,66.325165
2026-08-15 10:30:00,62.47807824703126,63.18766,64.13077740063457,63.18766
2026-08-15 10:45:00,56.9207225445434,64.329506,68.8401157012673,64.329506
2026-08-15 11:00:00,78.99043509356832,63.16523,63.85026229085638,63.16523
2026-08-15 11:15:00,72.72073008355551,63.881725,65.05292927308393,63.881725
2026-08-15 11:30:00,82.35083636944557,63.06008,63.67493467433763,63.06008
2026-08-15 11:45:00,67.4064516503513,61.95685,62.914416800017875,61.95685
2026-08-15 12:00:00,74.08188874625017,64.54152,69.1312006219177,64.54152
2026-08-15 12:15:00,75.41977372118178,64.71868,64.38982272910334,64.71868
2026-08-15 12:30:00,69.4190021464706,63.89595,64.06392485885193,63.89595
2026-08-15 12:45:00,59.32786139880454,65.59934,64.35111558292526,65.59934
2026-08-15 13:00:00,77.37252786690077,62.89706,64.29771479387935,62.89706
2026-08-15 13:15:00,71.94856024178719,63.577698,63.92078819816946,63.577698
2026-08-15 13:30:00,60.139938464608015,63.734447,69.39507265097599,63.734447
2026-08-15 13:45:00,71.95227508220358,66.87218,65.22088257445354,66.87218
2026-08-15 14:00:00,74.12904237279068,66.098785,66.12527197903582,66.098785
2026-08-15 14:15:00,59.31520828102392,64.67035,65.51261785794141,64.67035
2026-08-15 14:30:00,64.30849736382083,65.58703,63.941577556228,65.58703
2026-08-15 14:45:00,49.46922903412781,65.3623,66.1495928554816,65.3623
2026-08-15 15:00:00,55.89763459970592,65.94385,65.23899818710926,65.94385
2026-08-15 15:15:00,83.05046120802655,65.27766,65.39030669845833,65.27766
2026-08-15 15:30:00,65.20526666390911,64.556076,65.41637633923428,64.556076
2026-08-15 15:45:00,86.96675080165132,66.952065,65.18481594817443,66.952065
2026-08-15 16:00:00,71.2978521818523,62.440407,63.51248874513144,62.440407
2026-08-15 16:15:00,73.9120557559803,66.08997,65.66882098638524,66.08997
2026-08-15 16:30:00,69.18897112622524,65.26378,65.0446526482967,65.26378
2026-08-15 16:45:00,72.19636116225199,65.064926,65.75582129164646,65.064926
2026-08-15 17:00:00,54.84465843523482,64.113235,64.34757120113066,64.113235
2026-08-15 17:15:00,59.20664919103098,64.78866,65.41450131567758,64.78866
2026-08-15 17:30:00,57.49570197013527,65.60235,64.74257452216534,65.60235
2026-08-15 17:45:00,57.354787677856606,65.68445,65.19170659470362,65.68445
2026-08-15 18:00:00,147.9235461865798,132.6408,130.74210784710542,132.6408
2026-08-15 18:15:00,135.67332880465463,129.61786,128.14492079074145,129.61786
2026-08-15 18:30:00,148.1852331091983,133.2012,130.8133779846534,133.2012
2026-08-15 18:45:00,135.77450465799666,137.24084,136.27285285348702,137.24084
2026-08-15 19:00:00,137.7072833833249,137.58124,137.77964355436654,137.58124
2026-08-15 19:15:00,141.64749868459705,140.00597,140.6755293445731,140.00597
2026-08-15 19:30:00,149.7123848164651,136.60208,138.0004127322932,136.60208
2026-08-15 19:45:00,156.0071601174613,138.58672,140.10184395792692,138.58672
2026-08-15 20:00:00,129.17284895342198,140.39713,140.6298429971963,140.39713
2026-08-15 20:15:00,137.33433972482862,138.12369,139.04477115489516,138.12369
2026-08-15 20:30:00,144.1523127466355,140.49768,140.8272395678517,140.49768
2026-08-15 20:45:00,147.4735028562242,140.45517,141.27902610410257,140.45517
2026-08-15 21:00:00,125.56334677737794,141.57335,140.94875130895997,141.57335
2026-08-15 21:15:00,136.5779965395797,139.78578,139.71056684961476,139.78578
2026-08-15 21:30:00,152.96403575811289,139.65086,139.93461802654835,139.65086
2026-08-15 21:45:00,124.51160698921448,140.60591,140.3869939522781,140.60591
2026-08-15 22:00:00,146.7572447936368,140.67906,140.2298316470998,140.67906
2026-08-15 22:15:00,149.63026582858322,141.31267,140.97990201193286,141.31267
2026-08-15 22:30:00,153.89190096864365,140.31337,140.63127075918754,140.31337
2026-08-15 22:45:00,146.1349918683261,140.44138,140.9436753528878,140.44138
2026-08-15 23:00:00,130.48256976876263,140.47598,141.03141331463576,140.47598
2026-08-15 23:15:00,143.4914729379506,141.0329,141.04367990040524,141.0329
2026-08-15 23:30:00,159.1887051274982,141.54094,141.02724460608002,141.54094
2026-08-15 23:45:00,138.3513969339131,140.89261,139.9445273632572,140.89261
2026-08-16 00:00:00,74.16468552547079,66.37137,66.61717292331649,66.37137
2026-08-16 00:15:00,73.37683134585022,65.537575,65.86002773486535,65.537575
2026-08-16 00:30:00,67.7766011048281,64.4392,66.24995000578171,64.4392
2026-08-16 00:45:00,67.08580546912661,64.40399,65.03437404479432,64.40399
2026-08-16 01:00:00,64.24989966986405,64.80967,65.51842021214792,64.80967
2026-08-16 01:15:00,63.908087923785104,64.788605,65.46761646798788,64.788605
2026-08-16 01:30:00,76.74082355398005,65.15095,64.12454460082323,65.15095
2026-08-16 01:45:00,67.63934455794006,64.42493,64.70149466007854,64.42493
2026-08-16 02:00:00,58.55674410560791,65.10017,64.97236199401674,65.10017
2026-08-16 02:15:00,73.62684509691971,64.63762,65.01479031076217,64.63762
2026-08-16 02:30:00,71.34627034892002,65.84904,65.78316573233194,65.84904
2026-08-16 02:45:00,71.69549710778406,65.076324,65.03615294292553,65.076324
2026-08-16 03:00:00,49.644590886179934,64.89239,65.06509043963561,64.89239
2026-08-16 03:15:00,75.70629604254464,65.35779,66.43407916022807,65.35779
2026-08-16 03:30:00,55.07730490789002,65.70905,65.60452764654714,65.70905
2026-08-16 03:45:00,58.81674743595456,65.355835,64.9573841189524,65.355835
2026-08-16 04:00:00,69.93821455832938,65.50496,65.12645692637288,65.50496
2026-08-16 04:15:00,63.48935722518044,64.81821,65.46445258888434,64.81821
2026-08-16 04:30:00,62.81755167867361,65.5907,65.40352389366649,65.5907
2026-08-16 04:45:00,86.34693470543789,65.308464,64.73591717020537,65.308464
2026-08-16 05:00:00,62.76461771911506,64.48388,65.04137379578917,64.48388
2026-08-16 05:15:00,54.47646204510451,65.17124,64.08589162568721,65.17124
2026-08-16 05:30:00,64.91066246287973,67.225586,65.17705632836093,67.225586
2026-08-16 05:45:00,57.85744205781511,67.91855,65.14432331514413,67.91855
2026-08-16 06:00:00,113.08078886482484,115.329796,114.10832626692111,115.329796
2026-08-16 06:15:00,137.4422796225454,133.6776,133.54039829865073,133.6776
2026-08-16 06:30:00,120.35204760697496,127.62686,127.24310616653598,127.62686
2026-08-16 06:45:00,118.80723084766632,116.35454,117.71821842681814,116.35454
2026-08-16 07:00:00,115.98461142840009,118.726105,121.60284835859055,118.726105
2026-08-16 07:15:00,128.25827143177085,128.41463,127.74748314176794,128.41463
2026-08-16 07:30:00,106.91495526120364,109.49177,118.03799550145315,109.49177
2026-08-16 07:45:00,132.29536991623357,120.01157,121.73047197175174,120.01157
2026-08-16 08:00:00,57.53464563795364,73.30928,71.6986443667256,73.30928
2026-08-16 08:15:00,105.28809210115467,113.27666,117.78828834939911,113.27666
2026-08-16 08:30:00,115.70533529518472,85.635605,88.05793947872418,85.635605
2026-08-16 08:45:00,114.72766075956696,77.06659,77.44328091271127,77.06659
2026-08-16 09:00:00,105.57492464617066,108.44718,99.02890897185604,108.44718
2026-08-16 09:15:00,111.0035678626178,108.61119,105.796790112975,108.61119
2026-08-16 09:30:00,115.91250246639927,101.73496,82.20110323897839,101.73496
2026-08-16 09:45:00,70.46041428887483,77.178375,80.6854404097104,77.178375
2026-08-16 10:00:00,49.665412342024425,68.153366,69.08924079811696,68.153366
2026-08-16 10:15:00,57.35409113184514,68.34007,70.32924972375419,68.34007
2026-08-16 10:30:00,82.16863805492929,67.3706,67.2958518503674,67.3706
2026-08-16 10:45:00,70.94986718080008,65.73879,64.33210769905064,65.73879
2026-08-16 11:00:00,70.58978347052931,65.96296,66.95979558235486,65.96296
2026-08-16 11:15:00,58.088382743449074,65.26513,65.91856008027867,65.26513
2026-08-16 11:30:00,62.06847487483032,67.74424,69.58757920331354,67.74424
2026-08-16 11:45:00,44.80369076313764,66.80921,66.98742104715693,66.80921
2026-08-16 12:00:00,65.87298112534714,65.80367,66.60769343918284,65.80367
2026-08-16 12:15:00,73.59835006898044,65.620384,66.27542736558883,65.620384
2026-08-16 12:30:00,41.600100408908304,64.12961,66.10090656845169,64.12961
2026-08-16 12:45:00,73.52124960016795,65.40972,64.54412126962744,65.40972
2026-08-16 13:00:00,53.531802676601686,65.347404,65.55113680520664,65.347404
2026-08-16 13:15:00,55.88809785025173,66.09487,67.39762103788273,66.09487
2026-08-16 13:30:00,77.95843215739393,64.3453,65.58711871707489,64.3453
2026-08-16 13:45:00,71.96977122987406,65.093346,65.06955747702062,65.093346
2026-08-16 14:00:00,77.3543941805904,64.17863,66.17970301501033,64.17863
2026-08-16 14:15:00,56.89307485074424,64.96588,64.9690925935236,64.96588
2026-08-16 14:30:00,59.68944437642436,63.71391,64.38389377122085,63.71391
2026-08-16 14:45:00,70.77879778016381,64.3073,62.98513257060242,64.3073
2026-08-16 15:00:00,67.29502912955084,66.10994,66.07545050986045,66.10994
2026-08-16 15:15:00,63.92005190966487,65.98129,68.70841479931173,65.98129
2026-08-16 15:30:00,60.22991115629913,62.564003,63.37416579050425,62.564003
2026-08-16 15:45:00,69.27864592835616,67.22041,66.69483376571655,67.22041
2026-08-16 16:00:00,79.63170101789048,64.74717,66.02871497660358,64.74717
2026-08-16 16:15:00,66.84136566645512,66.74418,67.134274792822,66.74418
2026-08-16 16:30:00,65.27130591936,65.00422,65.74592783943196,65.00422
2026-08-16 16:45:00,55.56683056488767,65.42122,65.78010140582124,65.42122
2026-08-16 17:00:00,73.25412623864639,67.85962,66.75459238348219,67.85962
2026-08-16 17:15:00,65.35251904291535,64.98832,65.2357509977156,64.98832
2026-08-16 17:30:00,65.38491911256635,64.981476,65.67696027665116,64.981476
2026-08-16 17:45:00,60.99033921266199,65.70896,65.59047869316842,65.70896
2026-08-16 18:00:00,160.40322943032902,130.10962,127.57955605485364,130.10962
2026-08-16 18:15:00,154.54761661193362,136.61755,138.06453754261403,136.61755
2026-08-16 18:30:00,124.23376669778465,133.72095,129.30869558642306,133.72095
2026-08-16 18:45:00,140.8469149846578,137.8519,138.01190635893082,137.8519
2026-08-16 19:00:00,155.71218013948024,141.39462,140.65149985902983,141.39462
2026-08-16 19:15:00,145.73572334364758,140.92638,141.38846569464692,140.92638
2026-08-16 19:30:00,134.56083999389426,141.64137,141.1026809018037,141.64137
2026-08-16 19:45:00,124.25796733813216,138.76308,138.1246103221461,138.76308
2026-08-16 20:00:00,147.17860497303732,139.09499,141.148642819621,139.09499
2026-08-16 20:15:00,126.9578207972288,140.33797,140.4009971153332,140.33797
2026-08-16 20:30:00,142.64633985071217,140.45445,141.33694034088947,140.45445
2026-08-16 20:45:00,149.54114088710804,137.62193,137.86923411985077,137.62193
2026-08-16 21:00:00,136.2774373331441,140.45235,136.0339873828819,140.45235
2026-08-16 21:15:00,152.4519754081744,139.66911,139.70678537198552,139.66911
2026-08-16 21:30:00,142.2327985745607,139.9897,139.73661732699858,139.9897
2026-08-16 21:45:00,120.65526675656726,138.40645,138.74305652658424,138.40645
2026-08-16 22:00:00,151.76996150772064,141.7563,141.26397008281631,141.7563
2026-08-16 22:15:00,124.05886996136036,140.6647,140.74490718211004,140.6647
2026-08-16 22:30:00,141.075372352984,142.02539,141.31946307230106,142.02539
2026-08-16 22:45:00,154.3876848422302,141.78583,141.25033166973046,141.78583
2026-08-16 23:00:00,130.82021935941145,140.11894,140.60415056462062,140.11894
2026-08-16 23:15:00,167.9012744648174,141.16257,140.63436382800867,141.16257
2026-08-16 23:30:00,144.6821981174685,141.77628,140.99445247713544,141.77628
2026-08-16 23:45:00,142.58407678401366,139.93013,140.48445324248348,139.93013
2026-08-17 00:00:00,76.20735768704752,66.259895,65.07581877191114,66.259895
2026-08-17 00:15:00,58.03417772141681,75.899345,87.75744905298642,75.899345
2026-08-17 00:30:00,52.73857893213573,64.73241,64.13676238445095,64.73241
2026-08-17 00:45:00,52.25735063382557,65.070435,65.52451938821405,65.070435
2026-08-17 01:00:00,85.99490770933917,64.46023,65.36468256192789,64.46023
2026-08-17 01:15:00,59.61982860610288,70.98963,88.19185552330774,70.98963
2026-08-17 01:30:00,64.37248612627805,64.76273,63.676276166910164,64.76273
2026-08-17 01:45:00,51.38293434617415,64.37945,64.41261320122065,64.37945
2026-08-17 02:00:00,55.70340850182743,65.635475,61.941899532975356,65.635475
2026-08-17 02:15:00,63.21770877657642,65.18079,67.88957114158909,65.18079
2026-08-17 02:30:00,88.20442219428078,62.19595,64.19774093222982,62.19595
2026-08-17 02:45:00,70.70983432716875,62.593044,63.81476393901346,62.593044
2026-08-17 03:00:00,73.7387848057972,66.69712,65.66632796098409,66.69712
2026-08-17 03:15:00,58.13828814281151,65.19314,66.22368980971451,65.19314
2026-08-17 03:30:00,82.4277906981909,66.11247,66.91533370668635,66.11247
2026-08-17 03:45:00,65.20215615458187,63.8234,64.68024149526951,63.8234
2026-08-17 04:00:00,61.44523616051137,65.74415,64.99232199542901,65.74415
2026-08-17 04:15:00,83.60455724785594,64.50925,64.81251021161503,64.50925
2026-08-17 04:30:00,65.69802546888391,69.25639,66.03216141731727,69.25639
2026-08-17 04:45:00,62.52832713028965,68.476265,66.49707774809025,68.476265
2026-08-17 05:00:00,70.20243339226778,65.93599,66.31734308969456,65.93599
2026-08-17 05:15:00,62.86819779436259,67.41524,66.72185722158908,67.41524
2026-08-17 05:30:00,74.52965792844154,66.909744,68.02257468567764,66.909744
2026-08-17 05:45:00,66.42799138607285,64.47228,65.01398980801658,64.47228
2026-08-17 06:00:00,106.25469429127536,125.38163,123.090244937105,125.38163
2026-08-17 06:15:00,118.18245511859502,139.33147,143.17965360857625,139.33147
2026-08-17 06:30:00,138.08544706878638,145.63445,138.09243999723745,145.63445
2026-08-17 06:45:00,138.3103515493643,142.10196,136.52570690695532,142.10196
2026-08-17 07:00:00,92.75944057308348,123.18718,116.37327062819276,123.18718
2026-08-17 07:15:00,118.13074017598078,123.65922,126.63955632210799,123.65922
2026-08-17 07:30:00,158.16988348586716,116.67966,140.57063302748134,116.67966
2026-08-17 07:45:00,103.75429794983312,115.643486,118.3325529354077,115.643486
2026-08-17 08:00:00,351.24971539943147,128.5967,107.98824908730991,128.5967
2026-08-17 08:15:00,353.170323080348,328.1487,304.32475196706827,328.1487
2026-08-17 08:30:00,365.9165183007418,352.3876,386.7577010544041,352.3876
2026-08-17 08:45:00,337.4222404049917,338.61554,352.8477251015828,338.61554
2026-08-17 09:00:00,315.5089990763557,322.1867,336.0357583482393,322.1867
2026-08-17 09:15:00,330.9872685219077,332.77554,341.89954960815817,332.77554
2026-08-17 09:30:00,329.72005644536193,338.0986,333.80274715064337,338.0986
2026-08-17 09:45:00,330.83815154179564,339.73645,335.0274606562946,339.73645
2026-08-17 10:00:00,310.5774281772468,305.117,307.16493401690593,305.117
2026-08-17 10:15:00,292.872968377806,300.51486,301.88766389185287,300.51486
2026-08-17 10:30:00,298.4593901466596,306.06918,306.8186789070186,306.06918
2026-08-17 10:45:00,293.5078998132762,306.59036,305.5470132022431,306.59036
2026-08-17 11:00:00,308.3151578178104,306.23282,302.16587511893056,306.23282
2026-08-17 11:15:00,300.4156493608255,301.48935,302.45955629785294,301.48935
2026-08-17 11:30:00,290.2096934144777,303.12427,303.0168635239935,303.12427
2026-08-17 11:45:00,315.2662118678915,299.2938,298.1632889036358,299.2938
2026-08-17 12:00:00,318.5261294285949,299.9331,301.01784752652895,299.9331
2026-08-17 12:15:00,305.19725935039014,301.68372,303.7781747490974,301.68372
2026-08-17 12:30:00,312.5428757033818,301.74792,298.92281249328397,301.74792
2026-08-17 12:45:00,333.40692505987926,305.98578,300.78424279976014,305.98578
2026-08-17 13:00:00,294.4039498030333,304.5608,299.12850965321115,304.5608
2026-08-17 13:15:00,292.19618099342307,305.3229,299.83861804166025,305.3229
2026-08-17 13:30:00,297.2487084801454,298.8692,298.32531426420667,298.8692
2026-08-17 13:45:00,295.1297059082245,294.88794,295.3179249506514,294.88794
2026-08-17 14:00:00,303.6401995050375,298.58997,298.40316807520145,298.58997
2026-08-17 14:15:00,298.047336399053,297.47284,297.0444670092904,297.47284
2026-08-17 14:30:00,299.2111477719978,301.86548,300.48804099475984,301.86548
2026-08-17 14:45:00,317.98202048028605,300.26773,298.7763631211861,300.26773
2026-08-17 15:00:00,307.3341706508485,297.05743,297.5680804252885,297.05743
2026-08-17 15:15:00,300.7450229712488,298.4424,298.0796152988238,298.4424
2026-08-17 15:30:00,295.8873843464364,300.91425,300.36869625309424,300.91425
2026-08-17 15:45:00,290.337927630398,294.5551,294.61749528507914,294.5551
2026-08-17 16:00:00,293.8995574364015,292.9387,291.46035798056636,292.9387
2026-08-17 16:15:00,300.6910980940107,297.09332,296.95365062874436,297.09332
2026-08-17 16:30:00,282.69433414438754,291.5291,289.6348661517494,291.5291
2026-08-17 16:45:00,287.9958168050754,292.7571,293.0372181073615,292.7571
2026-08-17 17:00:00,296.3706497783859,290.4651,289.68379153188596,290.4651
2026-08-17 17:15:00,283.1145906562671,290.58395,291.29542233761595,290.58395
2026-08-17 17:30:00,298.6283609622782,291.9394,292.5988504709193,291.9394
2026-08-17 17:45:00,293.0986742826845,286.23532,287.2926675205571,286.23532
2026-08-17 18:00:00,158.3889797624087,144.43787,142.9990683271634,144.43787
2026-08-17 18:15:00,134.54348456675385,153.82162,150.51128431925005,153.82162
2026-08-17 18:30:00,131.94895552359648,134.59517,145.5461481136357,134.59517
2026-08-17 18:45:00,150.1321968309183,144.99722,142.01032912461574,144.99722
2026-08-17 19:00:00,161.58588841710193,139.36218,139.63473269068106,139.36218
2026-08-17 19:15:00,139.35795661178938,138.37411,138.36449530153314,138.37411
2026-08-17 19:30:00,140.96476885244329,142.49394,138.89236610625437,142.49394
2026-08-17 19:45:00,142.4975658467078,136.86246,136.5913958719005,136.86246
2026-08-17 20:00:00,137.88262735543023,141.4488,139.77824532676416,141.4488
2026-08-17 20:15:00,153.4018327100651,140.2169,139.49035543718057,140.2169
2026-08-17 20:30:00,135.8694166321555,140.66614,140.16740234255883,140.66614
2026-08-17 20:45:00,144.18688081545196,140.52827,140.5062648474338,140.52827
2026-08-17 21:00:00,141.44106999429758,139.842,140.15448492181508,139.842
2026-08-17 21:15:00,125.3639003196455,140.03903,140.14985209142984,140.03903
2026-08-17 21:30:00,139.45349730058408,140.44559,141.76055994832066,140.44559
2026-08-17 21:45:00,135.17595255556003,139.41562,140.4896441337154,139.41562
2026-08-17 22:00:00,144.8125972244416,140.34682,140.6773967525488,140.34682
2026-08-17 22:15:00,137.6348939010824,141.40076,141.35671540316866,141.40076
2026-08-17 22:30:00,136.4765089177725,139.49951,141.49399534700328,139.49951
2026-08-17 22:45:00,148.64972397458158,143.21242,142.42990283958545,143.21242
2026-08-17 23:00:00,129.61900621700846,141.60449,140.7946722576412,141.60449
2026-08-17 23:15:00,137.46987297240094,141.28688,141.52703703905308,141.28688
2026-08-17 23:30:00,150.12994547492343,139.78055,140.42872109974758,139.78055
2026-08-17 23:45:00,127.74300977890005,139.29378,139.53902737774246,139.29378
2026-08-18 00:00:00,63.18339966033696,67.23798,67.88780859422958,67.23798
2026-08-18 00:15:00,50.12767280457585,65.05649,65.17647371452728,65.05649
2026-08-18 00:30:00,53.47989610345488,64.47795,65.11541877983332,64.47795
2026-08-18 00:45:00,64.09340671785444,65.4524,64.60821530721405,65.4524
2026-08-18 01:00:00,61.51134795018444,66.34562,66.52767911775848,66.34562
2026-08-18 01:15:00,62.52633466717116,65.56735,66.1483695970786,65.56735
2026-08-18 01:30:00,76.6440798236095,64.26415,65.05921508796251,64.26415
2026-08-18 01:45:00,72.37666814704929,66.45517,69.7589561353089,66.45517
2026-08-18 02:00:00,59.4739311670649,63.753,64.18252210831979,63.753
2026-08-18 02:15:00,60.75938518928432,63.54696,64.07326953117143,63.54696
2026-08-18 02:30:00,57.88458823623149,67.3237,59.514993441414866,67.3237
2026-08-18 02:45:00,51.88459853713447,66.5456,65.79761072581331,66.5456
2026-08-18 03:00:00,71.15867098640842,65.42645,65.84336325748689,65.42645
2026-08-18 03:15:00,71.34742185888149,65.344025,65.51271716982643,65.344025
2026-08-18 03:30:00,45.28054363856423,66.402534,65.61419280138671,66.402534
2026-08-18 03:45:00,79.58586542269404,65.609795,64.77780606062916,65.609795
2026-08-18 04:00:00,60.269571572446736,64.52251,65.03695396565828,64.52251
2026-08-18 04:15:00,73.91590945663172,66.024055,64.34044610484261,66.024055
2026-08-18 04:30:00,55.210770326756354,64.65454,65.36168133278879,64.65454
2026-08-18 04:45:00,59.24607912416074,65.62486,64.63125658073302,65.62486
2026-08-18 05:00:00,63.11526349167416,64.75108,65.8525261580284,64.75108
2026-08-18 05:15:00,88.27233193958487,64.54325,65.24318516971118,64.54325
2026-08-18 05:30:00,67.8668078086397,63.157524,65.03694733841824,63.157524
2026-08-18 05:45:00,76.79116237135142,64.32207,65.33417352349156,64.32207
2026-08-18 06:00:00,163.60392163042664,105.32749,127.48267271834513,105.32749
2026-08-18 06:15:00,141.50643148488837,139.63385,135.88697686499262,139.63385
2026-08-18 06:30:00,128.4716125304874,132.02473,130.63509462991286,132.02473
2026-08-18 06:45:00,133.4391403823036,143.70193,140.75921156983958,143.70193
2026-08-18 07:00:00,117.60920292981336,116.342926,92.24119842917518,116.342926
2026-08-18 07:15:00,136.4779358550485,110.78907,110.82733606817649,110.78907
2026-08-18 07:30:00,126.60624704827072,120.99168,122.81056390255966,120.99168
2026-08-18 07:45:00,130.23302166570946,116.985466,130.11188909590732,116.985466
2026-08-18 08:00:00,346.7005254674792,343.6198,361.0607726773635,343.6198
2026-08-18 08:15:00,340.119854489296,342.68884,341.40969186092275,342.68884
2026-08-18 08:30:00,343.3082495991314,340.71393,345.2173340333642,340.71393
2026-08-18 08:45:00,355.9803118639792,339.03506,339.45514637103366,339.03506
2026-08-18 09:00:00,313.6455051300941,326.5378,337.46381102812705,326.5378
2026-08-18 09:15:00,331.78758385201473,326.95618,325.7415902421172,326.95618
2026-08-18 09:30:00,323.93526729325697,332.61273,327.52904402200596,332.61273
2026-08-18 09:45:00,342.59439913586664,336.50473,328.86016764222194,336.50473
2026-08-18 10:00:00,304.9733754963015,298.6803,298.75581234335215,298.6803
2026-08-18 10:15:00,303.4575942404819,298.18723,298.13956353267145,298.18723
2026-08-18 10:30:00,306.8076366511765,301.511,303.2612366625117,301.511
2026-08-18 10:45:00,311.2570912068116,303.8085,303.16777945166746,303.8085
2026-08-18 11:00:00,308.85011305691137,303.02975,304.28212818682084,303.02975
2026-08-18 11:15:00,306.70636176728914,300.00116,299.2642394683838,300.00116
2026-08-18 11:30:00,303.0963283614679,299.33752,299.71090946366104,299.33752
2026-08-18 11:45:00,298.60740103899184,300.4662,300.31444926102637,300.4662
2026-08-18 12:00:00,298.6837216660194,302.2621,300.8905544819636,302.2621
2026-08-18 12:15:00,302.53637987787704,301.2041,300.8118493494779,301.2041
2026-08-18 12:30:00,296.49538416031515,299.14124,300.22904201067706,299.14124
2026-08-18 12:45:00,297.2627836338405,317.70935,334.44148953533943,317.70935
2026-08-18 13:00:00,314.69842226224955,304.74835,301.8257056256529,304.74835
2026-08-18 13:15:00,277.20378323711475,305.0806,300.9264263109109,305.0806
2026-08-18 13:30:00,298.95950377277904,296.2875,297.1400849105681,296.2875
2026-08-18 13:45:00,292.5931677401359,297.40482,297.9310274195384,297.40482
2026-08-18 14:00:00,296.81261452974337,305.0672,305.6726304877573,305.0672
2026-08-18 14:15:00,315.7627270537088,300.40036,302.4683836338858,300.40036
2026-08-18 14:30:00,310.96012174502584,301.6259,305.0628455772371,301.6259
2026-08-18 14:45:00,322.8313991808238,302.74658,301.8996624669667,302.74658
2026-08-18 15:00:00,301.84562116510074,289.6386,289.50095004437185,289.6386
2026-08-18 15:15:00,309.48119412763583,299.98297,300.43385712188456,299.98297
2026-08-18 15:30:00,284.87016254153485,299.26358,299.5036185133531,299.26358
2026-08-18 15:45:00,288.9133264632825,291.45294,292.8519673692233,291.45294
2026-08-18 16:00:00,295.0715135369702,289.8339,290.3456991146304,289.8339
2026-08-18 16:15:00,273.5637954544229,295.0229,295.34273937450627,295.0229
2026-08-18 16:30:00,296.41468823072034,291.45837,292.02684670544573,291.45837
2026-08-18 16:45:00,310.1489920248078,297.20605,298.75862310284305,297.20605
2026-08-18 17:00:00,299.64215351205473,292.79163,292.68158643941143,292.79163
2026-08-18 17:15:00,286.0163429402765,286.94943,286.98841112993654,286.94943
2026-08-18 17:30:00,293.20892916436577,289.4138,290.5380810645501,289.4138
2026-08-18 17:45:00,278.73863629090613,281.05725,282.27514321067713,281.05725
2026-08-18 18:00:00,149.0939646260595,140.44739,138.08879672491946,140.44739
2026-08-18 18:15:00,146.98629419661367,142.98517,144.6854789075498,142.98517
2026-08-18 18:30:00,134.49535176549955,138.05484,143.77992150946307,138.05484
2026-08-18 18:45:00,145.0449451054081,137.74274,136.48431820437017,137.74274
2026-08-18 19:00:00,138.28851439722408,142.8202,138.5504526037554,142.8202
2026-08-18 19:15:00,156.16810827836625,136.25453,136.37619967360808,136.25453
2026-08-18 19:30:00,151.1160627457574,138.63118,138.1879091806519,138.63118
2026-08-18 19:45:00,139.0518424162587,139.8646,139.3221764113358,139.8646
2026-08-18 20:00:00,135.19115235574287,140.67116,140.6409991894396,140.67116
2026-08-18 20:15:00,148.36005503382944,141.68068,142.10783030817882,141.68068
2026-08-18 20:30:00,134.9070155329024,140.91829,139.989679100157,140.91829
2026-08-18 20:45:00,157.87522917062807,140.1917,140.95481623269134,140.1917
2026-08-18 21:00:00,129.78293105523736,140.89622,140.55169174265617,140.89622
2026-08-18 21:15:00,130.00322121224386,140.11385,140.86302802363295,140.11385
2026-08-18 21:30:00,153.5344718751836,140.40436,141.21185146691275,140.40436
2026-08-18 21:45:00,130.0863583449705,140.95654,140.34109664130045,140.95654
2026-08-18 22:00:00,141.1916117028033,139.57106,140.09983405794702,139.57106
2026-08-18 22:15:00,158.00650105418825,141.08792,140.72903103887703,141.08792
2026-08-18 22:30:00,154.8281585715064,139.6329,140.05541395893223,139.6329
2026-08-18 22:45:00,133.35214496567704,140.13611,141.9968912932092,140.13611
2026-08-18 23:00:00,144.73507884250827,140.32245,139.90097777570713,140.32245
2026-08-18 23:15:00,139.25295698275528,138.41197,140.67199797821084,138.41197
2026-08-18 23:30:00,152.55645658464042,141.49127,140.6759038513588,141.49127
2026-08-18 23:45:00,130.3971696473425,140.58966,139.92019633594208,140.58966
2026-08-19 00:00:00,64.24964294533757,65.57003,65.65930230452201,65.57003
2026-08-19 00:15:00,60.02035487806966,66.16765,67.45032897505777,66.16765
2026-08-19 00:30:00,58.72300188027126,66.35257,67.11947098502533,66.35257
2026-08-19 00:45:00,84.14871352958696,63.970882,65.8620500766834,63.970882
2026-08-19 01:00:00,67.17741504391999,64.370094,64.60828596185064,64.370094
2026-08-19 01:15:00,73.25625235693288,65.83012,65.10135999862517,65.83012
2026-08-19 01:30:00,62.08314029206862,65.00422,65.87775456182831,65.00422
2026-08-19 01:45:00,67.01376846635648,65.54055,66.11226978308056,65.54055
2026-08-19 02:00:00,58.8609732337664,64.1988,64.9625634005123,64.1988
2026-08-19 02:15:00,68.47076302513676,65.242386,65.31221079974442,65.242386
2026-08-19 02:30:00,55.75694378013993,65.28125,65.0342787250029,65.28125
2026-08-19 02:45:00,60.1728375781516,64.0728,64.3972034423938,64.0728
2026-08-19 03:00:00,64.49355093906041,65.90131,65.64576709491014,65.90131
2026-08-19 03:15:00,80.48420212549867,66.203064,65.98107911461702,66.203064
2026-08-19 03:30:00,63.88683642593982,65.83401,65.48799428647823,65.83401
2026-08-19 03:45:00,77.0610683142088,65.676094,65.52059591398175,65.676094
2026-08-19 04:00:00,51.2183145469697,65.58941,65.04553757678241,65.58941
2026-08-19 04:15:00,58.88724935669613,66.50491,65.69174759639914,66.50491
2026-08-19 04:30:00,56.09012256166219,66.4066,66.52028644075656,66.4066
2026-08-19 04:45:00,63.50829170757792,66.324875,66.99844453433867,66.324875
2026-08-19 05:00:00,51.48490141170928,65.05298,66.17375334887599,65.05298
2026-08-19 05:15:00,72.57079156672074,69.319595,69.28525644726835,69.319595
2026-08-19 05:30:00,63.86905376147318,64.79514,64.65516403100179,64.79514
2026-08-19 05:45:00,69.5061672245108,62.248558,64.21810107222701,62.248558
2026-08-19 06:00:00,107.88535596218328,121.00746,122.20612850011472,121.00746
2026-08-19 06:15:00,111.66696163361034,127.14715,128.78631874161917,127.14715
2026-08-19 06:30:00,141.12109311120577,135.2624,134.29557103867688,135.2624
2026-08-19 06:45:00,109.07971880056064,121.112076,122.36442470671851,121.112076
2026-08-19 07:00:00,128.42482734130692,121.24418,121.72301276856852,121.24418
2026-08-19 07:15:00,133.81777051536545,133.83595,134.7315583928908,133.83595
2026-08-19 07:30:00,125.1854334421693,119.99309,121.14118884277693,119.99309
2026-08-19 07:45:00,125.95382693998432,135.18404,133.24883914098672,135.18404
2026-08-19 08:00:00,367.1278588277378,307.78854,325.34196271966647,307.78854
2026-08-19 08:15:00,342.12476656769013,317.764,335.9849211962172,317.764
2026-08-19 08:30:00,357.57604346751407,354.29196,356.82074361737693,354.29196
2026-08-19 08:45:00,334.8954133085333,320.4237,328.0859520151084,320.4237
2026-08-19 09:00:00,327.8607621205764,330.10968,337.39674279268627,330.10968
2026-08-19 09:15:00,337.55785447499375,326.25397,327.1931375215319,326.25397
2026-08-19 09:30:00,317.194111548484,334.56552,336.89738058831296,334.56552
2026-08-19 09:45:00,313.38485835564205,323.96912,328.56586206262824,323.96912
2026-08-19 10:00:00,303.5541300025172,299.92316,303.5308637754193,299.92316
2026-08-19 10:15:00,309.366072568041,304.0894,302.8348424071359,304.0894
2026-08-19 10:30:00,291.3241087474639,299.74265,300.96635899022186,299.74265
2026-08-19 10:45:00,302.5989094913771,303.25394,302.68258131370425,303.25394
2026-08-19 11:00:00,284.4713828893156,303.72736,304.56599063973175,303.72736
2026-08-19 11:15:00,304.31814850218785,304.2457,303.9437520694455,304.2457
2026-08-19 11:30:00,297.5683030046744,298.54694,298.00432987684775,298.54694
2026-08-19 11:45:00,298.994387842169,295.76425,296.94327382723236,295.76425
2026-08-19 12:00:00,319.01933763028654,301.43582,300.56064755556395,301.43582
2026-08-19 12:15:00,295.9803240640334,301.54163,301.61383234411215,301.54163
2026-08-19 12:30:00,291.64880481750566,302.16525,302.4213340188235,302.16525
2026-08-19 12:45:00,300.806720215059,296.36243,298.93733986111505,296.36243
2026-08-19 13:00:00,295.6536350887858,297.08353,297.6919398022974,297.08353
2026-08-19 13:15:00,304.95481784729566,301.2441,301.21431627940115,301.2441
2026-08-19 13:30:00,293.8215950278108,297.83774,298.4475557714469,297.83774
2026-08-19 13:45:00,302.43537882376546,306.90054,305.518340499822,306.90054
2026-08-19 14:00:00,289.1960915566773,299.8151,297.84399936562886,299.8151
2026-08-19 14:15:00,313.71236164585054,307.44986,303.01960404070746,307.44986
2026-08-19 14:30:00,313.8077411954349,305.69824,304.9037846673304,305.69824
2026-08-19 14:45:00,318.37491607139253,297.9112,297.6492565712902,297.9112
2026-08-19 15:00:00,311.5297626146301,304.09848,303.4254822510054,304.09848
2026-08-19 15:15:00,297.58963318603014,295.60858,295.04922090810294,295.60858
2026-08-19 15:30:00,292.35383185762373,296.76224,297.19950127686974,296.76224
2026-08-19 15:45:00,286.81849404752774,296.8252,297.13720495884405,296.8252
2026-08-19 16:00:00,299.66925027937305,292.04343,292.3572350613303,292.04343
2026-08-19 16:15:00,292.37566711623475,291.36926,292.5049046042337,291.36926
2026-08-19 16:30:00,292.7479358384849,293.67307,293.0870685585719,293.67307
2026-08-19 16:45:00,291.0402121304264,293.89767,293.52959958622813,293.89767
2026-08-19 17:00:00,297.7718982932828,289.31284,288.1822318954274,289.31284
2026-08-19 17:15:00,294.4216221033311,285.59818,285.75298314572404,285.59818
2026-08-19 17:30:00,282.3654544817378,286.68866,287.59579780342216,286.68866
2026-08-19 17:45:00,282.96284464915817,285.30197,285.5888615494208,285.30197
2026-08-19 18:00:00,150.96330009815117,145.95074,145.01102328542746,145.95074
2026-08-19 18:15:00,161.460747616522,143.4767,147.03669477825156,143.4767
2026-08-19 18:30:00,159.66704047194332,140.14848,138.4884544295879,140.14848
2026-08-19 18:45:00,132.81633308847034,139.8204,139.5027437272098,139.8204
2026-08-19 19:00:00,139.4043429700197,140.39813,140.96787167219676,140.39813
2026-08-19 19:15:00,145.60400161484912,138.51279,139.83738573329254,138.51279
2026-08-19 19:30:00,147.1083864386103,138.03319,137.13037531570305,138.03319
2026-08-19 19:45:00,129.97184448608937,137.6909,135.93012602192306,137.6909
2026-08-19 20:00:00,133.04729290104768,141.05948,140.69575747049703,141.05948
2026-08-19 20:15:00,129.64322011631106,138.03764,137.85204573824734,138.03764
2026-08-19 20:30:00,133.91892772119996,142.90366,140.11678824103313,142.90366
2026-08-19 20:45:00,127.77175955455331,139.99638,140.14088430273944,139.99638
2026-08-19 21:00:00,133.62081553784196,140.25453,140.67879534638465,140.25453
2026-08-19 21:15:00,129.22305445556097,139.794,140.8417218543708,139.794
2026-08-19 21:30:00,149.96585870423533,142.19685,141.28918602787823,142.19685
2026-08-19 21:45:00,127.70720915757984,139.74722,140.10377509357724,139.74722
2026-08-19 22:00:00,135.3909798859979,140.97652,140.57093617126768,140.97652
2026-08-19 22:15:00,141.75891108734828,141.12154,140.6264548195066,141.12154
2026-08-19 22:30:00,148.8173802588817,140.83821,141.429323854174,140.83821
2026-08-19 22:45:00,156.59416190996066,141.49246,140.68378014495406,141.49246
2026-08-19 23:00:00,131.44229741129257,139.72533,140.33798124639452,139.72533
2026-08-19 23:15:00,132.7705168805648,141.1627,140.71320283087803,141.1627
2026-08-19 23:30:00,124.64636428273845,141.65286,142.0483054468151,141.65286
2026-08-19 23:45:00,139.28075517646852,140.09995,140.42097123668296,140.09995
2026-08-20 00:00:00,57.99494224122414,65.88486,66.02437452696563,65.88486
2026-08-20 00:15:00,54.69791252916915,64.91414,65.11815477782027,64.91414
2026-08-20 00:30:00,71.11816828217667,64.43691,64.8282505721189,64.43691
2026-08-20 00:45:00,59.399328731810215,70.37514,72.91161214652767,70.37514
2026-08-20 01:00:00,65.02643862784089,64.566765,64.9824083745326,64.566765
2026-08-20 01:15:00,53.94658891761943,65.102684,66.11721558263045,65.102684
2026-08-20 01:30:00,67.35164096787534,64.800735,67.04345489615095,64.800735
2026-08-20 01:45:00,64.41123043774166,68.189766,68.41972241032283,68.189766
2026-08-20 02:00:00,74.12815087882024,65.22399,65.0366334226206,65.22399
2026-08-20 02:15:00,74.17021634167241,64.52704,64.63030475362085,64.52704
2026-08-20 02:30:00,94.19214121102056,64.83913,64.92759361388227,64.83913
2026-08-20 02:45:00,71.65128890066015,64.98013,65.00914211883634,64.98013
2026-08-20 03:00:00,54.128809686187154,65.82374,66.31049505355818,65.82374
2026-08-20 03:15:00,63.381280119351686,67.81613,66.12780024798131,67.81613
2026-08-20 03:30:00,57.580035486293454,66.58533,66.18777928005176,66.58533
2026-08-20 03:45:00,71.54180849599646,65.20255,65.24703577422588,65.20255
2026-08-20 04:00:00,88.39775213664245,65.50538,65.13932634376197,65.50538
2026-08-20 04:15:00,69.75500558031447,65.81661,65.44414250122968,65.81661
2026-08-20 04:30:00,57.27225934843007,64.56914,65.50084830104996,64.56914
2026-08-20 04:45:00,75.4715922968908,65.11953,64.97701333215846,65.11953
2026-08-20 05:00:00,71.46959516798844,68.498764,66.7712548948935,68.498764
2026-08-20 05:15:00,60.442204553851525,64.66977,65.25327412186114,64.66977
2026-08-20 05:30:00,72.08758312654915,65.57043,66.58513517405825,65.57043
2026-08-20 05:45:00,55.4449737305699,65.847305,67.26160429004844,65.847305
2026-08-20 06:00:00,151.7367542091951,137.61168,124.24994845962733,137.61168
2026-08-20 06:15:00,130.18940904793345,132.27711,123.53566732289349,132.27711
2026-08-20 06:30:00,132.61524407045795,145.79506,145.7168029618635,145.79506
2026-08-20 06:45:00,138.57644942226676,137.49783,124.33792740028574,137.49783
2026-08-20 07:00:00,136.3586768583949,116.43728,118.49217003262044,116.43728
2026-08-20 07:15:00,128.35471840277722,112.941185,115.03605670832218,112.941185
2026-08-20 07:30:00,113.07892378386276,109.27533,108.48422998643734,109.27533
2026-08-20 07:45:00,133.0760353902053,134.37369,132.38249007719864,134.37369
2026-08-20 08:00:00,332.1472960821451,322.0063,332.87382594546915,322.0063
2026-08-20 08:15:00,313.5401939894633,332.3433,327.5383741780234,332.3433
2026-08-20 08:30:00,340.6965831074288,350.09433,350.25720423941317,350.09433
2026-08-20 08:45:00,350.05131136297405,343.32135,343.4695335394347,343.32135
2026-08-20 09:00:00,299.80058225706847,330.87634,333.7386404431115,330.87634
2026-08-20 09:15:00,308.67173551330444,322.7604,326.7823429698526,322.7604
2026-08-20 09:30:00,335.58966967900983,336.46933,336.7147511987399,336.46933
2026-08-20 09:45:00,332.143008597835,337.9796,343.2186810127588,337.9796
2026-08-20 10:00:00,289.231817355021,294.01486,296.2704193810829,294.01486
2026-08-20 10:15:00,291.8620765100925,303.2018,300.8973497999176,303.2018
2026-08-20 10:30:00,303.51832567474963,299.18106,299.3989468964183,299.18106
2026-08-20 10:45:00,307.450015909493,302.1684,301.9330521239628,302.1684
2026-08-20 11:00:00,293.21558088205063,302.43002,302.11527482393797,302.43002
2026-08-20 11:15:00,302.9248872348247,302.2217,302.9265958543654,302.2217
2026-08-20 11:30:00,319.9047217503388,302.75092,303.1767147584116,302.75092
2026-08-20 11:45:00,307.4299027591841,300.60327,299.32012100003357,300.60327
2026-08-20 12:00:00,296.8406462315293,301.9691,301.7120365833487,301.9691
2026-08-20 12:15:00,300.4292694232762,305.03528,304.8037261739905,305.03528
2026-08-20 12:30:00,316.67109461430465,303.12216,303.65289321128336,303.12216
2026-08-20 12:45:00,306.2976145024356,300.1479,300.4027477676033,300.1479
2026-08-20 13:00:00,306.78703591683865,301.49106,303.08065321801166,301.49106
2026-08-20 13:15:00,288.65376189378725,297.0244,299.0124717535755,297.0244
2026-08-20 13:30:00,292.2453773841895,290.57715,291.2596745217032,290.57715
2026-08-20 13:45:00,323.23989348979177,301.37634,303.5590176952825,301.37634
2026-08-20 14:00:00,293.43840346400486,304.3961,304.7223543604862,304.3961
2026-08-20 14:15:00,298.916894129204,304.10455,301.8351123371748,304.10455
2026-08-20 14:30:00,294.6065749470755,301.80634,299.28103377930876,301.80634
2026-08-20 14:45:00,291.51208280425067,294.6349,294.05839293260243,294.6349
2026-08-20 15:00:00,294.0175557694963,293.07727,293.6584768611851,293.07727
2026-08-20 15:15:00,288.39059053201345,287.60983,287.204555566588,287.60983
2026-08-20 15:30:00,297.5536187504581,301.30765,301.9554475236953,301.30765
2026-08-20 15:45:00,304.9405471692332,300.56396,299.7892796382316,300.56396
2026-08-20 16:00:00,302.485295634488,298.32523,299.2893549243459,298.32523
2026-08-20 16:15:00,284.0005844434571,286.72684,287.2140399627147,286.72684
2026-08-20 16:30:00,279.8342780115688,286.8367,287.4895364292606,286.8367
2026-08-20 16:45:00,320.86972189134343,300.50555,300.4717927907136,300.50555
2026-08-20 17:00:00,281.99556780356306,290.80765,291.4215528158054,290.80765
2026-08-20 17:15:00,291.9581392217596,287.72015,287.58052166935863,287.72015
2026-08-20 17:30:00,287.20932531950723,280.1856,280.58790054613553,280.1856
2026-08-20 17:45:00,301.2914666655476,286.30164,285.1429635022689,286.30164
2026-08-20 18:00:00,143.5323091909151,144.08388,141.97303129910156,144.08388
2026-08-20 18:15:00,135.6772617186781,141.65988,148.91290642860812,141.65988
2026-08-20 18:30:00,120.6764980755785,144.46341,146.65367349081004,144.46341
2026-08-20 18:45:00,140.38447980419443,141.46072,139.3227393607646,141.46072
2026-08-20 19:00:00,149.49898080793747,136.26208,137.11272012209525,136.26208
2026-08-20 19:15:00,131.99679691812682,138.55194,139.21047381863576,138.55194
2026-08-20 19:30:00,110.70478127410809,139.79855,135.067632594307,139.79855
2026-08-20 19:45:00,141.44641269259813,140.574,153.86260730679913,140.574
2026-08-20 20:00:00,139.25548989178503,137.57692,156.89860642680358,137.57692
2026-08-20 20:15:00,142.83361553788512,140.93694,135.81344485391642,140.93694
2026-08-20 20:30:00,119.2100446696024,141.73265,137.25562714694627,141.73265
2026-08-20 20:45:00,139.13427945148246,140.44202,139.34778416385305,140.44202
2026-08-20 21:00:00,144.41871472026406,140.03563,139.271385821702,140.03563
2026-08-20 21:15:00,136.1104529535374,140.46721,138.35084472772317,140.46721
2026-08-20 21:30:00,146.79596142470947,142.30836,141.29607100374815,142.30836
2026-08-20 21:45:00,121.59618442519542,140.63661,140.6108556890977,140.63661
2026-08-20 22:00:00,120.3853431412405,141.23352,141.35447291435386,141.23352
2026-08-20 22:15:00,155.99633679158282,140.74629,143.00939381733107,140.74629
2026-08-20 22:30:00,131.81672164227427,141.72655,141.3129492494498,141.72655
2026-08-20 22:45:00,123.82878896820566,141.50827,141.37471810506446,141.50827
2026-08-20 23:00:00,141.67744530909198,139.75984,140.47052765499063,139.75984
2026-08-20 23:15:00,137.50948847800944,139.89966,140.85982923659375,139.89966
2026-08-20 23:30:00,125.78340899432727,140.44354,140.42116137610367,140.44354
2026-08-20 23:45:00,130.77664537113685,140.86942,140.75877934694932,140.86942
2026-08-21 00:00:00,59.66566950206334,65.84365,66.1043165828784,65.84365
2026-08-21 00:15:00,64.78221993601795,65.11474,67.96385503109468,65.11474
2026-08-21 00:30:00,63.19345366337471,65.7389,66.3014008729862,65.7389
2026-08-21 00:45:00,59.2440374874324,65.4711,66.42431340978322,65.4711
2026-08-21 01:00:00,76.31519781554415,65.00955,65.07773229699247,65.00955
2026-08-21 01:15:00,65.43735682283554,65.23341,65.4058452084611,65.23341
2026-08-21 01:30:00,88.80986434866372,64.836655,65.30358192903675,64.836655
2026-08-21 01:45:00,46.50639729417588,67.86492,67.62663419785467,67.86492
2026-08-21 02:00:00,71.21538380202864,65.57588,65.89900680678183,65.57588
2026-08-21 02:15:00,63.50248431540517,64.93119,65.49114157867186,64.93119
2026-08-21 02:30:00,72.54638782028512,69.263145,60.179077130131276,69.263145
2026-08-21 02:45:00,67.7011307459847,66.73141,65.56971877849973,66.73141
2026-08-21 03:00:00,74.7927296792686,65.83397,65.52518791521038,65.83397
2026-08-21 03:15:00,65.01658012374686,65.69765,65.45758829996241,65.69765
2026-08-21 03:30:00,58.60219169933208,66.75839,65.41111130800424,66.75839
2026-08-21 03:45:00,58.18171814584731,64.39607,63.63215666799466,64.39607
2026-08-21 04:00:00,56.324149425043146,73.33368,67.64507232397835,73.33368
2026-08-21 04:15:00,71.66901303563884,65.35312,64.85112633301814,65.35312
2026-08-21 04:30:00,63.176818944259,65.99911,66.06587532536894,65.99911
2026-08-21 04:45:00,50.88731368520799,65.673294,66.46462044849036,65.673294
2026-08-21 05:00:00,44.83657338862737,64.09135,64.84987704857372,64.09135
2026-08-21 05:15:00,73.56058450975698,64.09606,64.16427884903781,64.09606
2026-08-21 05:30:00,67.45862172122331,66.49254,66.07122191452972,66.49254
2026-08-21 05:45:00,67.33893622202663,65.80485,65.74399738486059,65.80485
2026-08-21 06:00:00,140.36820843625577,139.88626,142.72836221578712,139.88626
2026-08-21 06:15:00,125.6580617598126,138.89702,139.55038580818692,138.89702
2026-08-21 06:30:00,129.73644919915745,136.89478,135.63834602693365,136.89478
2026-08-21 06:45:00,116.32969638370112,118.84877,117.28371242722004,118.84877
2026-08-21 07:00:00,127.34446981026454,115.12086,117.89986328117922,115.12086
2026-08-21 07:15:00,124.5305414269864,129.80379,130.1526029820925,129.80379
2026-08-21 07:30:00,126.4334923089352,116.19277,122.30696389618966,116.19277
2026-08-21 07:45:00,106.81177238743078,114.343475,114.6240608045133,114.343475
2026-08-21 08:00:00,345.6013312226359,325.40305,332.74394382840825,325.40305
2026-08-21 08:15:00,326.66559173427294,317.23608,229.8107115093409,317.23608
2026-08-21 08:30:00,367.1399521940906,357.0505,358.24423902710396,357.0505
2026-08-21 08:45:00,337.1614844482786,345.66745,345.3368257343891,345.66745
2026-08-21 09:00:00,339.1723327211447,325.50928,334.1882757598602,325.50928
2026-08-21 09:15:00,306.7131031022203,321.1216,334.54158537815243,321.1216
2026-08-21 09:30:00,335.4569018774462,330.99045,332.8229024720806,330.99045
2026-08-21 09:45:00,346.30636139145406,335.72757,336.50125190285405,335.72757
2026-08-21 10:00:00,288.39312754577577,294.5026,294.0723409103231,294.5026
2026-08-21 10:15:00,300.60874548523054,295.02066,294.7844860814698,295.02066
2026-08-21 10:30:00,319.143478808834,302.96283,303.2863363710471,302.96283
2026-08-21 10:45:00,301.51314787619924,302.16913,303.293641802439,302.16913
2026-08-21 11:00:00,316.6776607812703,300.5913,300.6920517729465,300.5913
2026-08-21 11:15:00,290.1534477336403,292.5549,292.6506036769722,292.5549
2026-08-21 11:30:00,288.35344071789297,301.7133,301.5176267489041,301.7133
2026-08-21 11:45:00,300.5400337695579,299.33542,298.48860614685356,299.33542
2026-08-21 12:00:00,305.8852747619496,303.91824,302.32663417061264,303.91824
2026-08-21 12:15:00,310.13868904790104,303.22403,301.5709146977889,303.22403
2026-08-21 12:30:00,295.517873286512,295.51053,295.45009492219185,295.51053
2026-08-21 12:45:00,304.82582581022064,301.12274,302.3529779427624,301.12274
2026-08-21 13:00:00,297.81562305756336,302.37192,303.5853182348484,302.37192
2026-08-21 13:15:00,308.4149779054788,297.2319,296.7858141823172,297.2319
2026-08-21 13:30:00,318.7416542642059,299.67728,301.0475803805495,299.67728
2026-08-21 13:45:00,300.3814371970488,299.68704,299.0323107613372,299.68704
2026-08-21 14:00:00,301.1495601402148,295.33167,295.6638464825524,295.33167
2026-08-21 14:15:00,300.8004796427079,295.82623,298.0060889775371,295.82623
2026-08-21 14:30:00,288.52722531268904,294.15005,295.4739160204782,294.15005
2026-08-21 14:45:00,316.43030281125743,300.08472,302.11459872238885,300.08472
2026-08-21 15:00:00,301.9826620140003,300.06625,299.66612291982705,300.06625
2026-08-21 15:15:00,288.929798407105,297.5474,298.0246887126834,297.5474
2026-08-21 15:30:00,288.9433030929203,295.18253,295.16900274845233,295.18253
2026-08-21 15:45:00,304.1816776608433,294.89563,297.34281313944393,294.89563
2026-08-21 16:00:00,306.4722547933713,292.24197,294.57495270009315,292.24197
2026-08-21 16:15:00,312.9607488593583,299.09634,300.4533228173601,299.09634
2026-08-21 16:30:00,304.8727012567612,290.02097,292.54678455866826,290.02097
2026-08-21 16:45:00,291.048006625388,292.91537,292.57350778354675,292.91537
2026-08-21 17:00:00,295.41991807998374,287.0886,288.00823909314084,287.0886
2026-08-21 17:15:00,299.7663219860896,288.02295,290.4603120688251,288.02295
2026-08-21 17:30:00,299.27170464154904,286.47702,285.75194619830404,286.47702
2026-08-21 17:45:00,287.1794180474635,294.62347,294.0684127060657,294.62347
2026-08-21 18:00:00,139.5999160597015,145.10783,145.67979750502133,145.10783
2026-08-21 18:15:00,135.92964312272693,135.39613,142.31103084859944,135.39613
2026-08-21 18:30:00,137.05786058829656,130.88513,138.1095124608222,130.88513
2026-08-21 18:45:00,141.0496094645246,149.03983,144.13211496216508,149.03983
2026-08-21 19:00:00,159.62507597146882,140.65134,140.7516817761766,140.65134
2026-08-21 19:15:00,150.17996446704262,140.82198,138.7809317093126,140.82198
2026-08-21 19:30:00,144.04929986641443,142.90309,158.9620794925742,142.90309
2026-08-21 19:45:00,141.51561385134298,137.74066,131.3081180596953,137.74066
2026-08-21 20:00:00,142.65742122391907,141.88583,137.36486108034984,141.88583
2026-08-21 20:15:00,143.8914739933813,141.4152,136.95507814937935,141.4152
2026-08-21 20:30:00,145.39307195072792,139.24376,140.94407260990698,139.24376
2026-08-21 20:45:00,144.1433150616419,140.8685,139.27486503344227,140.8685
2026-08-21 21:00:00,127.28436659195724,139.61685,139.02729938462934,139.61685
2026-08-21 21:15:00,124.25624022034972,140.22618,139.52407563391054,140.22618
2026-08-21 21:30:00,151.15207055192826,139.7588,142.26867048210855,139.7588
2026-08-21 21:45:00,146.79356768452757,140.54446,140.4032574838251,140.54446
2026-08-21 22:00:00,130.6970913204546,140.17235,139.84199026928218,140.17235
2026-08-21 22:15:00,144.91864077114343,141.95078,141.35351848676964,141.95078
2026-08-21 22:30:00,137.20815376606149,139.55843,140.50447696870836,139.55843
2026-08-21 22:45:00,132.701180134582,141.22476,140.6142543947787,141.22476
2026-08-21 23:00:00,149.85726705451708,140.34976,140.26838016476967,140.34976
2026-08-21 23:15:00,151.0042003151134,140.2283,141.5365884561717,140.2283
2026-08-21 23:30:00,136.12689003840327,141.1455,140.8541077131009,141.1455
2026-08-21 23:45:00,139.676358066479,141.21877,141.07498119865917,141.21877
2026-08-22 00:00:00,56.50312290504316,64.743385,65.44576958822896,64.743385
2026-08-22 00:15:00,75.21641236198347,65.06513,66.1921109304533,65.06513
2026-08-22 00:30:00,77.94446668248219,64.86577,65.22834358046985,64.86577
2026-08-22 00:45:00,69.17426027900916,65.051445,65.26358439215491,65.051445
2026-08-22 01:00:00,71.60687866375594,64.44956,64.71531999899244,64.44956
2026-08-22 01:15:00,72.53626168094121,64.2954,64.54939834056404,64.2954
2026-08-22 01:30:00,57.69517936838108,67.15599,57.55567522171478,67.15599
2026-08-22 01:45:00,92.5883355893981,65.3257,65.97052603446078,65.3257
2026-08-22 02:00:00,72.68117137255965,65.10504,65.52629478060474,65.10504
2026-08-22 02:15:00,47.84441799156518,64.45979,64.92435843380322,64.45979
2026-08-22 02:30:00,68.69998518218539,64.235374,64.74369570102948,64.235374
2026-08-22 02:45:00,68.76406487178997,66.02892,65.4340466705818,66.02892
2026-08-22 03:00:00,70.66376537336006,65.44794,65.7855949078655,65.44794
2026-08-22 03:15:00,75.70661847908164,66.63763,66.27040342504569,66.63763
2026-08-22 03:30:00,67.9241925533559,65.54879,65.94450810932237,65.54879
2026-08-22 03:45:00,74.37569046786152,64.296906,65.16527360992124,64.296906
2026-08-22 04:00:00,69.79573495131208,65.13645,65.35120477630198,65.13645
2026-08-22 04:15:00,64.58819250141678,65.73171,65.60025765522505,65.73171
2026-08-22 04:30:00,81.35492462082503,65.422264,65.4905556896766,65.422264
2026-08-22 04:45:00,69.63645925500825,66.25449,65.21133383146493,66.25449
2026-08-22 05:00:00,73.57965106730848,64.9349,64.64522264885038,64.9349
2026-08-22 05:15:00,84.1382514458376,64.83148,64.275976690166,64.83148
2026-08-22 05:30:00,68.4505535886874,65.977104,65.64126673150608,65.977104
2026-08-22 05:45:00,83.59109086175404,65.17123,64.59617217859568,65.17123
2026-08-22 06:00:00,147.47759498336603,145.84181,147.0928358992497,145.84181
2026-08-22 06:15:00,132.3239478379752,137.95807,138.73900240321726,137.95807
2026-08-22 06:30:00,122.87891353279896,135.8679,134.69020445841642,135.8679
2026-08-22 06:45:00,122.6482002695646,130.02216,126.54968832365162,130.02216
2026-08-22 07:00:00,97.479469963394,119.6065,118.79434925635645,119.6065
2026-08-22 07:15:00,142.3167519622267,133.85811,135.41173337057506,133.85811
2026-08-22 07:30:00,147.0032267402654,129.24106,128.46058516369592,129.24106
2026-08-22 07:45:00,129.5934999977815,116.445755,130.86826994914563,116.445755
2026-08-22 08:00:00,141.7769174390791,138.34903,133.40939188409527,138.34903
2026-08-22 08:15:00,90.1911021531132,114.1319,129.06212791377004,114.1319
2026-08-22 08:30:00,119.63054567636384,110.275,113.06047961811414,110.275
2026-08-22 08:45:00,107.9027341201847,110.71462,112.2821058990059,110.71462
2026-08-22 09:00:00,130.48481080488347,112.51688,106.44995617344544,112.51688
2026-08-22 09:15:00,121.6825714849695,109.894775,106.56517093324422,109.894775
2026-08-22 09:30:00,100.89896942676395,105.866516,100.95900629910656,105.866516
2026-08-22 09:45:00,99.35062015970774,107.38047,105.5127707811597,107.38047
2026-08-22 10:00:00,62.078802428484536,64.25247,65.74588320578968,64.25247
2026-08-22 10:15:00,67.87495877071927,65.53018,68.09236922272075,65.53018
2026-08-22 10:30:00,59.94948868491489,72.00741,74.81968598324401,72.00741
2026-08-22 10:45:00,75.80073681939318,66.51704,66.9309957666924,66.51704
2026-08-22 11:00:00,55.40891476150583,63.36268,69.82560991920096,63.36268
2026-08-22 11:15:00,57.28415778508554,64.303955,63.842519919546085,64.303955
2026-08-22 11:30:00,65.00082719725617,63.779224,63.06375311109417,63.779224
2026-08-22 11:45:00,77.73226181933106,64.35853,64.42868352966994,64.35853
2026-08-22 12:00:00,85.22547235089513,63.03878,61.70460020294281,63.03878
2026-08-22 12:15:00,57.12453261278774,62.229656,61.32111478177077,62.229656
2026-08-22 12:30:00,80.47002626479048,64.72194,64.73442504821308,64.72194
2026-08-22 12:45:00,74.4250252652484,62.3378,63.6952539772467,62.3378
2026-08-22 13:00:00,77.0184876647102,63.450916,64.25278201736481,63.450916
2026-08-22 13:15:00,65.29753677582575,62.4211,61.81884057523665,62.4211
2026-08-22 13:30:00,68.59468297003156,63.57031,69.08686389919922,63.57031
2026-08-22 13:45:00,68.20574573312383,64.52699,65.68282548954431,64.52699
2026-08-22 14:00:00,64.00374997972239,65.99607,66.07921315315677,65.99607
2026-08-22 14:15:00,76.18290061804757,67.109665,66.8707323630958,67.109665
2026-08-22 14:30:00,57.03197546236349,63.981052,64.23939612168235,63.981052
2026-08-22 14:45:00,57.73327189604464,63.538223,69.7365295325581,63.538223
2026-08-22 15:00:00,62.92647656102544,63.76626,65.90990509915251,63.76626
2026-08-22 15:15:00,66.95729940842486,64.81713,65.09345069946862,64.81713
2026-08-22 15:30:00,63.64309310294763,64.94202,64.35894534433235,64.94202
2026-08-22 15:45:00,68.96362374234715,66.11122,65.74082438596294,66.11122
2026-08-22 16:00:00,65.29295759254389,66.3678,64.19104092465483,66.3678
2026-08-22 16:15:00,57.19527477778728,66.75713,65.40398412985849,66.75713
2026-08-22 16:30:00,71.38449367719753,68.024734,65.90388779190134,68.024734
2026-08-22 16:45:00,78.1822596268012,67.95367,67.0835944269581,67.95367
2026-08-22 17:00:00,57.14375210372681,68.97325,65.89918238521265,68.97325
2026-08-22 17:15:00,59.52036529697264,67.74151,66.25691327328315,67.74151
2026-08-22 17:30:00,90.71350053365308,67.47212,67.57978178307982,67.47212
2026-08-22 17:45:00,51.146563026369215,65.22777,65.32416653041444,65.22777
2026-08-22 18:00:00,139.00807591361766,140.17812,139.33241054126063,140.17812
2026-08-22 18:15:00,137.6197182553626,125.71773,128.17177186339669,125.71773
2026-08-22 18:30:00,136.10625331232683,137.60454,138.14392924172705,137.60454
2026-08-22 18:45:00,135.6322807034902,140.7611,141.49843308375517,140.7611
2026-08-22 19:00:00,120.56611706693096,141.04074,141.09946731930407,141.04074
2026-08-22 19:15:00,122.5623482482174,138.12848,138.34725949418572,138.12848
2026-08-22 19:30:00,136.17414143396869,138.94342,141.421005293819,138.94342
2026-08-22 19:45:00,155.1799973152765,136.66122,137.54956689449207,136.66122
2026-08-22 20:00:00,139.64737598220245,141.22475,142.11134219871218,141.22475
2026-08-22 20:15:00,159.7764846945505,140.40388,141.63530521243658,140.40388
2026-08-22 20:30:00,131.75276320541406,140.62836,141.83024505831494,140.62836
2026-08-22 20:45:00,150.1723626722114,141.32658,140.5444557948022,141.32658
2026-08-22 21:00:00,130.82755132205418,140.26262,140.85758758533586,140.26262
2026-08-22 21:15:00,120.66548786442291,139.28128,139.88575702292073,139.28128
2026-08-22 21:30:00,130.815325773905,139.68031,140.10591943270228,139.68031
2026-08-22 21:45:00,116.92617713778525,139.85997,140.23304478266266,139.85997
2026-08-22 22:00:00,143.85956118579196,140.18208,140.476005893756,140.18208
2026-08-22 22:15:00,146.49611057787007,139.8432,141.02924061317384,139.8432
2026-08-22 22:30:00,119.75893889794428,140.82951,141.30477614671906,140.82951
2026-08-22 22:45:00,130.78934420396743,141.2693,140.8949924161119,141.2693
2026-08-22 23:00:00,131.07688556841225,141.36548,140.86893006608406,141.36548
2026-08-22 23:15:00,142.46770941896176,142.38232,141.6442439435649,142.38232
2026-08-22 23:30:00,132.57185504138516,141.32541,140.89981829698402,141.32541
2026-08-22 23:45:00,151.1749411239782,140.30632,140.42125127832145,140.30632
2026-08-23 00:00:00,71.65094025900103,66.57333,66.70259494904691,66.57333
2026-08-23 00:15:00,59.87618629240656,65.204765,65.33446495057554,65.204765
2026-08-23 00:30:00,75.41649646831146,64.80135,65.36730921632996,64.80135
2026-08-23 00:45:00,59.12292376873897,68.70519,67.66821497975107,68.70519
2026-08-23 01:00:00,70.55189532271538,65.68185,65.57529629193441,65.68185
2026-08-23 01:15:00,76.97015288288861,66.166016,64.94526989705955,66.166016
2026-08-23 01:30:00,76.74963324437557,65.163956,65.97811638161646,65.163956
2026-08-23 01:45:00,72.42752939182031,69.19141,57.98696339991747,69.19141
2026-08-23 02:00:00,68.00338673282226,65.52035,65.4280441852633,65.52035
2026-08-23 02:15:00,66.54392043009281,65.41768,65.89060753709137,65.41768
2026-08-23 02:30:00,72.44865603711652,64.91863,65.34113841949096,64.91863
2026-08-23 02:45:00,58.273361884957495,64.98691,65.02580151063597,64.98691
2026-08-23 03:00:00,55.46045607465936,65.758194,65.91898702609342,65.758194
2026-08-23 03:15:00,57.09428020058035,65.59549,66.5813228165552,65.59549
2026-08-23 03:30:00,68.83407629276172,64.22971,65.06884005814135,64.22971
2026-08-23 03:45:00,69.76054079576795,65.24447,65.08951999504337,65.24447
2026-08-23 04:00:00,63.58549097946889,65.95149,64.86822861466665,65.95149
2026-08-23 04:15:00,58.66249970395428,65.34937,64.93024227784471,65.34937
2026-08-23 04:30:00,46.57746142375975,67.217766,65.88981229614528,67.217766
2026-08-23 04:45:00,61.74963697338077,64.612465,64.56032089654468,64.612465
2026-08-23 05:00:00,62.88655747771281,65.636185,65.28587785703932,65.636185
2026-08-23 05:15:00,63.69049122459886,66.50913,66.24046865006929,66.50913
2026-08-23 05:30:00,55.20767479538895,65.46858,65.53091133946076,65.46858
2026-08-23 05:45:00,75.25614470185204,69.65484,67.44495374799631,69.65484
2026-08-23 06:00:00,128.85411806264364,116.68252,115.3248238904058,116.68252
2026-08-23 06:15:00,139.77244601205314,138.96158,135.39076355218725,138.96158
2026-08-23 06:30:00,124.0381076082864,135.04398,132.2653854494145,135.04398
2026-08-23 06:45:00,139.2958639059388,138.47514,137.65869190964722,138.47514
2026-08-23 07:00:00,143.47472526698968,114.09192,130.69931880079736,114.09192
2026-08-23 07:15:00,129.7146400873427,133.23024,131.69054143911512,133.23024
2026-08-23 07:30:00,101.26492920226268,106.893684,102.3232550509845,106.893684
2026-08-23 07:45:00,132.81395732182835,135.02621,131.43845062985525,135.02621
2026-08-23 08:00:00,68.02238880813866,119.303246,113.23937687526686,119.303246
2026-08-23 08:15:00,101.7309028999739,87.18038,93.94099794303264,87.18038
2026-08-23 08:30:00,85.51236461505981,115.13601,112.66213649526668,115.13601
2026-08-23 08:45:00,132.01940019911044,134.25241,129.60186416405165,134.25241
2026-08-23 09:00:00,76.08262836746191,109.31979,110.9427530885094,109.31979
2026-08-23 09:15:00,130.1200360731534,134.56209,132.2295277059907,134.56209
2026-08-23 09:30:00,131.5235832023279,105.22634,105.77112128253604,105.22634
2026-08-23 09:45:00,120.53382451813586,108.010254,115.01639657717799,108.010254
2026-08-23 10:00:00,63.00726305962798,64.72318,65.11937983593863,64.72318
2026-08-23 10:15:00,47.4337172663627,67.07656,69.66342231967455,67.07656
2026-08-23 10:30:00,57.967903162252114,69.33618,69.18906107026801,69.33618
2026-08-23 10:45:00,59.52163883739162,70.21115,70.17359049909685,70.21115
2026-08-23 11:00:00,71.77138281213777,66.367615,64.93317053591699,66.367615
2026-08-23 11:15:00,49.270492542412015,65.479095,66.44418690646995,65.479095
2026-08-23 11:30:00,58.15558087958987,67.702324,66.46986423723446,67.702324
2026-08-23 11:45:00,83.25423918291455,68.33285,69.53087697301814,68.33285
2026-08-23 12:00:00,78.50015316320807,67.676216,70.91124641615816,67.676216
2026-08-23 12:15:00,60.79658328046135,65.83903,65.51556953496488,65.83903
2026-08-23 12:30:00,89.21024768256926,67.90033,69.64210924874705,67.90033
2026-08-23 12:45:00,64.20272015889083,66.038826,67.10916786960212,66.038826
2026-08-23 13:00:00,66.4303667521148,67.145256,68.39043728257914,67.145256
2026-08-23 13:15:00,65.39477638791114,65.66093,65.02696882264543,65.66093
2026-08-23 13:30:00,61.11445235058259,65.66284,67.81067331826763,65.66284
2026-08-23 13:45:00,57.19809817114154,64.82082,65.30415919696907,64.82082
2026-08-23 14:00:00,70.61994284673179,66.0697,65.36880517488147,66.0697
2026-08-23 14:15:00,68.47029840424152,65.4968,66.42741130938587,65.4968
2026-08-23 14:30:00,78.03578343717571,64.56866,65.54526491619833,64.56866
2026-08-23 14:45:00,77.3710692175242,64.58326,65.37981006463606,64.58326
2026-08-23 15:00:00,65.91643961684942,65.24754,65.70571000269126,65.24754
2026-08-23 15:15:00,55.88312594245279,65.3994,65.63243240030167,65.3994
2026-08-23 15:30:00,60.67715143830791,65.78359,66.47165107163043,65.78359
2026-08-23 15:45:00,84.5212677146575,66.11689,67.00679792104224,66.11689
2026-08-23 16:00:00,51.60096726915496,64.99314,65.27493303701117,64.99314
2026-08-23 16:15:00,75.64999984890832,64.993645,65.61616173232807,64.993645
2026-08-23 16:30:00,83.83843055253706,64.78051,65.53053550206683,64.78051
2026-08-23 16:45:00,73.51675956609992,65.36486,66.16620507449218,65.36486
2026-08-23 17:00:00,66.44565431345875,65.35869,66.06257335616976,65.35869
2026-08-23 17:15:00,55.779898093328,65.53741,66.03557560420042,65.53741
2026-08-23 17:30:00,75.69049184026349,85.75308,72.53353558533642,85.75308
2026-08-23 17:45:00,66.88460145340241,65.95815,67.43387978709472,65.95815
2026-08-23 18:00:00,132.82723981104505,136.6427,138.25803470041595,136.6427
2026-08-23 18:15:00,134.13621844055302,128.40303,128.74319182900223,128.40303
2026-08-23 18:30:00,135.60687414393854,140.7845,140.8766434893782,140.7845
2026-08-23 18:45:00,133.5289010869005,138.85599,137.94690485774785,138.85599
2026-08-23 19:00:00,134.87068221898335,140.26183,139.65033666946687,140.26183
2026-08-23 19:15:00,125.23581443185228,140.90623,140.7484879569477,140.90623
2026-08-23 19:30:00,146.01896283610137,137.67368,137.60177447381167,137.67368
2026-08-23 19:45:00,129.04140549680517,141.89243,142.24201753491144,141.89243
2026-08-23 20:00:00,130.8223608504534,139.99922,140.58631930482215,139.99922
2026-08-23 20:15:00,138.36111533187903,136.70964,137.56000203399353,136.70964
2026-08-23 20:30:00,156.9288289726096,140.15077,140.5820944614972,140.15077
2026-08-23 20:45:00,127.88181396974532,139.85796,140.6312696759258,139.85796
2026-08-23 21:00:00,134.4495763693074,139.29852,140.29104384082316,139.29852
2026-08-23 21:15:00,135.72182925079397,138.88242,140.23354567656094,138.88242
2026-08-23 21:30:00,119.40795813470342,139.25021,139.2978370896129,139.25021
2026-08-23 21:45:00,136.7788177184289,138.50934,138.09146652439293,138.50934
2026-08-23 22:00:00,152.42316954779514,141.34074,141.08646365004353,141.34074
2026-08-23 22:15:00,132.46364971529263,140.59743,140.7817102659552,140.59743
2026-08-23 22:30:00,119.10145720766218,140.68459,140.95242582724487,140.68459
2026-08-23 22:45:00,125.61108058080666,140.44322,140.56366825816568,140.44322
2026-08-23 23:00:00,135.2437355326143,138.77304,140.06533372363182,138.77304
2026-08-23 23:15:00,131.56252329091464,140.87674,140.2717714361868,140.87674
2026-08-23 23:30:00,131.29311477115044,140.09515,140.49986633633142,140.09515
2026-08-23 23:45:00,146.26218230771929,140.26021,140.3689209376867,140.26021
2026-08-24 00:00:00,61.826949849759785,66.08539,65.81522470357746,66.08539
2026-08-24 00:15:00,57.88721885633685,67.27977,67.33939766228657,67.27977
2026-08-24 00:30:00,77.80531043198704,65.05538,65.80097204656352,65.05538
2026-08-24 00:45:00,73.84442360472221,65.5907,67.82654258087334,65.5907
2026-08-24 01:00:00,61.893951328239126,64.33764,65.4100179171868,64.33764
2026-08-24 01:15:00,55.50100285126264,65.758514,66.76785720498277,65.758514
2026-08-24 01:30:00,78.9293548440256,65.369835,66.92742599328882,65.369835
2026-08-24 01:45:00,78.00769360670563,67.43909,73.06970958260422,67.43909
2026-08-24 02:00:00,68.03254397160333,64.44262,64.3304163021612,64.44262
2026-08-24 02:15:00,68.23957060330886,65.022354,64.7233984838224,65.022354
2026-08-24 02:30:00,61.42322303865758,65.77474,64.86092095878377,65.77474
2026-08-24 02:45:00,79.30542890071958,64.81074,64.67240988261283,64.81074
2026-08-24 03:00:00,65.89409817391973,64.96937,65.39945523206853,64.96937
2026-08-24 03:15:00,77.07824060036948,65.737335,66.01002972668854,65.737335
2026-08-24 03:30:00,72.041880403678,65.44507,65.61965609865474,65.44507
2026-08-24 03:45:00,68.00449827727913,65.24047,65.95923259246422,65.24047
2026-08-24 04:00:00,55.66411519178587,65.41614,65.19628004262333,65.41614
2026-08-24 04:15:00,57.97928086132365,64.98114,65.47177140838772,64.98114
2026-08-24 04:30:00,71.05733427860235,64.85862,64.80001511314302,64.85862
2026-08-24 04:45:00,64.88471565859788,65.39148,67.048038677442,65.39148
2026-08-24 05:00:00,86.04173931758754,64.77791,65.16530799567649,64.77791
2026-08-24 05:15:00,79.07183910497417,64.57018,65.28448275837685,64.57018
2026-08-24 05:30:00,64.84126539632676,65.17432,64.93055034613712,65.17432
2026-08-24 05:45:00,84.74433680169952,64.8751,64.93556449822887,64.8751
2026-08-24 06:00:00,121.83414932447124,137.4721,137.1895880604884,137.4721
2026-08-24 06:15:00,115.93124666861198,136.33533,136.61520550898823,136.33533
2026-08-24 06:30:00,140.84056107052797,146.17947,147.9117819985227,146.17947
2026-08-24 06:45:00,150.70521985028412,143.19257,142.45707733109612,143.19257
2026-08-24 07:00:00,133.1199775822397,126.896225,130.78062865188087,126.896225
2026-08-24 07:15:00,131.63578203481856,128.4247,131.975538481952,128.4247
2026-08-24 07:30:00,118.40017210205868,116.63156,126.553841005132,116.63156
2026-08-24 07:45:00,99.57782429667913,130.77087,128.4326306540664,130.77087
2026-08-24 08:00:00,360.4649803673592,150.87524,125.45137022947094,150.87524
2026-08-24 08:15:00,338.6642812685618,334.84525,288.46478877059513,334.84525
2026-08-24 08:30:00,331.7336688695549,264.05264,175.15189545762527,264.05264
2026-08-24 08:45:00,330.8630343152805,347.4841,348.0612171825707,347.4841
2026-08-24 09:00:00,332.5519815172041,329.1594,337.22554614018446,329.1594
2026-08-24 09:15:00,322.39534944025775,331.00165,333.1240960877501,331.00165
2026-08-24 09:30:00,320.8796206606158,332.4096,335.68883971815285,332.4096
2026-08-24 09:45:00,326.0768362601496,329.61435,327.401774428666,329.61435
2026-08-24 10:00:00,305.4190092520559,296.76248,300.8562340757744,296.76248
2026-08-24 10:15:00,306.0454780011234,298.8903,303.4452189068585,298.8903
2026-08-24 10:30:00,308.69431736094674,296.21298,298.37026033956613,296.21298
2026-08-24 10:45:00,311.71293634313446,299.59274,297.21665806619404,299.59274
2026-08-24 11:00:00,314.9040213226488,306.1519,303.14507034657487,306.1519
2026-08-24 11:15:00,304.41171549985205,301.23462,303.4796647816857,301.23462
2026-08-24 11:30:00,302.3623346921482,304.68015,304.9022027738488,304.68015
2026-08-24 11:45:00,296.9245410564523,297.75946,298.31128487171895,297.75946
2026-08-24 12:00:00,307.84520344615845,297.5433,299.26691371331634,297.5433
2026-08-24 12:15:00,302.0039722252205,301.50958,298.4267379171881,301.50958
2026-08-24 12:30:00,287.64175228995606,303.51913,302.4796290208054,303.51913
2026-08-24 12:45:00,292.69190541021226,300.52008,295.4124901402665,300.52008
2026-08-24 13:00:00,288.432022184008,295.9163,290.6481545275,295.9163
2026-08-24 13:15:00,298.1617152125843,300.27402,301.3802023272317,300.27402
2026-08-24 13:30:00,287.35861030878226,294.96356,293.3974115863366,294.96356
2026-08-24 13:45:00,297.70080824912776,292.9608,292.5706262764814,292.9608
2026-08-24 14:00:00,285.38433980333974,298.3259,296.1481849378075,298.3259
2026-08-24 14:15:00,315.22364979891944,295.13614,295.5906256504719,295.13614
2026-08-24 14:30:00,277.7019881681224,296.27213,294.5659270455734,296.27213
2026-08-24 14:45:00,288.8601398428761,301.15524,300.9009373453275,301.15524
2026-08-24 15:00:00,299.88053436368915,297.92813,298.2626186988184,297.92813
2026-08-24 15:15:00,294.3336217490147,295.08075,295.37404216247484,295.08075
2026-08-24 15:30:00,304.60036225655927,294.42017,294.421860377696,294.42017
2026-08-24 15:45:00,301.32588089463337,298.38522,298.5613239251073,298.38522
2026-08-24 16:00:00,286.0924795548949,295.7051,296.1295725928299,295.7051
2026-08-24 16:15:00,305.8548170233037,296.19284,295.64123752862236,296.19284
2026-08-24 16:30:00,295.6444420936874,296.01254,297.02153664700677,296.01254
2026-08-24 16:45:00,288.9669313590604,289.93832,290.8365029963416,289.93832
2026-08-24 17:00:00,281.6739741556497,288.2741,287.88738809615796,288.2741
2026-08-24 17:15:00,286.4833228166121,293.65997,292.95067172118684,293.65997
2026-08-24 17:30:00,288.64097146702966,286.32938,286.63061120792804,286.32938
2026-08-24 17:45:00,300.3005209965115,290.2053,289.8491445601334,290.2053
2026-08-24 18:00:00,144.88541226768132,145.22574,145.21961329337032,145.22574
2026-08-24 18:15:00,141.67200358052702,139.98738,149.0393786516267,139.98738
2026-08-24 18:30:00,152.4209668509008,142.78174,146.63475245953907,142.78174
2026-08-24 18:45:00,140.54903066452437,138.80566,135.7759783710281,138.80566
2026-08-24 19:00:00,140.24963158473392,141.22227,141.90705965279065,141.22227
2026-08-24 19:15:00,141.0473682996959,139.08119,139.24470830067554,139.08119
2026-08-24 19:30:00,134.24536934905333,137.98264,138.178985997435,137.98264
2026-08-24 19:45:00,141.2932437780167,139.12634,138.34854192882736,139.12634
2026-08-24 20:00:00,146.6761863694029,140.5686,140.4210581720913,140.5686
2026-08-24 20:15:00,129.6668607741173,141.81578,141.14253813146843,141.81578
2026-08-24 20:30:00,144.9409648186074,140.28647,141.89650436387146,140.28647
2026-08-24 20:45:00,144.9156099432778,139.93562,140.61540035145092,139.93562
2026-08-24 21:00:00,141.63196617068817,139.44101,140.313487227876,139.44101
2026-08-24 21:15:00,142.65694396634763,139.54529,141.64941769924692,139.54529
2026-08-24 21:30:00,158.09061432272142,137.9869,139.66597500915694,137.9869
2026-08-24 21:45:00,152.98186856816093,140.08734,141.6748231802149,140.08734
2026-08-24 22:00:00,141.39117937007617,141.36336,141.82998981329166,141.36336
2026-08-24 22:15:00,140.4610938016183,136.65916,137.83548355445512,136.65916
2026-08-24 22:30:00,158.48335418676822,138.15735,139.33841319850958,138.15735
2026-08-24 22:45:00,140.844324148008,139.32588,140.21307697189454,139.32588
2026-08-24 23:00:00,124.86934734898188,141.72078,141.84596701873681,141.72078
2026-08-24 23:15:00,152.15252560600152,140.08284,140.60509353988675,140.08284
2026-08-24 23:30:00,141.16203087602645,140.2432,141.25630889526673,140.2432
2026-08-24 23:45:00,142.44577179808277,142.36632,140.94418695262922,142.36632
2026-08-25 00:00:00,51.74737813473845,66.90906,65.26409460098091,66.90906
2026-08-25 00:15:00,68.75294745982164,66.67146,66.0870172412293,66.67146
2026-08-25 00:30:00,73.56346835275663,65.26192,67.68263850437467,65.26192
2026-08-25 00:45:00,61.645581137881365,64.52192,65.54325465601049,64.52192
2026-08-25 01:00:00,59.8182466068068,65.596504,66.15491499563737,65.596504
2026-08-25 01:15:00,56.58798496385571,64.24752,64.91678074279451,64.24752
2026-08-25 01:30:00,66.22329386178859,66.63144,67.26811668970227,66.63144
2026-08-25 01:45:00,78.96978923281128,65.851456,65.75318706328451,65.851456
2026-08-25 02:00:00,49.45771133916374,63.759274,64.53443932637836,63.759274
2026-08-25 02:15:00,66.67043646097537,64.515045,64.89738192000021,64.515045
2026-08-25 02:30:00,68.23665620553356,64.81614,64.99684732294565,64.81614
2026-08-25 02:45:00,67.44165772230308,65.25069,65.88573867602368,65.25069
2026-08-25 03:00:00,56.13704928846032,66.654144,66.05752851749125,66.654144
2026-08-25 03:15:00,60.30318372343084,66.055534,66.88937109531534,66.055534
2026-08-25 03:30:00,62.82221831296168,65.50242,64.96039638443051,65.50242
2026-08-25 03:45:00,67.60642687558816,65.74768,65.12184355429393,65.74768
2026-08-25 04:00:00,58.61356819876213,63.6602,64.51387152054821,63.6602
2026-08-25 04:15:00,63.08892374886385,65.49798,64.94309629065202,65.49798
2026-08-25 04:30:00,70.3848519762617,64.64568,64.32786756168726,64.64568
2026-08-25 04:45:00,51.79855658235237,62.980732,63.3617223326565,62.980732
2026-08-25 05:00:00,67.1059445071116,67.21393,66.13534835791235,67.21393
2026-08-25 05:15:00,58.64245391587811,63.76008,65.32966801630697,63.76008
2026-08-25 05:30:00,61.45341196842199,64.33642,64.31056686789464,64.33642
2026-08-25 05:45:00,69.53406792839917,67.80127,66.60735575828372,67.80127
2026-08-25 06:00:00,126.96427831879382,131.45674,130.47695251428053,131.45674
2026-08-25 06:15:00,138.7548444631737,139.27486,137.23992166622648,139.27486
2026-08-25 06:30:00,117.0625454795216,121.79396,123.65590246901866,121.79396
2026-08-25 06:45:00,139.0151920975725,138.32013,138.24917575501385,138.32013
2026-08-25 07:00:00,148.19948453509394,139.38528,139.84464316623556,139.38528
2026-08-25 07:15:00,117.18999104333552,134.13623,134.89456999295479,134.13623
2026-08-25 07:30:00,124.79977566604184,139.72203,137.5403473481937,139.72203
2026-08-25 07:45:00,131.37719619715483,120.396576,133.7667467386066,120.396576
2026-08-25 08:00:00,331.24843806881466,323.21173,330.1044661102141,323.21173
2026-08-25 08:15:00,346.44087024239525,350.18268,344.29562432460034,350.18268
2026-08-25 08:30:00,346.5655232118155,343.70667,348.5228378981486,343.70667
2026-08-25 08:45:00,337.6184384875546,347.85306,347.28464722265403,347.85306
2026-08-25 09:00:00,348.247776334929,341.5267,342.1107390477643,341.5267
2026-08-25 09:15:00,328.2853126705511,342.77014,340.1722569292775,342.77014
2026-08-25 09:30:00,339.12731101289137,345.50574,343.5392069798357,345.50574
2026-08-25 09:45:00,332.0665245724283,336.79178,336.2857522225704,336.79178
2026-08-25 10:00:00,294.71488593991444,298.84586,298.9668541632439,298.84586
2026-08-25 10:15:00,295.7380493141487,301.05466,300.8267046639522,301.05466
2026-08-25 10:30:00,305.64928993590433,297.53763,298.21373344537477,297.53763
2026-08-25 10:45:00,311.40927728436327,295.53085,295.40627284127106,295.53085
2026-08-25 11:00:00,317.4640091186097,303.22778,303.0566809457182,303.22778
2026-08-25 11:15:00,280.16761047173287,302.6947,303.0477998726998,302.6947
2026-08-25 11:30:00,295.71666474081826,292.71466,292.2680859938576,292.71466
2026-08-25 11:45:00,302.4985901387617,299.4906,298.4061298140964,299.4906
2026-08-25 12:00:00,292.77935790751536,302.95612,302.22142103552204,302.95612
2026-08-25 12:15:00,290.70671101651675,298.01538,299.4316484039515,298.01538
2026-08-25 12:30:00,304.1316200762444,302.37,303.1107014919606,302.37
2026-08-25 12:45:00,303.7400860897943,292.79034,294.0616130254951,292.79034
2026-08-25 13:00:00,292.64668645600267,300.34836,299.2370486536309,300.34836
2026-08-25 13:15:00,315.38191914210324,301.07678,302.5954962996646,301.07678
2026-08-25 13:30:00,292.3604016800954,301.159,301.8589878036551,301.159
2026-08-25 13:45:00,291.1966021361063,300.66565,304.19650825959786,300.66565
2026-08-25 14:00:00,298.7332225902437,300.28693,300.5096637466452,300.28693
2026-08-25 14:15:00,301.0419259851579,297.57565,297.9027262503248,297.57565
2026-08-25 14:30:00,284.13038659670315,298.2217,298.0008413855348,298.2217
2026-08-25 14:45:00,305.46844345543053,297.91733,298.2524724486665,297.91733
2026-08-25 15:00:00,300.6013924552871,292.79758,293.33189435893604,292.79758
2026-08-25 15:15:00,291.64910367180346,293.7483,294.38727652577717,293.7483
2026-08-25 15:30:00,288.5423190643518,300.32187,300.99305126870706,300.32187
2026-08-25 15:45:00,307.9828221737324,306.83136,305.02835291060865,306.83136
2026-08-25 16:00:00,297.4759899838508,299.33527,300.44990400805324,299.33527
2026-08-25 16:15:00,301.759556671359,301.53513,300.93245068854793,301.53513
2026-08-25 16:30:00,290.2310271141076,290.91885,290.13664188516503,290.91885
2026-08-25 16:45:00,264.3214966742872,288.6178,288.7988281935899,288.6178
2026-08-25 17:00:00,283.48988856026523,295.496,294.8240104315856,295.496
2026-08-25 17:15:00,294.1534456302068,291.07278,291.6491595279221,291.07278
2026-08-25 17:30:00,284.2072692551013,284.51904,285.36274219221946,284.51904
2026-08-25 17:45:00,295.586489936877,286.4858,286.76966386296266,286.4858
2026-08-25 18:00:00,142.64451685541846,149.08875,147.7140476249761,149.08875
2026-08-25 18:15:00,134.30437681561924,139.47803,143.58306964118015,139.47803
2026-08-25 18:30:00,165.50003017247235,140.60593,138.84291226002674,140.60593
2026-08-25 18:45:00,135.59475473703068,141.53949,140.6220843206667,141.53949
2026-08-25 19:00:00,142.4906673814388,141.79689,141.96361269865994,141.79689
2026-08-25 19:15:00,163.49042149474323,138.12654,137.69581475670458,138.12654
2026-08-25 19:30:00,151.4683125525811,140.29579,140.39770645595468,140.29579
2026-08-25 19:45:00,124.62292678718757,140.1934,139.45652747569522,140.1934
2026-08-25 20:00:00,156.75451105486752,141.27907,140.8522639093224,141.27907
2026-08-25 20:15:00,132.8424455655189,138.90062,140.9391025934782,138.90062
2026-08-25 20:30:00,152.07751240075294,140.44759,139.04795752813948,140.44759
2026-08-25 20:45:00,124.28918623762928,140.76025,141.25735867553396,140.76025
2026-08-25 21:00:00,130.33420989837873,140.57782,140.73992453777774,140.57782
2026-08-25 21:15:00,153.53264830574437,140.33559,139.22485954810148,140.33559
2026-08-25 21:30:00,131.07157487715665,141.74901,141.50874405438097,141.74901
2026-08-25 21:45:00,139.82656480436975,141.31691,141.087835989339,141.31691
2026-08-25 22:00:00,138.79999183859417,139.87921,141.61714204500242,139.87921
2026-08-25 22:15:00,125.42236236058214,139.37787,139.6314003892595,139.37787
2026-08-25 22:30:00,153.38286741110775,141.65826,141.30284623990028,141.65826
2026-08-25 22:45:00,154.30040668896092,139.70583,139.93652285175762,139.70583
2026-08-25 23:00:00,127.02851872832466,140.18977,139.7432522867261,140.18977
2026-08-25 23:15:00,125.5187314793827,141.6688,141.10174358516545,141.6688
2026-08-25 23:30:00,145.9875239885528,138.71718,140.78176639361806,138.71718
2026-08-25 23:45:00,136.23591427256142,139.58447,140.56105772271815,139.58447
2026-08-26 00:00:00,63.73699670677993,67.386925,66.44099418247063,67.386925
2026-08-26 00:15:00,63.36252249321179,65.58784,65.61642750499207,65.58784
2026-08-26 00:30:00,57.56556018182764,65.47788,66.40076672960241,65.47788
2026-08-26 00:45:00,79.77618786530658,68.401085,66.84155543631267,68.401085
2026-08-26 01:00:00,59.38849236730883,64.77309,64.97923468297661,64.77309
2026-08-26 01:15:00,63.92885173906687,64.70904,65.16927338744222,64.70904
2026-08-26 01:30:00,73.64274678579636,64.647514,64.75030467492766,64.647514
2026-08-26 01:45:00,59.53517343600664,64.95273,67.30068530011594,64.95273
2026-08-26 02:00:00,69.74545531109752,65.07674,64.5166407380338,65.07674
2026-08-26 02:15:00,68.26911698417831,64.93433,64.5386719203648,64.93433
2026-08-26 02:30:00,50.77941740138709,64.98666,65.71819579646775,64.98666
2026-08-26 02:45:00,64.02083059779969,66.01709,65.12450878016138,66.01709
2026-08-26 03:00:00,72.07797505170785,65.800735,65.80059169961949,65.800735
2026-08-26 03:15:00,59.02481416513528,66.01574,66.24929727632853,66.01574
2026-08-26 03:30:00,72.19250301718706,66.39266,66.24791751859992,66.39266
2026-08-26 03:45:00,69.05051709152016,65.24246,64.90899536543091,65.24246
2026-08-26 04:00:00,51.320005876680185,65.21292,64.79095534782238,65.21292
2026-08-26 04:15:00,52.92164201056187,65.40809,64.71702982965363,65.40809
2026-08-26 04:30:00,56.82142001757513,64.246056,63.94574984037104,64.246056
2026-08-26 04:45:00,62.67223820894134,64.78604,65.21853910703298,64.78604
2026-08-26 05:00:00,65.53072336210167,64.96122,65.5433593598845,64.96122
2026-08-26 05:15:00,68.33543382177925,65.23219,65.49743109143557,65.23219
2026-08-26 05:30:00,63.52099920839935,65.07933,65.69584512005918,65.07933
2026-08-26 05:45:00,67.55354517390651,64.664955,64.86534517910837,64.664955
2026-08-26 06:00:00,142.6201377484003,138.89227,138.8189876458282,138.89227
2026-08-26 06:15:00,135.0997981986759,135.97081,134.28857444010976,135.97081
2026-08-26 06:30:00,125.68431301591446,140.85864,133.92176590973068,140.85864
2026-08-26 06:45:00,122.95477999094608,135.87144,135.06234392658823,135.87144
2026-08-26 07:00:00,118.73489278963096,111.58409,112.58130640024363,111.58409
2026-08-26 07:15:00,129.58630369676388,136.38919,134.4033557105716,136.38919
2026-08-26 07:30:00,124.77952396506392,125.734665,122.8994536393467,125.734665
2026-08-26 07:45:00,118.61425060982712,121.68841,122.78990265479018,121.68841
2026-08-26 08:00:00,351.5130494429255,344.45367,353.8650275751468,344.45367
2026-08-26 08:15:00,349.016768889682,354.3918,356.3022068077886,354.3918
2026-08-26 08:30:00,350.85717794602675,346.79703,351.5494213198447,346.79703
2026-08-26 08:45:00,348.60962031909816,351.37573,357.7106251517369,351.37573
2026-08-26 09:00:00,352.0280137252082,344.8274,345.12867832018287,344.8274
2026-08-26 09:15:00,328.61321847645905,335.45193,335.27208048357244,335.45193
2026-08-26 09:30:00,345.7868027566472,333.40115,334.2358397965553,333.40115
2026-08-26 09:45:00,341.3804773850092,338.312,338.4221959733491,338.312
2026-08-26 10:00:00,316.1429264675747,300.68854,302.73603809830684,300.68854
2026-08-26 10:15:00,296.138369233602,303.23422,302.4807100133259,303.23422
2026-08-26 10:30:00,299.9184356940067,297.51794,297.8410158990505,297.51794
2026-08-26 10:45:00,293.0319931412814,303.61145,304.2463536049484,303.61145
2026-08-26 11:00:00,313.79682347077124,304.96753,304.56943523168155,304.96753
2026-08-26 11:15:00,291.67685437704563,296.90805,298.298330968847,296.90805
2026-08-26 11:30:00,282.0843378094245,302.6334,304.28190991427897,302.6334
2026-08-26 11:45:00,308.1560440179979,299.24515,299.50252150282535,299.24515
2026-08-26 12:00:00,288.74096330471866,298.8928,299.26081641200585,298.8928
2026-08-26 12:15:00,329.8701786932331,303.78265,304.10394324241395,303.78265
2026-08-26 12:30:00,307.5321074583226,300.65848,301.0166301212178,300.65848
2026-08-26 12:45:00,290.7753694823714,304.42386,304.86081708931977,304.42386
2026-08-26 13:00:00,309.9910801385921,299.44464,298.674279970886,299.44464
2026-08-26 13:15:00,305.60059343640165,304.27948,302.03307731667917,304.27948
2026-08-26 13:30:00,291.032173687405,298.6325,300.2831105918089,298.6325
2026-08-26 13:45:00,286.86740241327084,297.3451,297.2090693309395,297.3451
2026-08-26 14:00:00,299.40298165125864,299.61487,301.6332596738001,299.61487
2026-08-26 14:15:00,305.31703075912026,301.543,303.8601944358888,301.543
2026-08-26 14:30:00,291.6189587142716,297.55405,297.83112049694216,297.55405
2026-08-26 14:45:00,302.39514328753546,297.63095,298.3525987979972,297.63095
2026-08-26 15:00:00,296.6784449994584,291.74976,292.7420844066583,291.74976
2026-08-26 15:15:00,284.8581625712966,291.51263,291.55965660686763,291.51263
2026-08-26 15:30:00,304.3585914881788,295.8517,296.2813215129345,295.8517
2026-08-26 15:45:00,295.6461940706721,303.73764,303.74412806666646,303.73764
2026-08-26 16:00:00,286.0124597173472,290.70255,292.77512425336005,290.70255
2026-08-26 16:15:00,308.55566537970594,292.87662,293.10014697259015,292.87662
2026-08-26 16:30:00,281.81857081429735,300.1332,300.61642365176476,300.1332
2026-08-26 16:45:00,290.4066385538065,295.48462,299.19339318172774,295.48462
2026-08-26 17:00:00,291.282128574907,291.7798,292.60052653975276,291.7798
2026-08-26 17:15:00,305.10340369476387,293.00253,293.01145871084924,293.00253
2026-08-26 17:30:00,283.88289034091287,286.31052,284.71448860601345,286.31052
2026-08-26 17:45:00,297.2756089990006,291.80096,290.64629812688673,291.80096
2026-08-26 18:00:00,135.49423844858353,143.67761,145.70509702741907,143.67761
2026-08-26 18:15:00,142.17365763774288,129.09087,134.9926320237712,129.09087
2026-08-26 18:30:00,148.3372446100047,141.3544,141.20547872722045,141.3544
2026-08-26 18:45:00,144.2139047433014,136.56793,135.61028021368642,136.56793
2026-08-26 19:00:00,140.99109404488718,137.39879,135.90694038145557,137.39879
2026-08-26 19:15:00,152.5410127565987,135.73471,137.448767824033,135.73471
2026-08-26 19:30:00,152.40913274202688,140.44289,140.02115628117426,140.44289
2026-08-26 19:45:00,142.59904060034864,137.50882,134.7509885341273,137.50882
2026-08-26 20:00:00,156.41946796406583,139.95541,139.96532895637193,139.95541
2026-08-26 20:15:00,142.23551261043372,140.66258,140.52907328201997,140.66258
2026-08-26 20:30:00,149.65616791444873,140.94644,140.77498132003902,140.94644
2026-08-26 20:45:00,151.23198568082572,139.93103,139.55943901673893,139.93103
2026-08-26 21:00:00,138.6267125919149,140.63525,141.24856201636948,140.63525
2026-08-26 21:15:00,129.99085207309534,140.23604,140.75986359898866,140.23604
2026-08-26 21:30:00,152.13382758235247,140.47298,141.06970863807598,140.47298
2026-08-26 21:45:00,156.2131774486774,140.06694,140.60312679269555,140.06694
2026-08-26 22:00:00,139.11857930651252,140.14952,141.19277225357536,140.14952
2026-08-26 22:15:00,152.27314534783935,141.16914,140.90283383982595,141.16914
2026-08-26 22:30:00,147.49372768445454,141.31749,141.4610758212974,141.31749
2026-08-26 22:45:00,147.51262361898983,141.29214,141.78094734025632,141.29214
2026-08-26 23:00:00,122.95927107541075,139.05371,140.37930263127905,139.05371
2026-08-26 23:15:00,132.45838491176477,139.03731,140.13141008948182,139.03731
2026-08-26 23:30:00,130.8690972219576,142.18108,141.38566134800138,142.18108
2026-08-26 23:45:00,118.48077971049446,141.30402,141.4951085608565,141.30402
2026-08-27 00:00:00,84.18263737070765,67.540855,66.92986024473646,67.540855
2026-08-27 00:15:00,70.02084547369769,65.355736,66.03682366555924,65.355736
2026-08-27 00:30:00,63.133033401380416,64.543076,64.98154923857994,64.543076
2026-08-27 00:45:00,64.27260466448513,64.94066,65.80110340507132,64.94066
2026-08-27 01:00:00,68.26578432063815,67.30368,65.83589047169261,67.30368
2026-08-27 01:15:00,57.70574766555144,64.3415,64.79832498454108,64.3415
2026-08-27 01:30:00,51.97757711835696,66.34125,65.78176412193133,66.34125
2026-08-27 01:45:00,63.38657414049453,66.20608,65.93200866853749,66.20608
2026-08-27 02:00:00,60.79256864781964,65.56594,64.7748290070472,65.56594
2026-08-27 02:15:00,66.60195376981247,64.553955,64.72269171909798,64.553955
2026-08-27 02:30:00,64.03503179040871,64.35485,64.87120321618161,64.35485
2026-08-27 02:45:00,60.75690451188718,65.771935,65.98426984104356,65.771935
2026-08-27 03:00:00,51.1525758343103,66.00109,66.11783580916367,66.00109
2026-08-27 03:15:00,79.43404952640483,65.53739,65.54952359520757,65.53739
2026-08-27 03:30:00,60.02881747431973,64.90145,64.93413978759908,64.90145
2026-08-27 03:45:00,64.7105734733804,65.32392,64.91475318085512,65.32392
2026-08-27 04:00:00,69.93452475242665,65.46239,65.25978680243087,65.46239
2026-08-27 04:15:00,67.56000832671239,65.63905,66.45601288459225,65.63905
2026-08-27 04:30:00,52.05488866054953,64.362885,64.59085614299909,64.362885
2026-08-27 04:45:00,61.79443664253638,64.22883,64.91063208469791,64.22883
2026-08-27 05:00:00,78.66087951760173,63.86746,63.93746034580692,63.86746
2026-08-27 05:15:00,55.24091980166445,62.81555,63.29866429879814,62.81555
2026-08-27 05:30:00,92.81185644279964,64.56978,64.32693816114873,64.56978
2026-08-27 05:45:00,63.23100536493818,65.40579,64.71284760371569,65.40579
2026-08-27 06:00:00,155.75476745909063,146.59491,146.17429712620643,146.59491
2026-08-27 06:15:00,149.7309987873198,145.47224,145.76503141631588,145.47224
2026-08-27 06:30:00,139.75692578946635,142.51578,140.41565555759172,142.51578
2026-08-27 06:45:00,130.12795406389228,139.57487,137.37555703405826,139.57487
2026-08-27 07:00:00,114.86053932727036,133.13321,132.70889186272004,133.13321
2026-08-27 07:15:00,144.24439713454302,144.44148,145.22972588562843,144.44148
2026-08-27 07:30:00,124.1744168941406,120.60026,122.09309341446425,120.60026
2026-08-27 07:45:00,140.91782927459332,140.59349,139.0919492052375,140.59349
2026-08-27 08:00:00,344.1190307695465,325.2577,341.30168227668423,325.2577
2026-08-27 08:15:00,341.9309504913389,346.07147,342.48946181936657,346.07147
2026-08-27 08:30:00,328.22229868193403,340.76794,342.79457282206647,340.76794
2026-08-27 08:45:00,347.8979229790673,336.34027,331.0248929772728,336.34027
2026-08-27 09:00:00,323.69537045440285,331.26535,326.68527240517784,331.26535
2026-08-27 09:15:00,336.0052416589225,343.35895,337.51031591197705,343.35895
2026-08-27 09:30:00,332.3362452007303,326.24014,327.2548025723526,326.24014
2026-08-27 09:45:00,329.41801054284383,329.3247,328.2806922585141,329.3247
2026-08-27 10:00:00,290.58960625458127,297.30032,298.1190835673449,297.30032
2026-08-27 10:15:00,294.6946428244081,298.08936,297.68242713004196,298.08936
2026-08-27 10:30:00,302.24885541764104,292.44385,292.06450921951915,292.44385
2026-08-27 10:45:00,285.615602817168,292.00034,292.7281322093614,292.00034
2026-08-27 11:00:00,308.38775471142,297.94382,298.48772325369276,297.94382
2026-08-27 11:15:00,304.0083691872176,299.648,300.4112588558936,299.648
2026-08-27 11:30:00,309.2609538561861,305.0639,305.4044843411091,305.0639
2026-08-27 11:45:00,306.02836879576466,298.3061,298.0068892605087,298.3061
2026-08-27 12:00:00,283.7066432523714,297.76242,299.9628259561013,297.76242
2026-08-27 12:15:00,306.178381403249,298.1153,333.3437746835795,298.1153
2026-08-27 12:30:00,304.3672779894853,302.25778,302.64409071261747,302.25778
2026-08-27 12:45:00,294.3210263937938,295.45926,294.3253800092505,295.45926
2026-08-27 13:00:00,293.21513591124835,299.02582,297.6807068046928,299.02582
2026-08-27 13:15:00,297.58088272860124,302.7088,303.1790385673122,302.7088
2026-08-27 13:30:00,289.5656235650161,297.8968,298.49236206711765,297.8968
2026-08-27 13:45:00,291.5873246379847,298.19702,298.6484102627157,298.19702
2026-08-27 14:00:00,308.76339469951,299.472,300.6580867404494,299.472
2026-08-27 14:15:00,308.8730113268583,298.45706,299.49277612723864,298.45706
2026-08-27 14:30:00,282.8253240589104,297.14084,296.73939900693574,297.14084
2026-08-27 14:45:00,290.8892104199856,298.6196,298.57034281554246,298.6196
2026-08-27 15:00:00,299.405129511882,287.5302,286.03446241429634,287.5302
2026-08-27 15:15:00,308.8677819774192,304.03467,302.8721632919462,304.03467
2026-08-27 15:30:00,292.45390390223434,303.60394,302.51792947580407,303.60394
2026-08-27 15:45:00,296.27393532350203,299.38995,299.08177789373,299.38995
2026-08-27 16:00:00,304.19003340326884,299.4456,299.9669545773758,299.4456
2026-08-27 16:15:00,302.2451740267756,291.5663,290.846759129068,291.5663
2026-08-27 16:30:00,321.20015821551704,287.91312,289.9880353233753,287.91312
2026-08-27 16:45:00,301.362035972037,295.1297,296.37987590072225,295.1297
2026-08-27 17:00:00,304.0294928896514,284.85046,286.45621700827684,284.85046
2026-08-27 17:15:00,301.8065905107005,290.34262,291.16565649741233,290.34262
2026-08-27 17:30:00,275.30924778890284,288.74384,290.77336956482816,288.74384
2026-08-27 17:45:00,288.4454934162528,285.11362,284.2405058226363,285.11362
2026-08-27 18:00:00,155.79065406476803,135.6944,136.11353267787484,135.6944
2026-08-27 18:15:00,156.71367220334048,143.97183,145.77984057115845,143.97183
2026-08-27 18:30:00,151.6848256476084,137.89941,146.3869509141643,137.89941
2026-08-27 18:45:00,140.13989691797948,139.8782,138.1303867836544,139.8782
2026-08-27 19:00:00,145.252614868409,137.5917,137.62242099828782,137.5917
2026-08-27 19:15:00,130.58257637521368,141.18443,140.26098888456883,141.18443
2026-08-27 19:30:00,131.23241644086056,140.49658,139.0950857678065,140.49658
2026-08-27 19:45:00,142.6345265030879,139.595,135.091961319544,139.595
2026-08-27 20:00:00,143.09034061687748,141.26245,136.82880406608655,141.26245
2026-08-27 20:15:00,140.622360329222,141.1893,137.17287081483428,141.1893
2026-08-27 20:30:00,169.14861314048397,141.42892,141.41815027639697,141.42892
2026-08-27 20:45:00,109.06735494517302,140.21985,139.9705552906473,140.21985
2026-08-27 21:00:00,146.38870103890008,140.88327,140.10818986536822,140.88327
2026-08-27 21:15:00,148.170382411033,139.10205,139.22313289895746,139.10205
2026-08-27 21:30:00,146.03713902075384,141.5235,141.22257337103662,141.5235
2026-08-27 21:45:00,139.73367781416516,142.20346,142.83579540792962,142.20346
2026-08-27 22:00:00,139.75612152963626,141.4743,141.24289494595578,141.4743
2026-08-27 22:15:00,157.5260722038808,141.13657,141.11784133486418,141.13657
2026-08-27 22:30:00,140.25260731691972,140.90987,140.734889954772,140.90987
2026-08-27 22:45:00,134.02173589827936,141.46468,141.14842874054236,141.46468
2026-08-27 23:00:00,136.98278133431316,141.08128,140.4406639468041,141.08128
2026-08-27 23:15:00,148.38352916464942,141.18466,141.4671597997232,141.18466
2026-08-27 23:30:00,123.42060608240196,141.27504,140.6607599780725,141.27504
2026-08-27 23:45:00,132.80647923502806,139.62051,139.12662347352256,139.62051
2026-08-28 00:00:00,64.99742439714736,68.70493,66.88667880458084,68.70493
2026-08-28 00:15:00,69.71842641116736,66.126305,68.19284366603972,66.126305
2026-08-28 00:30:00,78.69017782078981,65.34523,66.23411904998648,65.34523
2026-08-28 00:45:00,59.42083523071048,64.42451,64.9444579568545,64.42451
2026-08-28 01:00:00,74.7989492597416,64.14561,64.93581124421951,64.14561
2026-08-28 01:15:00,74.6884132150978,64.06574,65.06748004447142,64.06574
2026-08-28 01:30:00,58.75681359725148,65.092575,65.81508889499896,65.092575
2026-08-28 01:45:00,66.8415951780257,65.80884,65.41247290178549,65.80884
2026-08-28 02:00:00,64.91680703372575,64.26998,65.17857179517458,64.26998
2026-08-28 02:15:00,66.52420904683585,65.007774,65.45893988666997,65.007774
2026-08-28 02:30:00,41.47339319079951,64.68032,65.49223998931733,64.68032
2026-08-28 02:45:00,65.49546919572308,64.83812,64.74964232518279,64.83812
2026-08-28 03:00:00,75.0650455327334,65.68674,65.89886052744286,65.68674
2026-08-28 03:15:00,52.849692861641024,65.89415,66.56707653921885,65.89415
2026-08-28 03:30:00,73.70441352982779,64.067024,65.92010079178509,64.067024
2026-08-28 03:45:00,69.10884093005345,65.201866,64.94057663354108,65.201866
2026-08-28 04:00:00,61.18459975126368,65.33855,65.10885306630647,65.33855
2026-08-28 04:15:00,56.38566792124459,64.96118,64.86284568220846,64.96118
2026-08-28 04:30:00,74.08372529206939,64.611305,64.69461125725327,64.611305
2026-08-28 04:45:00,68.12615167043546,64.88284,64.81881529594091,64.88284
2026-08-28 05:00:00,68.66950957554148,64.07248,65.20086283506205,64.07248
2026-08-28 05:15:00,78.60102066331078,65.261894,64.93854995822626,65.261894
2026-08-28 05:30:00,78.77580670363997,79.06844,66.67030536772823,79.06844
2026-08-28 05:45:00,66.68441489110032,64.925514,64.98271207425672,64.925514
2026-08-28 06:00:00,141.42378268181895,121.13276,119.77466738636876,121.13276
2026-08-28 06:15:00,123.56879890321292,124.24418,124.17832707462107,124.24418
2026-08-28 06:30:00,141.81037515478826,144.90906,145.6612828422565,144.90906
2026-08-28 06:45:00,124.8163448139536,122.95222,121.9606176491428,122.95222
2026-08-28 07:00:00,131.40023630444597,135.93147,138.84318277142674,135.93147
2026-08-28 07:15:00,131.06048071271553,133.17593,134.88230319464802,133.17593
2026-08-28 07:30:00,127.8330075266852,135.12468,138.24407585308614,135.12468
2026-08-28 07:45:00,148.29453765510596,135.82518,137.25277460831774,135.82518
2026-08-28 08:00:00,363.2031140035149,339.99164,345.434345751763,339.99164
2026-08-28 08:15:00,347.23790460168306,339.5967,336.8918533420042,339.5967
2026-08-28 08:30:00,335.0290663762133,342.69562,313.488546229364,342.69562
2026-08-28 08:45:00,341.9433093433788,334.4827,330.6060200534631,334.4827
2026-08-28 09:00:00,335.7481040359002,333.1395,335.57938265549774,333.1395
2026-08-28 09:15:00,331.16461592010546,335.8481,336.91314724337997,335.8481
2026-08-28 09:30:00,334.1533195564548,326.6486,328.44804974531263,326.6486
2026-08-28 09:45:00,327.923483970812,333.20828,327.274519294708,333.20828
2026-08-28 10:00:00,314.39114080357587,302.33786,301.6049115894091,302.33786
2026-08-28 10:15:00,318.3697990676717,303.3132,302.49129877247356,303.3132
2026-08-28 10:30:00,301.4974756734444,292.50818,291.84450144386557,292.50818
2026-08-28 10:45:00,297.3608945687099,303.71765,303.75614809147413,303.71765
2026-08-28 11:00:00,271.0707909154169,291.1051,290.79819456412383,291.1051
2026-08-28 11:15:00,294.4284056522827,292.7242,293.16073852477376,292.7242
2026-08-28 11:30:00,311.1844635363466,299.30936,298.9507717450562,299.30936
2026-08-28 11:45:00,295.18427074365286,299.496,300.0597254043791,299.496
2026-08-28 12:00:00,305.2149554480875,300.7709,300.5296396598074,300.7709
2026-08-28 12:15:00,292.76663029607795,295.10645,297.0787677905679,295.10645
2026-08-28 12:30:00,295.25527983408546,300.56183,300.8464195650397,300.56183
2026-08-28 12:45:00,308.4008313542307,303.65118,303.2877260981062,303.65118
2026-08-28 13:00:00,308.5464582921894,297.66272,297.99666642877565,297.66272
2026-08-28 13:15:00,303.81944687859465,299.22208,300.599426111249,299.22208
2026-08-28 13:30:00,309.2466271920722,294.7174,294.9003858741441,294.7174
2026-08-28 13:45:00,301.86030128235865,295.08636,295.23645759894947,295.08636
2026-08-28 14:00:00,299.2181979410565,298.648,300.6176844535793,298.648
2026-08-28 14:15:00,298.9753023952815,303.91705,304.42431010877647,303.91705
2026-08-28 14:30:00,305.90834654090025,298.68793,299.8933940110537,298.68793
2026-08-28 14:45:00,297.56984149500903,296.86264,296.10805986306343,296.86264
2026-08-28 15:00:00,294.3961445392036,291.8544,293.30093956859827,291.8544
2026-08-28 15:15:00,296.25823115512003,297.42813,299.1789170173414,297.42813
2026-08-28 15:30:00,285.8457291086232,295.3244,295.75200511609427,295.3244
2026-08-28 15:45:00,313.5393361588928,299.19067,301.618772480074,299.19067
2026-08-28 16:00:00,283.09185783661064,293.3742,295.14192894448695,293.3742
2026-08-28 16:15:00,300.0338189482977,293.43396,293.6968173767912,293.43396
2026-08-28 16:30:00,269.9976251845811,291.85895,292.2282700120926,291.85895
2026-08-28 16:45:00,281.0169706560985,295.14633,294.22766435159383,295.14633
2026-08-28 17:00:00,292.409048696366,288.4513,288.5675402303628,288.4513
2026-08-28 17:15:00,295.65448683196894,292.027,291.8032706972369,292.027
2026-08-28 17:30:00,290.9860171066913,286.26376,287.0399512030112,286.26376
2026-08-28 17:45:00,296.1405776281701,290.2084,290.18441018622957,290.2084
2026-08-28 18:00:00,149.0584948236741,143.20784,148.01920528660762,143.20784
2026-08-28 18:15:00,153.03692521865142,143.21771,147.68123499483,143.21771
2026-08-28 18:30:00,145.54673627096437,141.09267,149.56531852945471,141.09267
2026-08-28 18:45:00,149.46861091599607,138.8971,136.98646210830614,138.8971
2026-08-28 19:00:00,145.7478757259751,140.19708,140.5804245596663,140.19708
2026-08-28 19:15:00,141.65770974927813,139.51518,138.79081506700527,139.51518
2026-08-28 19:30:00,131.90888980726172,138.36456,138.24718429254227,138.36456
2026-08-28 19:45:00,172.52839981243832,137.61504,136.1009430122523,137.61504
2026-08-28 20:00:00,121.26737362327006,140.52136,140.0149164054955,140.52136
2026-08-28 20:15:00,124.93465444642636,140.47032,141.6625670739056,140.47032
2026-08-28 20:30:00,124.72086915104002,140.83163,141.03109747675103,140.83163
2026-08-28 20:45:00,159.53260028300969,142.79996,155.7799217870661,142.79996
2026-08-28 21:00:00,139.63670412435152,139.83284,139.55939368826634,139.83284
2026-08-28 21:15:00,143.32648191386477,139.78522,142.21664066862607,139.78522
2026-08-28 21:30:00,139.11212894582098,141.2123,140.44170440960778,141.2123
2026-08-28 21:45:00,132.7491230579607,140.31207,140.53761148349224,140.31207
2026-08-28 22:00:00,136.4967130464687,140.66176,141.02734379224032,140.66176
2026-08-28 22:15:00,138.6940293320331,139.12704,140.72383934659305,139.12704
2026-08-28 22:30:00,143.5352377470866,139.77959,140.78994530776214,139.77959
2026-08-28 22:45:00,145.66123768763407,140.2965,140.84532979288636,140.2965
2026-08-28 23:00:00,143.06865033312832,142.01962,141.17136899495515,142.01962
2026-08-28 23:15:00,144.06128557810254,140.76706,140.61815396554616,140.76706
2026-08-28 23:30:00,140.92942329575834,140.51425,140.2099289949213,140.51425
2026-08-28 23:45:00,137.09628488605608,139.97542,140.41655839220877,139.97542
2026-08-29 00:00:00,53.61122720837564,66.3271,66.14631993006945,66.3271
2026-08-29 00:15:00,67.12962147333519,65.28212,65.73081022108916,65.28212
2026-08-29 00:30:00,61.66514858079981,64.60354,64.97230613636542,64.60354
2026-08-29 00:45:00,63.44668846041722,64.26746,65.24385974949928,64.26746
2026-08-29 01:00:00,54.96003937411,65.53465,64.6116003543785,65.53465
2026-08-29 01:15:00,69.15782434576612,65.052986,65.66775310853528,65.052986
2026-08-29 01:30:00,60.825347410865646,64.87558,64.73304914370856,64.87558
2026-08-29 01:45:00,59.1525883975819,65.02968,64.6560841644768,65.02968
2026-08-29 02:00:00,65.75526180101252,65.031906,64.88505527856375,65.031906
2026-08-29 02:15:00,60.85139339613308,65.169945,64.29120352922529,65.169945
2026-08-29 02:30:00,71.49896697441822,66.460396,65.13066821951658,66.460396
2026-08-29 02:45:00,57.34909224315263,65.05627,65.05254526903025,65.05627
2026-08-29 03:00:00,44.29794928542521,66.701454,66.56664615644237,66.701454
2026-08-29 03:15:00,59.42062853394212,65.7908,65.84772714714741,65.7908
2026-08-29 03:30:00,59.24954364987767,65.96686,66.27062298840234,65.96686
2026-08-29 03:45:00,97.1622591627933,64.27428,64.2845043770383,64.27428
2026-08-29 04:00:00,49.72140767214121,64.274925,64.89942449115733,64.274925
2026-08-29 04:15:00,73.9830364621061,64.598885,64.53870151028467,64.598885
2026-08-29 04:30:00,50.27573517559656,64.45142,65.24009712773409,64.45142
2026-08-29 04:45:00,41.580999480735656,66.52434,64.92148987386517,66.52434
2026-08-29 05:00:00,76.61977788125819,62.40479,64.04919224226181,62.40479
2026-08-29 05:15:00,84.26794749417238,63.9449,63.93236481944248,63.9449
2026-08-29 05:30:00,69.35771057828359,64.8826,64.53521430428268,64.8826
2026-08-29 05:45:00,60.74111330718878,65.45628,66.22490703735204,65.45628
2026-08-29 06:00:00,123.13172981120844,124.184525,121.79863562412449,124.184525
2026-08-29 06:15:00,162.64381268544523,145.19461,145.78750222102863,145.19461
2026-08-29 06:30:00,132.00359654985925,138.24124,138.20704927486756,138.24124
2026-08-29 06:45:00,136.56950874303874,139.04144,135.16326228866646,139.04144
2026-08-29 07:00:00,101.97864447952354,109.038086,108.6648888655217,109.038086
2026-08-29 07:15:00,126.69827894504972,121.46917,121.12228195103704,121.46917
2026-08-29 07:30:00,129.0301480181171,133.36383,135.0373906238704,133.36383
2026-08-29 07:45:00,155.06012350837955,140.47719,140.36459045887773,140.47719
2026-08-29 08:00:00,126.21321365020538,119.52199,116.66934036256379,119.52199
2026-08-29 08:15:00,86.116657994211,105.19336,101.10350115660847,105.19336
2026-08-29 08:30:00,103.70235483531415,110.57716,107.15567328661808,110.57716
2026-08-29 08:45:00,95.57594616633044,111.130974,104.91473082552204,111.130974
2026-08-29 09:00:00,124.28937892880634,107.122215,101.81678482915362,107.122215
2026-08-29 09:15:00,117.87178247143072,114.407005,105.6674745810952,114.407005
2026-08-29 09:30:00,93.70993882187074,95.76618,94.78861802336017,95.76618
2026-08-29 09:45:00,123.61579795642022,94.964096,110.16128583198788,94.964096
2026-08-29 10:00:00,52.94461257834016,64.75676,66.74951247618976,64.75676
2026-08-29 10:15:00,63.72027696080518,67.31448,76.50538393099364,67.31448
2026-08-29 10:30:00,72.06879819836723,64.24102,67.1701530419587,64.24102
2026-08-29 10:45:00,79.35738923435916,64.57495,66.82152070706705,64.57495
2026-08-29 11:00:00,57.20257197882885,63.580746,63.891980716692636,63.580746
2026-08-29 11:15:00,64.01462694046006,64.15469,64.51068449926912,64.15469
2026-08-29 11:30:00,86.56534795549965,64.84707,62.86013093239227,64.84707
2026-08-29 11:45:00,72.16853064913263,63.90419,63.97394797349681,63.90419
2026-08-29 12:00:00,67.36700549512392,63.74832,62.384910180994424,63.74832
2026-08-29 12:15:00,79.62337129349744,64.27356,64.37693508845459,64.27356
2026-08-29 12:30:00,61.74428191250182,65.20117,64.67455273033116,65.20117
2026-08-29 12:45:00,59.37993798475753,62.755787,63.544409010882326,62.755787
2026-08-29 13:00:00,80.43936238537583,64.41696,63.65506202059331,64.41696
2026-08-29 13:15:00,59.67637139779062,64.86261,64.50789025532444,64.86261
2026-08-29 13:30:00,63.51589211606719,62.98412,62.487287791810395,62.98412
2026-08-29 13:45:00,52.73343747909672,63.469765,63.92144546643762,63.469765
2026-08-29 14:00:00,72.41085132419053,64.290985,65.74129310675917,64.290985
2026-08-29 14:15:00,64.1880105936928,63.54862,64.34816992953218,63.54862
2026-08-29 14:30:00,66.43759124330006,66.21349,64.75047122166845,66.21349
2026-08-29 14:45:00,71.00253892183329,63.174156,62.815120087485994,63.174156
2026-08-29 15:00:00,78.31248170366177,64.278076,64.3585745819716,64.278076
2026-08-29 15:15:00,79.32851597526559,64.39214,65.06109045181663,64.39214
2026-08-29 15:30:00,64.21747633040461,65.12439,64.9089065807349,65.12439
2026-08-29 15:45:00,72.65467573608842,66.450386,66.177308621287,66.450386
2026-08-29 16:00:00,58.94595582028505,65.48474,64.50304158274812,65.48474
2026-08-29 16:15:00,63.59638950819517,67.75178,67.01159646516197,67.75178
2026-08-29 16:30:00,73.87409076907873,63.985435,64.39294797088357,63.985435
2026-08-29 16:45:00,74.2494218892878,64.49058,64.43133165158378,64.49058
2026-08-29 17:00:00,61.85980565097712,63.800472,64.30135077028893,63.800472
2026-08-29 17:15:00,79.32436315657236,65.348274,66.3678234641035,65.348274
2026-08-29 17:30:00,64.37532191591131,66.05328,65.83029734880208,66.05328
2026-08-29 17:45:00,70.12808658978544,66.18472,66.41360029286028,66.18472
2026-08-29 18:00:00,155.1662407484751,139.29091,139.65355884542265,139.29091
2026-08-29 18:15:00,126.84940564568656,143.25558,142.9400598952566,143.25558
2026-08-29 18:30:00,160.04879888928426,139.94466,140.94400736712925,139.94466
2026-08-29 18:45:00,143.05546382121298,138.79034,139.14407731818955,138.79034
2026-08-29 19:00:00,146.06335276318023,141.12418,140.93518814724163,141.12418
2026-08-29 19:15:00,147.39687508700837,141.85301,141.91635313308421,141.85301
2026-08-29 19:30:00,134.51577251727704,137.93358,138.09815574434427,137.93358
2026-08-29 19:45:00,145.07127122440733,130.23946,126.94736458806747,130.23946
2026-08-29 20:00:00,130.24287665249042,140.53664,140.37223174012877,140.53664
2026-08-29 20:15:00,150.74284034465518,141.52571,141.10768063466384,141.52571
2026-08-29 20:30:00,144.59688094265107,141.13292,140.37941727334402,141.13292
2026-08-29 20:45:00,148.6009352118755,140.70895,140.8409930103721,140.70895
2026-08-29 21:00:00,143.59715507352743,140.52434,140.07832525782615,140.52434
2026-08-29 21:15:00,139.7358613005586,134.739,133.9970017061977,134.739
2026-08-29 21:30:00,128.3531052509586,138.67943,139.2576946751872,138.67943
2026-08-29 21:45:00,144.9574775808647,138.5617,139.50791336737802,138.5617
2026-08-29 22:00:00,154.5173264445589,140.68138,140.1353468911029,140.68138
2026-08-29 22:15:00,143.06149943771132,141.01103,140.49637639287948,141.01103
2026-08-29 22:30:00,129.6592550452107,141.32057,141.1748798316858,141.32057
2026-08-29 22:45:00,155.3546840290419,142.13646,140.97284636371324,142.13646
2026-08-29 23:00:00,129.81857715370091,141.19653,140.27565712974297,141.19653
2026-08-29 23:15:00,130.1503420876801,141.26163,141.03482203421052,141.26163
2026-08-29 23:30:00,129.47878514047613,140.84348,140.64416085002676,140.84348
2026-08-29 23:45:00,145.8075248641031,141.51297,141.47957579450096,141.51297
2026-08-30 00:00:00,65.98212840064852,66.97993,66.56888057669411,66.97993
2026-08-30 00:15:00,61.73742011906027,64.85026,64.68176172946582,64.85026
2026-08-30 00:30:00,62.57367860146756,64.658165,64.86410102447579,64.658165
2026-08-30 00:45:00,55.278615718770666,65.687904,66.31194332386255,65.687904
2026-08-30 01:00:00,65.39375561129205,65.47752,64.9028713003782,65.47752
2026-08-30 01:15:00,77.48526007053763,65.92116,64.93128567638703,65.92116
2026-08-30 01:30:00,68.9282298297704,65.27496,65.2172475542259,65.27496
2026-08-30 01:45:00,56.68082649643365,64.716774,64.97430830864052,64.716774
2026-08-30 02:00:00,70.01208350164389,64.32269,65.37403455690246,64.32269
2026-08-30 02:15:00,62.94439579264224,65.440125,65.58047281939791,65.440125
2026-08-30 02:30:00,64.51540853328883,65.35246,65.37166594777571,65.35246
2026-08-30 02:45:00,74.39639942921234,65.518456,65.37936792928372,65.518456
2026-08-30 03:00:00,65.2752166007746,66.15195,65.42077460823334,66.15195
2026-08-30 03:15:00,56.245653812272096,65.80352,66.16742682549638,65.80352
2026-08-30 03:30:00,66.07670558981727,64.6343,65.59213487441446,64.6343
2026-08-30 03:45:00,60.1487394882702,69.20093,99.06204074824765,69.20093
2026-08-30 04:00:00,53.32629243682696,63.432407,64.19427404930317,63.432407
2026-08-30 04:15:00,61.33868907811361,64.3539,65.07200813345364,64.3539
2026-08-30 04:30:00,59.48221225150038,63.7875,65.44884409694745,63.7875
2026-08-30 04:45:00,82.59850949543568,64.26871,61.92404055847975,64.26871
2026-08-30 05:00:00,61.969864599216166,64.89067,65.41118210498678,64.89067
2026-08-30 05:15:00,71.19508314193062,69.37638,65.92925774853211,69.37638
2026-08-30 05:30:00,58.490914895297024,64.46971,64.733670881848,64.46971
2026-08-30 05:45:00,67.91992451650012,66.728546,64.91662241052356,66.728546
2026-08-30 06:00:00,145.04935698599118,145.79791,144.4804498379636,145.79791
2026-08-30 06:15:00,144.03377360588547,140.93448,144.24598900178512,140.93448
2026-08-30 06:30:00,147.45891498904862,142.89763,140.03327815113292,142.89763
2026-08-30 06:45:00,131.4714351328705,134.51117,132.25250134692072,134.51117
2026-08-30 07:00:00,134.2998160329045,118.77107,132.99588425104457,118.77107
2026-08-30 07:15:00,148.10739722720177,134.40361,133.58949361043608,134.40361
2026-08-30 07:30:00,119.87525984813271,134.12706,132.71490359190673,134.12706
2026-08-30 07:45:00,118.37833896444428,105.18547,107.03318493915643,105.18547
2026-08-30 08:00:00,112.71089384061764,132.7771,133.40342431821045,132.7771
2026-08-30 08:15:00,120.71301469873865,98.840225,93.09724388174283,98.840225
2026-08-30 08:30:00,138.789567884016,123.36512,138.8297793226506,123.36512
2026-08-30 08:45:00,87.5077323359026,114.458015,121.11902280306742,114.458015
2026-08-30 09:00:00,111.42958125093168,114.88421,112.44075626303197,114.88421
2026-08-30 09:15:00,109.92044125675278,114.837456,120.47895228006539,114.837456
2026-08-30 09:30:00,93.78822988618248,101.94223,81.21744448653929,101.94223
2026-08-30 09:45:00,103.74982101536168,114.712234,109.11771003397565,114.712234
2026-08-30 10:00:00,62.98613590948375,66.61923,66.68719204279405,66.61923
2026-08-30 10:15:00,71.94849404091194,67.22328,68.29888867236335,67.22328
2026-08-30 10:30:00,58.36552484211773,66.02677,67.83297530064587,66.02677
2026-08-30 10:45:00,71.09240704229077,67.901726,69.90697576609175,67.901726
2026-08-30 11:00:00,50.5054125956129,65.055504,64.9298644943723,65.055504
2026-08-30 11:15:00,57.55354383204999,65.37851,65.4133998735669,65.37851
2026-08-30 11:30:00,68.30034245378937,68.13129,68.12520260513912,68.13129
2026-08-30 11:45:00,65.76789413402265,65.23484,65.18308051141321,65.23484
2026-08-30 12:00:00,65.54970040907234,65.1843,66.12441770329832,65.1843
2026-08-30 12:15:00,100.66507569624795,65.72218,66.57557098142405,65.72218
2026-08-30 12:30:00,76.6310215269095,65.25665,65.49833461316013,65.25665
2026-08-30 12:45:00,55.41896599356997,65.155495,64.6834856565542,65.155495
2026-08-30 13:00:00,54.19302094300499,65.486626,66.42372059199175,65.486626
2026-08-30 13:15:00,58.21264789789932,68.23988,66.275835632137,68.23988
2026-08-30 13:30:00,57.41863072505316,65.15135,65.47474151099185,65.15135
2026-08-30 13:45:00,77.45245056393927,65.29073,65.26716899987456,65.29073
2026-08-30 14:00:00,48.89486092353545,66.303894,66.47893087539407,66.303894
2026-08-30 14:15:00,65.37577227890733,64.99609,65.29263209042203,64.99609
2026-08-30 14:30:00,69.47179656482494,64.34547,64.80512582045999,64.34547
2026-08-30 14:45:00,76.24598630381482,65.261375,66.10282415260689,65.261375
2026-08-30 15:00:00,51.26944476927577,66.007935,67.18863447904351,66.007935
2026-08-30 15:15:00,56.07702350809629,66.33757,67.49242410985957,66.33757
2026-08-30 15:30:00,58.99382341604947,65.17812,65.56741672909901,65.17812
2026-08-30 15:45:00,72.28400537386406,65.35506,66.25152106398492,65.35506
2026-08-30 16:00:00,48.95583451091472,63.581047,65.4057871929021,63.581047
2026-08-30 16:15:00,62.33314911763739,65.088295,65.36161104349443,65.088295
2026-08-30 16:30:00,72.72984008240161,64.738716,65.60051747352884,64.738716
2026-08-30 16:45:00,57.97199647492369,62.35895,64.38212977730605,62.35895
2026-08-30 17:00:00,57.33307428304656,64.68937,65.83010697957147,64.68937
2026-08-30 17:15:00,66.30204224090828,65.51628,65.54018817896093,65.51628
2026-08-30 17:30:00,81.26402378422198,63.98487,65.17501705451363,63.98487
2026-08-30 17:45:00,53.78639936020659,64.79652,65.31307420955727,64.79652
2026-08-30 18:00:00,127.10026139750582,138.13321,137.34523155935233,138.13321
2026-08-30 18:15:00,153.23725038817187,141.01976,139.10403729056523,141.01976
2026-08-30 18:30:00,131.40518534686083,142.06567,142.08403100239954,142.06567
2026-08-30 18:45:00,142.5645482434186,140.24797,140.93428819860296,140.24797
2026-08-30 19:00:00,158.73362081513395,141.05396,141.03693423936159,141.05396
2026-08-30 19:15:00,148.79517963248404,140.70355,141.06834199882277,140.70355
2026-08-30 19:30:00,135.08573149059728,136.55244,137.589072394507,136.55244
2026-08-30 19:45:00,134.3059905745378,141.65424,141.12048203808894,141.65424
2026-08-30 20:00:00,137.9324765468006,139.48872,139.25603881075187,139.48872
2026-08-30 20:15:00,164.10138497118476,140.07169,140.40656557676795,140.07169
2026-08-30 20:30:00,144.84726422793509,141.22386,141.28072319778366,141.22386
2026-08-30 20:45:00,133.3385405836607,140.1096,140.57345010529772,140.1096
2026-08-30 21:00:00,135.93637702113062,141.40941,139.93338910226538,141.40941
2026-08-30 21:15:00,149.54575330011653,139.3012,139.34960987487077,139.3012
2026-08-30 21:30:00,150.47589610218236,138.34993,138.96158209027004,138.34993
2026-08-30 21:45:00,147.03465070825322,139.19965,139.48974550538202,139.19965
2026-08-30 22:00:00,128.05468804200152,141.54878,141.0064444377759,141.54878
2026-08-30 22:15:00,146.82755921989047,139.72398,140.00772665123455,139.72398
2026-08-30 22:30:00,137.05961144512577,139.58394,140.20660909361573,139.58394
2026-08-30 22:45:00,146.6582058489254,140.02531,140.5527889334917,140.02531
2026-08-30 23:00:00,130.0239769575641,139.63167,140.32817395967564,139.63167
2026-08-30 23:15:00,130.6399866082778,142.17468,140.3317761085955,142.17468
2026-08-30 23:30:00,156.6645560352481,141.12434,140.28898496338755,141.12434
2026-08-30 23:45:00,123.52236021481568,142.21384,141.0667325961031,142.21384
2026-08-31 00:00:00,53.72837803676544,64.69259,63.668214218823834,64.69259
2026-08-31 00:15:00,62.89501391307353,64.65812,65.13536479631715,64.65812
2026-08-31 00:30:00,54.25167608180737,64.738785,64.84882081133314,64.738785
2026-08-31 00:45:00,53.33790902223943,65.45477,65.3493736855657,65.45477
2026-08-31 01:00:00,59.20476166358233,65.99468,66.14854641058359,65.99468
2026-08-31 01:15:00,76.03728070376027,65.254814,64.95305826727697,65.254814
2026-08-31 01:30:00,59.59238364220393,73.67555,74.61653841565072,73.67555
2026-08-31 01:45:00,52.24672466667488,65.50108,69.49499322723905,65.50108
2026-08-31 02:00:00,47.33052541646747,64.26391,63.536469468195534,64.26391
2026-08-31 02:15:00,86.73983743603777,63.471992,64.68152816282866,63.471992
2026-08-31 02:30:00,85.03560032873946,63.89429,64.04758560422589,63.89429
2026-08-31 02:45:00,60.97639442019508,66.31528,66.5741754373193,66.31528
2026-08-31 03:00:00,61.26564159883796,66.31586,66.01536318150089,66.31586
2026-08-31 03:15:00,55.37260239904353,65.80412,66.45104175345095,65.80412
2026-08-31 03:30:00,63.714188411851445,66.24443,66.58672005495008,66.24443
2026-08-31 03:45:00,66.24914154866606,64.700966,64.65469919850914,64.700966
2026-08-31 04:00:00,51.09006496906993,63.94026,64.52232533265946,63.94026
2026-08-31 04:15:00,74.97969858247384,67.07194,65.27057414174452,67.07194
2026-08-31 04:30:00,58.76230337615744,65.082466,63.071283406792,65.082466
2026-08-31 04:45:00,67.65319363323812,64.86989,65.75105719808353,64.86989
2026-08-31 05:00:00,58.83100644516396,65.305595,64.90988112467662,65.305595
2026-08-31 05:15:00,51.28264075904104,65.492584,64.69418184083419,65.492584
2026-08-31 05:30:00,74.45264376297824,64.460106,64.07534582374775,64.460106
2026-08-31 05:45:00,65.59777884130668,64.62933,64.42343152349692,64.62933
2026-08-31 06:00:00,133.64598346540987,131.63632,133.65045089987865,131.63632
2026-08-31 06:15:00,141.6826197312012,145.35231,144.48559384764167,145.35231
2026-08-31 06:30:00,129.71622500566858,146.64682,146.41575563466694,146.64682
2026-08-31 06:45:00,119.8566861948638,126.0254,128.12928220792443,126.0254
2026-08-31 07:00:00,134.1394916268034,130.83476,132.86230361785726,130.83476
2026-08-31 07:15:00,139.2075012650252,136.11304,137.16664700580833,136.11304
2026-08-31 07:30:00,93.12204527865948,116.62634,114.78699155016406,116.62634
2026-08-31 07:45:00,91.0333597438955,117.752495,115.70073327651662,117.752495
2026-08-31 08:00:00,341.6745318030971,236.1062,207.3476329855761,236.1062
2026-08-31 08:15:00,349.8233672997976,333.6525,332.6928350594925,333.6525
2026-08-31 08:30:00,350.69360470985646,326.56186,373.02983784837033,326.56186
2026-08-31 08:45:00,363.4725258716828,250.36931,185.50446989010646,250.36931
2026-08-31 09:00:00,340.1744014312998,337.82132,347.2675499806924,337.82132
2026-08-31 09:15:00,339.46127082047985,342.66003,347.6245812124791,342.66003
2026-08-31 09:30:00,314.66238833360933,331.37112,336.67441475386755,331.37112
2026-08-31 09:45:00,333.6797434387183,344.5746,352.4678433516311,344.5746
2026-08-31 10:00:00,306.2432066834048,293.6658,294.8246901317265,293.6658
2026-08-31 10:15:00,288.62046798618786,297.90924,297.10082811027144,297.90924
2026-08-31 10:30:00,306.584203901196,299.48495,301.4904217860378,299.48495
2026-08-31 10:45:00,320.53925121193186,306.7146,305.83230409245914,306.7146
2026-08-31 11:00:00,286.6980969611065,299.89865,297.8976241808189,299.89865
2026-08-31 11:15:00,282.3155931911522,300.6276,299.6603294065338,300.6276
2026-08-31 11:30:00,284.3306342080224,305.25537,306.34241777987535,305.25537
2026-08-31 11:45:00,274.81921663236363,296.106,294.3030680549054,296.106
2026-08-31 12:00:00,288.9094110800784,297.96698,296.7857348281994,297.96698
2026-08-31 12:15:00,293.51037235682765,300.53302,278.13340211891244,300.53302
2026-08-31 12:30:00,314.7776205686878,297.47073,296.5246597215199,297.47073
2026-08-31 12:45:00,300.25151166162885,295.98715,296.3437637313128,295.98715
2026-08-31 13:00:00,297.5244842876959,304.00616,302.363425438387,304.00616
2026-08-31 13:15:00,303.4586617362469,302.8456,300.7467932415782,302.8456
2026-08-31 13:30:00,292.062606585273,303.13974,301.73970693720383,303.13974
2026-08-31 13:45:00,267.84242730552467,297.56064,297.94819730914105,297.56064
2026-08-31 14:00:00,295.5897392853543,290.79355,290.4844535225651,290.79355
2026-08-31 14:15:00,281.8409082532778,288.49335,287.5792171067053,288.49335
2026-08-31 14:30:00,312.2693271411231,300.7391,299.2345621065564,300.7391
2026-08-31 14:45:00,317.010392265498,301.1531,300.0758574513658,301.1531
2026-08-31 15:00:00,319.90826175340266,297.20267,297.43539751335385,297.20267
2026-08-31 15:15:00,291.95877330464504,297.1688,296.39199197591955,297.1688
2026-08-31 15:30:00,273.9976215174828,293.0517,291.75711096791287,293.0517
2026-08-31 15:45:00,309.6137283390025,295.7549,296.50942662988393,295.7549
2026-08-31 16:00:00,281.4824491908336,280.91037,281.1627366626438,280.91037
2026-08-31 16:15:00,274.1480534359156,292.6097,293.00050827829506,292.6097
2026-08-31 16:30:00,296.33062082766634,290.2046,290.8121967359382,290.2046
2026-08-31 16:45:00,289.69850219172355,283.94287,283.0241009521688,283.94287
2026-08-31 17:00:00,283.14942198060646,284.79288,284.4662373139356,284.79288
2026-08-31 17:15:00,307.46777605954713,289.6395,290.5977411077655,289.6395
2026-08-31 17:30:00,273.37571195990483,290.76138,290.3433906646193,290.76138
2026-08-31 17:45:00,280.5899566498165,288.9435,286.8902718654128,288.9435
2026-08-31 18:00:00,142.08185181849134,149.02199,149.4813074065289,149.02199
2026-08-31 18:15:00,147.7406638894232,135.93063,140.5309186704463,135.93063
2026-08-31 18:30:00,144.81253877816897,142.09554,139.53803811368093,142.09554
2026-08-31 18:45:00,145.59848480826423,139.14513,139.4574013408153,139.14513
2026-08-31 19:00:00,173.4970900738115,140.55304,142.66854850744247,140.55304
2026-08-31 19:15:00,154.71469272652496,136.44572,138.6223534138861,136.44572
2026-08-31 19:30:00,133.27236903513457,138.46008,139.74578323748486,138.46008
2026-08-31 19:45:00,140.40088448164292,141.70084,140.29876372691822,141.70084
2026-08-31 20:00:00,115.07658723550044,156.15463,168.62106593337163,156.15463
2026-08-31 20:15:00,145.10182364992954,141.97116,142.59950072970997,141.97116
2026-08-31 20:30:00,136.75805757657344,142.7322,142.05041437160185,142.7322
2026-08-31 20:45:00,155.255195012685,139.7122,140.17817216858765,139.7122
2026-08-31 21:00:00,149.22306320994772,149.36153,142.49205047225868,149.36153
2026-08-31 21:15:00,142.92820629443509,139.83018,140.75808190398183,139.83018
2026-08-31 21:30:00,153.32109825854835,139.85756,140.6315317671087,139.85756
2026-08-31 21:45:00,127.52157940233974,140.57402,139.91888259993306,140.57402
2026-08-31 22:00:00,141.21120994717637,140.10042,140.19543776637087,140.10042
2026-08-31 22:15:00,165.104536491474,140.27371,140.64509307962444,140.27371
2026-08-31 22:30:00,135.74782222191996,139.88411,141.35908918201127,139.88411
2026-08-31 22:45:00,123.79322239655264,140.3386,140.88847341966556,140.3386
2026-08-31 23:00:00,164.49266497198127,142.36334,140.38156870902765,142.36334
2026-08-31 23:15:00,140.7962938668557,143.11488,140.8735673906893,143.11488
2026-08-31 23:30:00,135.4922456212566,140.20291,141.41081959016267,140.20291
2026-08-31 23:45:00,144.77555555004892,140.5347,139.77035157558572,140.5347
2026-09-01 00:00:00,63.099644942518864,64.457596,48.88498234700426,64.457596
